no,pair_id,source_type,label,turn_count,history,response,source,persona,scenario,orig_reason,room_id,origin_room,difficulty,party,register,style
1,p0,matched,적절,3,"선임: 진행하면서 새로 확인한 내용이 있어요.
나: 문제는 해결됐나요?
선임: 어제 배포한 버전은 현재까지 특이사항이 없습니다","오, 결과가 나왔군요. 어떤 과정으로 해결됐는지도 궁금합니다. 시간이나 준비해야 할 내용도 같이 바뀐 건 없나요?",v2,직장 관계(상사·동료),업무 대화,P4,,,,,,
2,p1,matched,적절,1,친구: 팀에서 내 역할이 자꾸 바뀌니까 내가 필요한 사람인지 모르겠어,계속 마음에 걸렸겠네. 지금 느끼는 걸 더 말해도 괜찮아. 요즘 특히 더 힘들게 느껴지는 순간이 언제야?,v2,친구,고민·감정 상담,P4,,,,,,
3,p2,matched,적절,1,아빠: 내일 병원에서 검사 결과를 듣는데 같이 가줄 수 있니?,"응, 몇 시까지 가면 되는지 알려줘. 시간 맞춰서 같이 갈게.",v2,부모님,질문·요청,P2,,,,,,
4,p3,matched,적절,2,"나: 아까부터 표정이 안 좋아 보이던데 무슨 일 있어?
연인: 지금은 혼자 해결하려 하지 말고 주변에 도움을 구해보려고 해","그래. 당장은 그 계획대로 해보고, 필요하면 다시 조정하자.",v2,연인,고민·감정 상담,P5,,,,,,
5,p4,matched,적절,3,"아빠: 이번 주 가족 모임 참석자 명단에 이모도 추가해줄래?
나: 응, 성함만 다시 알려줘.
아빠: 박정희로 추가하면 돼.","응, 명단에 추가하고 빠진 사람이 없는지도 다시 확인할게.",v2,부모님,질문·요청,P2,,,,,,
6,p5,matched,적절,1,동료: 역할 분담은 다음 회의에서 다시 정하는 것으로 하겠습니다,그럼 다음부터는 지금 합의한 방식으로 진행하죠. 지금은 추가로 바꿀 건 없어 보여.,v2,직장 관계(상사·동료),갈등 상황,P5,,,,,,
7,p6,matched,적절,2,"나: 서로 불편했던 부분은 한번 정리했으면 해.
아빠: 다음부터 약속을 바꾸기 전에 먼저 말해줄래?",알겠어. 다음부터는 먼저 이야기하고 네 의견을 확인할게. 다음부터는 당사자와 먼저 상의할게.,v2,부모님,갈등 상황,P2,,,,,,
8,p7,matched,적절,3,"엄마: 그러고 보니 얘기해줄 게 있어.
나: 그래서 어떻게 됐어?
엄마: 퇴근길에 노을이 예뻐서 사진을 한참 찍었어",직접 해보니 느낌이 달랐겠다. 그 뒤에 이어진 일도 있었는지 궁금하다. 사진도 찍었어? 실제로 본 색감이 더 예뻤겠다.,v2,부모님,일상 대화,P4,,,,,,
9,p8,matched,적절,4,"나: 어디서부터 시작해야 할지 막히셨나요?
동료: 어디서부터 시작해야 할지 감이 오지 않습니다.
나: 네, 조금 더 구체적으로 말씀해주세요.
동료: 일이 한꺼번에 겹쳤을 때 우선순위를 어떻게 정해야 할까요?","우선 마감이 임박한 일과 다른 사람 작업을 막고 있는 일을 먼저 나누고, 나머지 범위와 기한은 담당자와 다시 합의해요. 그다음 결과를 보고 다음 단계를 정하면 됩니다.",v2,직장 관계(상사·동료),고민·감정 상담,P3,,,,,,
10,p9,matched,적절,2,"나: 현재 기준으로 결정된 내용이 있나요?
팀장: 공사 때문에 주차장은 토요일 오전에 이용할 수 없대","응, 전달한 내용대로 알고 있을게. 일정이 가까워지면 한 번 더 확인하죠.",v2,직장 관계(상사·동료),정보 공유,P5,,,,,,
11,p10,matched,적절,4,"나: 진행하다가 막힌 부분이 있으신가요?
선배: 급한 건 아니지만 부탁 하나 드려도 될까요?
나: 네, 어떤 부분을 도와드리면 될까요?
선배: 회의 시간을 네 시로 변경해서 참석자들에게 알려주시겠어요?","네, 제가 대신 참석하고 주요 내용은 정리해서 공유드리겠습니다. 완료되면 결과를 같이 확인하죠.",v2,선후배,업무 대화,P2,,,,,,
12,p11,matched,적절,1,형: 병원 예약이 다음 주 화요일 오전 열 시로 잡혔어. 캘린더에 적어줄래?,"응, 인원과 시간 확인해서 예약해둘게. 혹시 문제가 생기면 먼저 말할게.",v2,형제·자매,정보 공유,P2,,,,,,
13,p12,matched,적절,2,"나: 그 뒤에 어떻게 됐는지 궁금했어.
아빠: 처음으로 자전거 타고 출근했는데 생각보다 할 만했어",생각보다 기억에 남는 일이었나 보네. 그 경험이 왜 기억에 남았는지 알고 싶어. 직접 해보니 힘든 점보다 좋았던 점이 더 컸어?,v2,부모님,일상 대화,P4,,,,,,
14,p13,matched,적절,2,"나: 아까 분위기가 안 좋았는데 무슨 일이었어?
엄마: 문제가 있으면 공개적으로 말하기 전에 나한테 먼저 알려주세요",알겠어. 다음부터는 먼저 이야기하고 네 의견을 확인할게. 요청한 부분만 정확히 반영할게.,v2,부모님,갈등 상황,P2,,,,,,
15,p14,matched,적절,4,"나: 지난번에 물어본 건 답 왔어?
친구: 일정이 정해져서 미리 알려주려고 했어.
나: 그래, 현재 상황이 어떻게 돼?
친구: 그 내용은 다른 사람들에게도 공유해도 돼?","응, 그 내용은 공유해도 돼. 추가로 확인되는 게 있으면 이어서 알려줘.",v2,친구,질문·요청,P5,,,,,,
16,p15,matched,적절,4,"나: 오늘 배포할 내용 남았어?
동생: 응, 수정한 화면을 QA 환경에 올려줄 수 있어?
나: 몇 시까지 필요해?
동생: 세 시 전까지면 돼.","응, 두 시 반까지 올리고 동작 확인도 한 번 해볼게.",v2,형제·자매,업무 대화,P2,,,,,,
17,p16,matched,적절,2,"나: 확인해드릴 내용이 있나요?
팀장: 오류가 발생한 계정 목록을 정리해서 공유해주실 수 있나요?","네, 확인된 계정을 정리해서 오늘 안에 공유드리겠습니다. 필요한 시간에 맞춰둘게.",v2,직장 관계(상사·동료),업무 대화,P2,,,,,,
18,p17,matched,적절,2,"나: 아까 고민되는 게 있다고 했지?
오빠: 김치냉장고에서 소리가 나는데 바로 서비스센터에 연락해야 할까?",내 생각에는 평소와 다른 큰 소리가 계속 나면 모델명과 소리가 나는 상황을 적어두고 서비스센터에 문의하는 게 안전해. 해결되지 않으면 조건을 하나씩 빼면서 원인을 좁혀봐.,v2,형제·자매,질문·요청,P3,,,,,,
19,p18,matched,적절,1,선임: 회의 자료의 수치와 원본 데이터를 대조해주실 수 있을까요?,"네, 제가 대신 참석하고 주요 내용은 정리해서 공유드리겠습니다. 빠뜨리지 않도록 메모해두겠습니다.",v2,직장 관계(상사·동료),업무 대화,P2,,,,,,
20,p19,matched,적절,1,연인: 요즘 야근이 계속돼서 생활 리듬이 완전히 깨졌어.,계속 제대로 못 쉬었구나. 오늘은 일 생각 잠깐 내려놓고 일찍 쉬자.,v2,연인,일상 대화,P1,,,,,,
21,p20,matched,적절,2,"나: 선택지 때문에 망설이는 부분이 있나요?
후배: 실수한 일이 계속 마음에 남는데 어떻게 털어내면 좋을까요?","이 경우에는 지금 확인할 수 있는 사실과 원하는 결과를 먼저 나눈 뒤, 바로 실행할 수 있는 한 가지부터 시작해봐. 해본 뒤 마음이 더 복잡해지면 믿을 만한 사람에게 다시 이야기해봐.",v2,선후배,고민·감정 상담,P3,,,,,,
22,p21,matched,적절,2,"나: 내가 놓친 게 있으면 말해줘.
아빠: 내 물건을 쓰기 전에 한마디만 해줄래?",알겠어. 다음부터는 먼저 이야기하고 네 의견을 확인할게. 오늘 일정 안에서 처리해둘게.,v2,부모님,갈등 상황,P2,,,,,,
23,p22,matched,적절,1,동료: 실수한 일이 계속 마음에 남는데 어떻게 털어내면 좋을까요?,"가장 먼저 지금 확인할 수 있는 사실과 원하는 결과를 먼저 나눈 뒤, 바로 실행할 수 있는 한 가지부터 시작해봐. 대화가 격해지면 잠깐 멈추고 다시 이야기할 시간을 정해봐.",v2,직장 관계(상사·동료),고민·감정 상담,P3,,,,,,
24,p23,matched,적절,3,"친구: 사실 요즘 마음에 걸리는 게 있어.
나: 혼자 계속 생각하고 있었던 거야?
친구: 부모님과 진로 얘기만 하면 자꾸 다투게 돼서 답답해",그 상황이면 누구라도 힘들었을 거야. 조금 가라앉으면 다음 일을 같이 생각해보자.,v2,친구,고민·감정 상담,P1,,,,,,
25,p24,matched,적절,1,후배: 일을 쉬고 있는데 앞으로 뭘 해야 할지 막막해요,기대했던 만큼 더 속상했겠다. 네 마음부터 챙기는 게 먼저인 것 같아요.,v2,선후배,고민·감정 상담,P1,,,,,,
26,p25,matched,적절,2,"나: 신경 쓰이는 일이 있으신 것 같아요.
선배: 혼자 밥 먹는 날이 계속되니까 생각보다 외롭더라",혼자 버티느라 많이 지쳤겠네요. 필요하면 제가 옆에서 같이 정리해보겠습니다.,v2,선후배,일상 대화,P1,,,,,,
27,p26,matched,적절,4,"나: 감정 더 상하기 전에 차분히 얘기하자.
엄마: 내가 불편했던 부분을 말하고 싶어.
나: 응, 차분히 들어볼게.
엄마: 다음부터 약속을 바꾸기 전에 먼저 말해줄래?",알겠어. 다음부터는 먼저 이야기하고 네 의견을 확인할게. 앞으로는 결정 전에 한 번 더 이야기하자.,v2,부모님,갈등 상황,P2,,,,,,
28,p27,matched,적절,3,"연인: 방법을 몇 가지 찾아봤는데 뭐가 맞는지 모르겠어.
나: 선택지가 어떻게 되는데?
연인: React에서 useEffect가 계속 반복 실행되는데 어디부터 확인해야 할까?","복잡하게 보기보다 의존성 배열에 매 렌더링마다 새로 만들어지는 함수나 객체가 들어가는지 먼저 확인하고, 필요하면 useCallback이나 useMemo로 참조를 고정해봐. 문제가 생긴 직전 변경 사항부터 역순으로 확인해봐.",v2,연인,질문·요청,P3,,,,,,
29,p28,matched,적절,3,"연인: 현재 상황만 간단히 알려줄게.
나: 시간은 그대로야?
연인: 배송지를 회사로 바꿔도 괜찮아?",회사로 변경해도 문제없어. 필요하면 그때 다시 조정하자.,v2,연인,질문·요청,P5,,,,,,
30,p29,matched,적절,2,"나: 지금 기준으로 정해진 게 있어?
아빠: 오늘 회의는 세 시에서 네 시로 변경됐어요","좋아, 그 내용은 기억해둘게. 변경된 부분은 메모해둘게. 시간이나 준비해야 할 내용도 같이 바뀐 건 없어?",v2,부모님,정보 공유,P4,,,,,,
31,p30,matched,적절,4,"나: 현재 기준으로 결정된 내용이 있나요?
선배: 관련된 분들과 이야기해서 정리했습니다.
나: 네, 어떻게 정해졌나요?
선배: 오늘 회의는 세 시에서 네 시로 변경됐어요",확인했습니다. 공유된 일정과 기준에 맞춰 진행하겠습니다. 관련된 사람에게도 같은 내용으로 전달하겠습니다.,v2,선후배,업무 대화,P5,,,,,,
32,p31,matched,적절,3,"선배: 확인된 내용이 있어서 말씀드리려고 합니다.
나: 그 기준으로 진행하면 되는 건가요?
선배: 보고서 검토는 팀장님 확인 후 마무리하겠습니다","네, 전달해주신 내용대로 업무를 진행하겠습니다. 그 내용은 제가 메모해두겠습니다.",v2,선후배,업무 대화,P5,,,,,,
33,p32,matched,적절,4,"나: 아까부터 표정이 좋지 않던데 무슨 일 있으세요?
후배: 어디서부터 말씀드려야 할지 모르겠는데 조금 힘듭니다.
나: 지금 가장 힘든 부분이 무엇인가요?
후배: 부모님과 진로 얘기만 하면 자꾸 다투게 돼서 답답해요",그 말을 꺼내는 것도 쉽지 않았겠다. 한 번의 결과로 네 노력이 사라지는 건 아니야.,v2,선후배,고민·감정 상담,P1,,,,,,
34,p33,matched,적절,2,"나: 마음에 걸리는 일 있으면 편하게 말해.
아빠: 요즘 친구들을 만나도 혼자인 느낌이 들어",계속 신경 쓰였을 텐데 잘 말해줬어. 혼자 감당하지 말고 힘들면 나한테 말해.,v2,부모님,고민·감정 상담,P1,,,,,,
35,p34,matched,적절,3,"오빠: 하나만 도와줄 수 있어?
나: 응, 구체적으로 얘기해봐.
오빠: 숙소 체크인은 세 시부터 가능하대. 이동 시간 다시 계산해줄래?","응, 내가 맡아서 확인해볼게. 요청한 부분만 정확히 반영할게.",v2,형제·자매,정보 공유,P2,,,,,,
36,p35,matched,적절,4,"나: 방법을 같이 생각해봤으면 하는 부분이 있나요?
팀장: 어떻게 하는 게 좋을지 고민되는 부분이 있어요.
나: 어떤 기준으로 결정하고 싶으신가요?
팀장: 업무가 한꺼번에 몰렸을 때 우선순위를 어떻게 정하는 게 좋을까요?","우선 마감이 임박한 일과 다른 사람 작업을 막고 있는 일을 먼저 나누고, 나머지 범위와 기한은 담당자와 다시 합의해요. 우선순위가 애매하면 마감과 영향 범위부터 비교해봐.",v2,직장 관계(상사·동료),업무 대화,P3,,,,,,
37,p36,matched,적절,3,"후배: 배포 이후 상황을 확인해봤어요.
나: 예상했던 결과와 비슷한가요?
후배: 이번 주 보고서는 예상보다 빨리 마무리됐습니다","오, 결과가 나왔군요. 후속 작업에 영향이 있는지도 궁금합니다. 진행하면서 예상과 달랐던 부분은 없었어?",v2,선후배,업무 대화,P4,,,,,,
38,p37,matched,적절,2,"나: 확인해드릴 내용이 있나요?
동료: 이 얘기를 어디서부터 풀어야 할지 모르겠어요. 조금만 들어줘","응, 제가 맡아서 확인해보겠습니다. 진행 상태도 중간에 알려드릴게요.",v2,직장 관계(상사·동료),고민·감정 상담,P2,,,,,,
39,p38,matched,적절,2,"나: 전에 말한 일 결과 나왔어?
언니: 방 정리하다가 예전 여행 사진을 잔뜩 찾았어",그 얘기 들으니 궁금해진다. 의외였던 부분도 있었을 것 같네. 사진 보면서 가장 먼저 떠오른 기억은 뭐였어?,v2,형제·자매,일상 대화,P4,,,,,,
40,p39,matched,적절,4,"나: 요즘 기운이 없어 보이는데 괜찮아?
후배: 집에만 있으면 괜히 기분이 가라앉는 날이 많아졌어요.
나: 최근에 특별히 힘든 일이 있었어?
후배: 뚜렷한 이유는 없는데 자꾸 의욕이 없어져요.",그럴 때는 이유를 당장 찾아내려고 애쓰지 않아도 돼. 며칠 더 계속되면 혼자 견디지 말고 주변에 도움도 요청해봐.,v2,선후배,일상 대화,P1,,,,,,
41,p40,matched,적절,3,"선배: 비슷한 경험이 있으시면 조언을 듣고 싶습니다.
나: 어떤 점이 가장 고민되세요?
선배: 실수한 일이 계속 마음에 남는데 어떻게 털어내면 좋을까요?","내 생각에는 지금 확인할 수 있는 사실과 원하는 결과를 먼저 나눈 뒤, 바로 실행할 수 있는 한 가지부터 시작해봐. 지금 당장 해결하려 하기보다 대화할 수 있는 시간을 먼저 잡아봐.",v2,선후배,고민·감정 상담,P3,,,,,,
42,p41,matched,적절,4,"나: 마음에 걸리는 일 있으면 편하게 말해.
친구: 사실 요즘 마음에 걸리는 게 있어.
나: 혼자 계속 생각하고 있었던 거야?
친구: 요즘은 퇴근하고 집에 오면 아무것도 하고 싶지 않아",그 얘기를 꺼내기까지 생각이 많았겠다. 혼자 계속 생각하고 있었던 것 같네. 요즘 특히 더 힘들게 느껴지는 순간이 언제야?,v2,친구,고민·감정 상담,P4,,,,,,
43,p42,matched,적절,3,"선임: 혼자 생각해봤지만 결정을 내리지 못했습니다.
나: 지금까지 시도해본 방법이 있나요?
선임: 업무가 한꺼번에 몰렸을 때 우선순위를 어떻게 정하는 게 좋을까요?","이 경우에는 마감이 임박한 일과 다른 사람 작업을 막고 있는 일을 먼저 나누고, 나머지 범위와 기한은 담당자와 다시 합의해요. 현재 할 수 있는 범위와 나중에 할 일을 따로 나눠봐.",v2,직장 관계(상사·동료),업무 대화,P3,,,,,,
44,p43,matched,적절,2,"나: 요즘 생각이 많아 보이더라. 괜찮아?
친구: 요즘 작은 실수에도 스스로를 너무 몰아붙이는 것 같아",그런 기분이 들면 혼자 견디기 힘들지. 서두르지 말고 편하게 얘기해. 요즘 특히 더 힘들게 느껴지는 순간이 언제야?,v2,친구,고민·감정 상담,P4,,,,,,
45,p44,matched,적절,2,"나: 일정은 어떻게 정해졌나요?
후배: 휴가 신청은 이번 주 안에 제출하면 된대","응, 전달한 내용대로 알고 있을게. 다른 내용은 그대로 두면 됩니다.",v2,선후배,정보 공유,P5,,,,,,
46,p45,matched,적절,4,"나: 변경된 내용 있으면 말해줘.
언니: 계획을 조금 조정해서 말해두려고.
나: 그 기준으로 진행하면 되는 거야?
언니: 예약 인원은 네 명으로 최종 확인됐어",확인했어. 필요한 준비는 그 일정에 맞출게. 변경 사항이 생기면 다시 알려줘.,v2,형제·자매,정보 공유,P5,,,,,,
47,p46,matched,적절,2,"나: 요즘 집에 혼자 계시면 적적하지 않아?
아빠: 네 엄마가 여행 가고 나니까 집이 너무 조용해서 영 적응이 안 된다.",평소보다 더 허전하겠네. 저녁에 내가 들를 테니까 같이 밥 먹자.,v2,부모님,고민·감정 상담,P1,,,,,,
48,p47,matched,적절,3,"선임: 변경된 부분이 하나 있습니다.
나: 네, 확인된 내용을 말씀해주세요.
선임: 고객사 회신은 내일 오전에 받을 예정입니다","네, 해당 기준으로 반영해두겠습니다. 현재 기준에서는 더 정할 건 없어요.",v2,직장 관계(상사·동료),업무 대화,P5,,,,,,
49,p48,matched,적절,3,"친구: 그냥 넘어가면 계속 마음에 남을 것 같아.
나: 어떻게 했으면 좋겠어?
친구: 늦어질 때는 짧게라도 연락해줄 수 있어?",알겠어. 다음부터는 먼저 이야기하고 네 의견을 확인할게. 필요한 시간에 맞춰둘게.,v2,친구,갈등 상황,P2,,,,,,
50,p49,matched,적절,1,아빠: 다음부터 약속을 바꾸기 전에 먼저 말해줄래?,알겠어. 다음부터는 먼저 이야기하고 네 의견을 확인할게. 다른 사람에게 말하기 전에 꼭 확인할게.,v2,부모님,갈등 상황,P2,,,,,,
51,p50,matched,적절,2,"나: 요즘 좀 지쳐 보이는데 괜찮아?
연인: 지금은 혼자 해결하려 하지 말고 주변에 도움을 구해보려고 해","그래. 당장은 그 계획대로 해보고, 필요하면 다시 조정하자. 필요하면 그때 다시 조정하자.",v2,연인,고민·감정 상담,P5,,,,,,
52,p51,matched,적절,2,"나: 오늘은 평소보다 말이 없네. 무슨 일 있었어?
엄마: 잘 쉬고 있는데도 피곤한데 혹시 내가 무리하고 있는 것처럼 보여?",생각이 많아질 수밖에 없는 상황이었네. 지금까지 버틴 것만으로도 충분히 잘했어.,v2,부모님,질문·요청,P1,,,,,,
53,p52,matched,적절,2,"나: 그 뒤에 어떻게 됐는지 궁금했어.
아빠: 주말에 동네 새로 생긴 빵집 갔는데 소금빵이 괜찮더라","응, 그 뒤 이야기도 궁금하다. 얘기만 들어도 장면이 조금 그려진다. 다른 메뉴도 먹어봤어, 아니면 소금빵이 제일 괜찮았어?",v2,부모님,일상 대화,P4,,,,,,
54,p53,matched,적절,1,친구: 이번 모임 예약을 대신해줄 수 있어?,"응, 인원과 시간 확인해서 예약해둘게. 오늘 일정 안에서 처리해둘게.",v2,친구,질문·요청,P2,,,,,,
55,p54,matched,적절,3,"연인: 그냥 넘어가면 계속 마음에 남을 것 같아.
나: 어떻게 했으면 좋겠어?
연인: 연락 없이 늦어져서 걱정도 됐고 서운하기도 했어",많이 긴장되고 부담됐겠다. 지금 느끼는 감정을 그대로 인정해도 괜찮아.,v2,연인,갈등 상황,P1,,,,,,
56,p55,matched,적절,2,"나: 아까 물어보려던 건 해결했어?
오빠: 배포 전에 꼭 확인해야 할 항목을 어떤 순서로 보면 좋을까?","가장 먼저 지금 확인할 수 있는 사실과 원하는 결과를 먼저 나눈 뒤, 바로 실행할 수 있는 한 가지부터 시작해봐. 정상 동작하는 경우와 비교하면 차이를 빨리 찾을 수 있어.",v2,형제·자매,업무 대화,P3,,,,,,
57,p56,matched,적절,2,"나: 혼자 판단하기 어려운 일이 있으신가요?
후배: 보고서 수치가 다를 때 원인을 효율적으로 찾는 방법이 있을까요?","복잡하게 보기보다 원본 데이터의 기준일과 필터 조건부터 맞춘 뒤, 계산식과 수기 입력된 셀을 차례로 비교하는 게 빨라. 재현 조건을 정리한 뒤 한 가지 조건씩 바꿔보는 게 좋아.",v2,선후배,업무 대화,P3,,,,,,
58,p57,matched,적절,2,"나: 요즘 많이 지쳐 보이는데 괜찮으세요?
동료: 팀에서 내 역할이 자꾸 바뀌니까 제가 필요한 사람인지 모르겠어요",그랬구나. 요즘 많이 지쳤나 보네요. 그 상황이 왜 마음에 남는지 이해돼. 요즘 특히 더 힘들게 느껴지는 순간이 언제야?,v2,직장 관계(상사·동료),고민·감정 상담,P4,,,,,,
59,p58,matched,적절,2,"나: 이번 일은 기준을 분명히 정했으면 합니다.
팀장: 상대가 계속 약속을 바꾸는데 어디까지 맞춰줘야 할까요?","우선 지금 확인할 수 있는 사실과 원하는 결과를 먼저 나눈 뒤, 바로 실행할 수 있는 한 가지부터 시작해봐. 혼자 판단하기 어렵다면 관련된 사람과 기준부터 맞춰봐.",v2,직장 관계(상사·동료),갈등 상황,P3,,,,,,
60,p59,matched,적절,2,"나: 아까 문의하실 내용이 있다고 들었어요.
선임: 오류가 발생한 계정 목록을 정리해서 공유해주실 수 있나요?","네, 확인된 계정을 정리해서 오늘 안에 공유드리겠습니다. 끝나면 바로 알려드릴게요.",v2,직장 관계(상사·동료),업무 대화,P2,,,,,,
61,p60,matched,적절,2,"나: 오늘 있었던 일 중에 기억나는 거 있어?
형: 주말에 동네 새로 생긴 빵집 갔는데 소금빵이 괜찮더라","그 얘기 들으니 궁금해진다. 처음 시작할 때와 느낌이 달라졌을 것 같아. 다른 메뉴도 먹어봤어, 아니면 소금빵이 제일 괜찮았어?",v2,형제·자매,일상 대화,P4,,,,,,
62,p61,matched,적절,3,"선임: 관련된 분들과 이야기해서 정리했습니다.
나: 네, 어떻게 정해졌나요?
선임: 고객사 회신은 내일 오전에 받을 예정입니다","네, 전달해주신 내용대로 업무를 진행하겠습니다. 관련된 사람에게도 같은 내용으로 전달하겠습니다.",v2,직장 관계(상사·동료),업무 대화,P5,,,,,,
63,p62,matched,적절,3,"선배: 요즘 같은 생각이 자꾸 반복돼요.
나: 지금 가장 힘든 부분이 무엇인가요?
선배: 혼자 밥 먹는 날이 계속되니까 생각보다 외롭더라",그랬구나. 많이 마음 쓰였겠다. 한 번의 결과로 네 노력이 사라지는 건 아니야.,v2,선후배,일상 대화,P1,,,,,,
64,p63,matched,적절,2,"나: 확인해야 할 내용은 다 정리됐어?
연인: 택배는 오늘 저녁 여덟 시쯤 도착 예정이래",알겠어. 일정이 그렇게 정해졌구나. 일정이 가까워지면 다시 한 번 확인하자. 시간이나 준비해야 할 내용도 같이 바뀐 건 없어?,v2,연인,정보 공유,P4,,,,,,
65,p64,matched,적절,3,"엄마: 변경된 부분이 하나 있어.
나: 시간은 그대로야?
엄마: 병원 예약은 다음 주 화요일 오전 열 시로 잡혔어",확인됐구나. 관련해서 준비할 게 있는지도 봐야겠다. 시간이나 준비해야 할 내용도 같이 바뀐 건 없어?,v2,부모님,정보 공유,P4,,,,,,
66,p65,matched,적절,2,"나: 아까 물어볼 게 있다던데 뭔데?
형: 이번 모임 예약을 대신해줄 수 있어?","응, 인원과 시간 확인해서 예약해둘게. 처리한 뒤 한 번 더 확인할게.",v2,형제·자매,질문·요청,P2,,,,,,
67,p66,matched,적절,3,"친구: 관련된 사람들과 얘기해서 정리했어.
나: 그 기준으로 진행하면 되는 거야?
친구: 예약 인원은 네 명으로 넣으면 되는 거지?","응, 네 명으로 넣으면 돼. 그 내용은 내가 메모해둘게.",v2,친구,질문·요청,P5,,,,,,
68,p67,matched,적절,2,"나: 지난번에 말씀하신 일은 어떻게 됐나요?
후배: 어제 혼자 전시회에 갔는데 천천히 볼 수 있어서 오히려 좋았어요","응, 그 뒤 이야기도 궁금하다. 네가 어떤 부분을 좋아했는지 더 듣고 싶어. 작품 중에서 제일 오래 보고 온 건 뭐였어?",v2,선후배,일상 대화,P4,,,,,,
69,p68,matched,적절,4,"나: 선택지 때문에 망설이는 게 있어?
언니: 일단 해보기 전에 한 번 물어보고 싶었어.
나: 지금까지 해본 건 뭐가 있어?
언니: 노트북이 느려졌는데 포맷하기 전에 해볼 만한 게 있을까?","내 생각에는 포맷하기 전에 시작 프로그램과 저장 공간부터 정리하고, 작업 관리자에서 자원을 많이 쓰는 프로그램을 확인해봐. 확인한 순서와 결과를 짧게 메모해두는 것도 좋아.",v2,형제·자매,질문·요청,P3,,,,,,
70,p69,matched,적절,2,"나: 아까 연락 주신 이유가 부탁할 내용 때문인가요?
선배: 오류가 발생한 계정 목록을 정리해서 공유해주실 수 있나요?","네, 확인된 계정을 정리해서 오늘 안에 공유드리겠습니다. 관련된 내용까지 같이 확인해보겠습니다.",v2,선후배,업무 대화,P2,,,,,,
71,p70,matched,적절,3,"언니: 일단 지금 기준으로 결정된 게 있어.
나: 응, 확인된 내용 말해줘.
언니: 토요일과 일요일 중 어느 날이 더 편해?",내 일정은 일요일이 더 여유 있어. 다른 내용은 그대로 두면 돼.,v2,형제·자매,질문·요청,P5,,,,,,
72,p71,matched,적절,2,"나: 아까 말씀하신 계획은 그대로인가요?
후배: 교육 일정은 월요일과 수요일로 정해졌어요",좋아. 현재 확정된 내용으로 정리해두겠습니다. 변경 사항이 생기면 다시 알려주세요.,v2,선후배,정보 공유,P5,,,,,,
73,p72,matched,적절,1,선배: 번아웃인지 단순히 피곤한 건지 구분하려면 뭘 살펴봐야 할까요?,"이 경우에는 수면과 식사, 집중력 저하가 얼마나 오래됐는지 먼저 기록해보고, 쉬어도 회복되지 않으면 상담이나 진료도 고려해봐. 대화가 격해지면 잠깐 멈추고 다시 이야기할 시간을 정해봐.",v2,선후배,고민·감정 상담,P3,,,,,,
74,p73,matched,적절,1,동료: 이번 주 일정표에 변경된 담당자를 반영해주실 수 있나요?,알겠습니다. 변경된 내용으로 반영한 뒤 다시 확인하겠습니다. 완료되면 결과를 같이 확인하죠.,v2,직장 관계(상사·동료),업무 대화,P2,,,,,,
75,p74,matched,적절,3,"연인: 오늘은 그냥 누군가한테 말하고 싶었어.
나: 그래, 편하게 얘기해도 돼.
연인: 요즘 사소한 일에도 예민해져서 나도 좀 당황스러워",그 상황이면 누구라도 힘들었을 거야. 혼자 감당하지 말고 힘들면 나한테 말해.,v2,연인,일상 대화,P1,,,,,,
76,p75,matched,적절,4,"나: 아까 분위기가 안 좋았는데 무슨 일이었어?
친구: 이번 일은 솔직히 서운한 부분이 있어.
나: 내가 뭘 놓쳤는지 말해줘.
친구: 확정되지 않은 내용은 외부에 전달하지 말아주실 수 있을까?",알겠어. 다음부터는 먼저 이야기하고 네 의견을 확인할게. 빠뜨리지 않도록 메모해둘게.,v2,친구,갈등 상황,P2,,,,,,
77,p76,matched,적절,1,연인: 오는 길에 약국에 들러서 소화제 하나만 사다 줄래?,"응, 오는 길에 들러서 사갈게. 오늘 일정 안에서 처리해둘게.",v2,연인,질문·요청,P2,,,,,,
78,p77,matched,적절,1,연인: 토요일과 일요일 중 어느 날이 더 편해?,나는 일요일이 더 편해. 현재 기준에서는 더 정할 건 없어.,v2,연인,질문·요청,P5,,,,,,
79,p78,matched,적절,3,"동료: 혼자 생각해봤지만 결정을 내리지 못했습니다.
나: 지금까지 시도해본 방법이 있나요?
동료: 보고서 수치가 다를 때 원인을 효율적으로 찾는 방법이 있을까요?","가장 먼저 원본 데이터의 기준일과 필터 조건부터 맞춘 뒤, 계산식과 수기 입력된 셀을 차례로 비교하는 게 빨라. 문제가 생긴 직전 변경 사항부터 역순으로 확인해봐.",v2,직장 관계(상사·동료),업무 대화,P3,,,,,,
80,p79,matched,적절,2,"나: 현재 기준으로 결정된 내용이 있나요?
선배: 다음 회의에서는 역할 분담부터 다시 정리할 예정입니다","네, 전달해주신 내용대로 업무를 진행하겠습니다.",v2,선후배,업무 대화,P5,,,,,,
81,p80,matched,적절,2,"나: 확인해드릴 내용이 있나요?
팀장: 오늘 안에 수정된 화면을 QA 환경에 올려주실 수 있나요?",알겠습니다. 변경된 내용으로 반영한 뒤 다시 확인하겠습니다. 끝나면 바로 알려드릴게요.,v2,직장 관계(상사·동료),업무 대화,P2,,,,,,
82,p81,matched,적절,4,"나: 어떻게 처리해야 할지 고민 중이신가요?
선배: 비슷한 경험이 있으시면 조언을 듣고 싶습니다.
나: 어떤 점이 가장 고민되세요?
선배: 일이 한꺼번에 겹쳤을 때 우선순위를 어떻게 정해야 할까요?","복잡하게 보기보다 마감이 임박한 일과 다른 사람 작업을 막고 있는 일을 먼저 나누고, 나머지 범위와 기한은 담당자와 다시 합의해요. 그다음 결과를 보고 다음 단계를 정하면 됩니다.",v2,선후배,고민·감정 상담,P3,,,,,,
83,p82,matched,적절,4,"나: 혼자 고민하는 게 있는 것 같아서 물어봤어.
연인: 오늘은 그냥 누군가한테 말하고 싶었어.
나: 그 일 때문에 많이 힘들었어?
연인: 오늘은 해야 할 일 하나만 끝내고 일찍 쉬기로 했어","응, 지금은 무리해서 결론 내리지 않고 조금 더 지켜보자. 지금은 추가로 바꿀 건 없어 보여.",v2,연인,고민·감정 상담,P5,,,,,,
84,p83,matched,적절,2,"나: 전에 말한 일 결과 나왔어?
연인: 주말에 동네 새로 생긴 빵집 갔는데 소금빵이 괜찮더라","오, 그랬구나. 얘기만 들어도 장면이 조금 그려진다. 다른 메뉴도 먹어봤어, 아니면 소금빵이 제일 괜찮았어?",v2,연인,일상 대화,P4,,,,,,
85,p84,matched,적절,1,오빠: 배송지를 회사로 바꿔도 괜찮아?,"응, 회사 주소로 바꿔도 괜찮아. 일정이 가까워지면 한 번 더 확인하자.",v2,형제·자매,질문·요청,P5,,,,,,
86,p85,matched,적절,1,연인: 휴가 신청은 이번 주 안에 제출하면 된대,좋아. 현재 확정된 내용으로 정리해둘게. 추가로 확인되는 게 있으면 이어서 알려줘.,v2,연인,정보 공유,P5,,,,,,
87,p86,matched,적절,1,동생: 실수한 일이 계속 마음에 남는데 어떻게 털어내면 좋을까?,"우선 지금 확인할 수 있는 사실과 원하는 결과를 먼저 나눈 뒤, 바로 실행할 수 있는 한 가지부터 시작해봐. 지금 당장 해결하려 하기보다 대화할 수 있는 시간을 먼저 잡아봐.",v2,형제·자매,고민·감정 상담,P3,,,,,,
88,p87,matched,적절,2,"나: 아까 고민되는 게 있다고 했지?
친구: 번아웃인지 단순히 피곤한 건지 구분하려면 뭘 살펴봐야 할까?","내 생각에는 수면과 식사, 집중력 저하가 얼마나 오래됐는지 먼저 기록해보고, 쉬어도 회복되지 않으면 상담이나 진료도 고려해봐. 상대의 답을 재촉하지 말고 네 의도부터 분명하게 전달해봐.",v2,친구,고민·감정 상담,P3,,,,,,
89,p88,matched,적절,4,"나: 아까 물어보려던 건 해결했어?
연인: 일단 해보기 전에 한 번 물어보고 싶었어.
나: 어디에서 가장 막혔어?
연인: 친구와 어색해졌는데 먼저 연락하는 게 나을까 조금 기다릴까?","이 경우에는 부담이 덜한 짧은 안부부터 보내고, 바로 답을 요구하기보다 상대가 편할 때 답할 수 있게 말해봐. 네가 바라는 변화가 무엇인지 구체적으로 말하는 게 좋아.",v2,연인,고민·감정 상담,P3,,,,,,
90,p89,matched,적절,3,"연인: 방금 답이 와서 공유하려고 해.
나: 그럼 다음에는 뭘 하면 돼?
연인: 토요일과 일요일 중 어느 날이 더 편해?",일요일로 잡으면 괜찮아. 변경 사항이 생기면 다시 알려줘.,v2,연인,질문·요청,P5,,,,,,
91,p90,matched,적절,4,"나: 혼자 판단하기 어려운 일이 있으신가요?
선배: 어디서부터 시작해야 할지 감이 오지 않습니다.
나: 원하시는 결과가 무엇인가요?
선배: 업무 인수인계 문서는 어느 정도까지 자세히 쓰는 게 좋아?","가장 먼저 업무 목적, 반복 절차, 예외 상황, 담당자 연락처 순으로 정리하면 처음 보는 사람도 따라가기 쉬워. 기준을 정한 뒤 같은 기준으로 선택지를 비교해봐.",v2,선후배,질문·요청,P3,,,,,,
92,p91,matched,적절,3,"연인: 어디서부터 시작해야 할지 감이 안 와.
나: 응, 구체적으로 얘기해봐.
연인: 업무가 한꺼번에 몰렸을 때 우선순위를 어떻게 정하는 게 좋을까?","복잡하게 보기보다 마감이 임박한 일과 다른 사람 작업을 막고 있는 일을 먼저 나누고, 나머지 범위와 기한은 담당자와 다시 합의해. 우선순위가 애매하면 마감과 영향 범위부터 비교해봐.",v2,연인,업무 대화,P3,,,,,,
93,p92,matched,적절,1,친구: 다음 달부터 관리비 납부일이 25일로 바뀐대,알겠어. 바뀐 일정으로 기억해둘게. 현재 기준에서는 더 정할 건 없어.,v2,친구,정보 공유,P5,,,,,,
94,p93,matched,적절,1,선배: 처음 만든 API가 드디어 정상적으로 동작해요,진행 상황이 정리됐네요. 어떤 과정으로 해결됐는지도 궁금합니다. 준비하거나 수정한 것 중에서 가장 도움이 된 부분은 뭐였어?,v2,선후배,업무 대화,P4,,,,,,
95,p94,matched,적절,2,"나: 일정은 어떻게 정해졌나요?
동료: 자료는 메일과 메신저 중 어디로 보내면 돼?",메일로 받는 게 확인하기 편해요.,v2,직장 관계(상사·동료),질문·요청,P5,,,,,,
96,p95,matched,적절,3,"연인: 부탁할 게 하나 있어.
나: 어느 부분을 확인하면 돼?
연인: 내일 면접 전에 자기소개 한번 들어봐 줄래?","응, 보내줘. 표현이 어색한 부분까지 같이 확인해줄게. 처리한 뒤 한 번 더 확인할게.",v2,연인,질문·요청,P2,,,,,,
97,p96,matched,적절,2,"나: 아까 부탁하실 내용이 있다고 하셨죠?
팀장: 오류가 발생한 계정 목록을 정리해서 공유해주실 수 있나요?","네, 확인된 계정을 정리해서 오늘 안에 공유드리겠습니다. 완료되면 결과를 같이 확인하죠. 완료되면 필요한 시점에 맞춰 전달하겠습니다.",v2,직장 관계(상사·동료),업무 대화,P2,,,,,,
98,p97,matched,적절,2,"나: 일정은 어떻게 정해졌어?
친구: 숙소 체크인은 오후 세 시부터 가능하다고 답 왔어",알겠어. 일정이 그렇게 정해졌구나. 다른 사람도 알아야 하는 내용인지 궁금하네. 시간이나 준비해야 할 내용도 같이 바뀐 건 없어?,v2,친구,정보 공유,P4,,,,,,
99,p98,matched,적절,3,"연인: 혼자 해보다가 잘 안 되는 게 있어.
나: 응, 어떤 걸 도와주면 돼?
연인: 발표 순서는 우리 팀이 세 번째래. 팀원들에게도 알려줄래?","응, 확인한 내용을 팀원들에게 바로 알려줄게. 이번에 정한 기준을 나도 지킬게.",v2,연인,정보 공유,P2,,,,,,
100,p99,matched,적절,4,"나: 아까 이야기한 일정은 어떻게 정리됐어요?
팀장: 지금은 서로 감정이 올라온 것 같으니 저녁에 다시 이야기하죠.
나: 네, 그때 차분히 정리하겠습니다.
팀장: 우선 지금 맡은 업무부터 마무리해주세요.","네, 우선 현재 업무를 마무리하고 저녁에 다시 이야기하겠습니다.",v2,직장 관계(상사·동료),갈등 상황,P5,,,,,,
101,p100,matched,적절,2,"나: 내가 놓친 게 있으면 말해줘.
언니: 확정되지 않은 내용은 외부에 전달하지 말아주실 수 있을까?",알겠어. 다음부터는 먼저 이야기하고 네 의견을 확인할게. 혹시 문제가 생기면 먼저 말할게.,v2,형제·자매,갈등 상황,P2,,,,,,
102,p101,matched,적절,1,친구: 부모님과 진로 얘기를 싸우지 않고 꺼내려면 어떻게 말하는 게 좋을까?,"우선 잘잘못부터 따지기보다 불편했던 행동과 다음부터 원하는 기준을 구체적으로 말하고, 상대 설명도 끝까지 들어봐. 해본 뒤 마음이 더 복잡해지면 믿을 만한 사람에게 다시 이야기해봐.",v2,친구,고민·감정 상담,P3,,,,,,
103,p102,matched,적절,2,"나: 아까 확인한 내용 있다고 했지?
연인: 휴가 신청은 이번 주 안에 제출하면 된대",좋아. 현재 확정된 내용으로 정리해둘게. 일정이 가까워지면 한 번 더 확인하자.,v2,연인,정보 공유,P5,,,,,,
104,p103,matched,적절,4,"나: 선택지 때문에 망설이는 부분이 있나요?
선임: 선택지가 여러 개라 기준을 잡지 못했어요.
나: 원하시는 결과가 무엇인가요?
선임: 회의에서 의견 충돌이 있을 때 어떻게 정리해서 말하는 게 좋을까요?","내 생각에는 지금 확인할 수 있는 사실과 원하는 결과를 먼저 나눈 뒤, 바로 실행할 수 있는 한 가지부터 시작해봐. 다른 사람 일정에 영향을 주는 일부터 먼저 확인해봐.",v2,직장 관계(상사·동료),업무 대화,P3,,,,,,
105,p104,matched,적절,4,"나: 아까 연락한 이유가 부탁할 게 있어서였어?
친구: 급한 건 아닌데 부탁 하나 해도 돼?
나: 뭘 부탁하려고 했어?
친구: 내일 면접 전에 자기소개 한번 들어봐 줄래?","응, 보내줘. 표현이 어색한 부분까지 같이 확인해줄게. 요청한 부분만 정확히 반영할게.",v2,친구,질문·요청,P2,,,,,,
106,p105,matched,적절,1,후배: 어제 배포한 버전은 현재까지 특이사항이 없습니다,확인된 내용이 있군요. 재현 조건이 달라진 부분도 확인해보고 싶어요. 시간이나 준비해야 할 내용도 같이 바뀐 건 없나요?,v2,선후배,업무 대화,P4,,,,,,
107,p106,matched,적절,4,"나: 확인해야 할 내용은 다 정리됐어?
언니: 확인된 내용이 있어서 말해두려고.
나: 그럼 다음에는 뭘 하면 돼?
언니: 배포 일정은 목요일 밤 열 시로 확정됐습니다","응, 알려준 내용으로 확인해둘게. 추가로 확인되는 게 있으면 이어서 알려줘.",v2,형제·자매,정보 공유,P5,,,,,,
108,p107,matched,적절,3,"오빠: 요즘 퇴근하고 집에 오면 아무것도 하기 싫어.
나: 일이 많이 힘들어?
오빠: 일 자체보다 혼자 있는 시간이 길어지니까 자꾸 기분이 가라앉아.",혼자 있는 시간이 계속되면 더 가라앉을 수 있겠다. 이번 주말에는 같이 밥 먹고 산책이라도 하자.,v2,형제·자매,고민·감정 상담,P1,,,,,,
109,p108,matched,적절,2,"나: 마음에 걸리는 일 있으면 편하게 말해.
연인: 친구에게 먼저 연락하고 싶은데 또 거절당할까 봐 겁나. 내가 너무 걱정하는 걸까?",혼자 버티느라 많이 지쳤겠네. 당장 괜찮아지려고 애쓰지 않아도 돼.,v2,연인,질문·요청,P1,,,,,,
110,p109,matched,적절,2,"나: 뭔가 신경 쓰이는 일이 있는 것 같아.
친구: 감정이 가라앉을 때까지 메시지는 보내지 않기로 했어",알겠어. 이번 주는 정한 만큼만 해보고 상태를 보자. 필요하면 그때 다시 조정하자.,v2,친구,고민·감정 상담,P5,,,,,,
111,p110,matched,적절,2,"나: 혼자 판단하기 어려운 일이 있어?
동생: 업무가 한꺼번에 몰렸을 때 우선순위를 어떻게 정하는 게 좋을까?","이 경우에는 마감이 임박한 일과 다른 사람 작업을 막고 있는 일을 먼저 나누고, 나머지 범위와 기한은 담당자와 다시 합의해. 필요한 정보가 부족하면 추측하기보다 먼저 확인해봐.",v2,형제·자매,업무 대화,P3,,,,,,
112,p111,matched,적절,4,"나: 어떤 부분을 도와드리면 될까요?
팀장: 부탁드릴 내용이 하나 있습니다.
나: 어떤 부탁인지 말씀해주시겠어요?
팀장: 이번 주 일정표에 변경된 담당자를 반영해주실 수 있나요?",알겠습니다. 변경된 내용으로 반영한 뒤 다시 확인하겠습니다. 진행 상태도 중간에 알려드릴게요.,v2,직장 관계(상사·동료),업무 대화,P2,,,,,,
113,p112,matched,적절,1,아빠: 여행 숙소를 고를 때 위치와 가격 중 어느 쪽을 먼저 봐야 할까?,"가장 먼저 이동 시간과 취소 조건을 먼저 비교하고, 차이가 크지 않으면 후기에서 소음과 청결 관련 내용을 확인해봐. 처음부터 크게 바꾸지 말고 부담 없는 범위에서 먼저 해봐.",v2,부모님,질문·요청,P3,,,,,,
114,p113,matched,적절,2,"나: 요즘 계속 피곤해 보이는데 괜찮아?
형: 좋아하던 운동도 시작하기 전부터 귀찮고 지쳐.",원래 좋아하던 일도 버겁게 느껴질 만큼 지쳤구나. 이번 주는 억지로 하지 말고 좀 쉬어.,v2,형제·자매,고민·감정 상담,P1,,,,,,
115,p114,matched,적절,3,"후배: 작업 결과가 나와서 공유드리려고 해요.
나: 어떤 부분이 달라졌나요?
후배: 프로젝트 발표 순서는 우리 팀이 세 번째예요",좋은 변화가 있었네요. 사용자나 고객 반응도 함께 보면 좋겠어요. 시간이나 준비해야 할 내용도 같이 바뀐 건 없나요?,v2,선후배,업무 대화,P4,,,,,,
116,p115,matched,적절,2,"나: 내가 도울 수 있는 일이면 말해봐.
연인: 내일 아침 일곱 시에 한 번 깨워줄 수 있어?","응, 내가 맡아서 확인해볼게. 필요한 시간에 맞춰둘게.",v2,연인,질문·요청,P2,,,,,,
117,p116,matched,적절,2,"나: 선택지 때문에 망설이는 게 있어?
언니: React에서 useEffect가 계속 반복 실행되는데 어디부터 확인해야 할까?","복잡하게 보기보다 의존성 배열에 매 렌더링마다 새로 만들어지는 함수나 객체가 들어가는지 먼저 확인하고, 필요하면 useCallback이나 useMemo로 참조를 고정해봐. 해결되지 않으면 조건을 하나씩 빼면서 원인을 좁혀봐.",v2,형제·자매,질문·요청,P3,,,,,,
118,p117,matched,적절,1,아빠: 숙소 체크인은 세 시부터 가능하대. 이동 시간 다시 계산해줄래?,"응, 내가 맡아서 확인해볼게. 관련된 내용까지 같이 확인해볼게.",v2,부모님,정보 공유,P2,,,,,,
119,p118,matched,적절,1,후배: 이번 주 보고서는 예상보다 빨리 마무리됐습니다,"오, 결과가 나왔군요. 해결 과정에서 배운 점이 있었을 것 같아요. 진행하면서 예상과 달랐던 부분은 없었어?",v2,선후배,업무 대화,P4,,,,,,
120,p119,matched,적절,2,"나: 감정이 더 상하기 전에 차분히 이야기해보죠.
팀장: 역할 분담은 다음 회의에서 다시 정하는 것으로 하겠습니다",좋아. 같은 일이 없도록 이 기준을 지키자. 관련된 사람에게도 같은 내용으로 전달하겠습니다.,v2,직장 관계(상사·동료),갈등 상황,P5,,,,,,
121,p120,matched,적절,2,"나: 뭔가 신경 쓰이는 일이 있는 것 같아.
연인: 요즘 내가 사소한 일에도 너무 예민한 것 같아. 너도 그렇게 보여?",계속 신경 쓰였을 텐데 잘 말해줬어. 지금 느끼는 감정을 그대로 인정해도 괜찮아.,v2,연인,질문·요청,P1,,,,,,
122,p121,matched,적절,2,"나: 선택지 때문에 망설이는 부분이 있나요?
동료: 인수인계 문서는 어느 수준까지 자세히 작성해야 할까요?","우선 업무 목적, 반복 절차, 예외 상황, 담당자 연락처 순으로 정리하면 처음 보는 사람도 따라가기 쉬워. 현재 할 수 있는 범위와 나중에 할 일을 따로 나눠봐.",v2,직장 관계(상사·동료),업무 대화,P3,,,,,,
123,p122,matched,적절,2,"나: 지난번에 물어본 건 답 왔어?
연인: 예약 인원은 네 명으로 넣으면 되는 거지?",맞아. 예약 인원은 네 명이야. 그 내용은 내가 메모해둘게.,v2,연인,질문·요청,P5,,,,,,
124,p123,matched,적절,1,친구: 업무 인수인계 문서는 어느 정도까지 자세히 쓰는 게 좋아?,"내 생각에는 업무 목적, 반복 절차, 예외 상황, 담당자 연락처 순으로 정리하면 처음 보는 사람도 따라가기 쉬워. 결정한 뒤에는 검토할 시점도 함께 정해두는 게 좋아.",v2,친구,질문·요청,P3,,,,,,
125,p124,matched,적절,2,"나: 변경된 내용 있으면 말해줘.
아빠: 오늘 회의는 세 시에서 네 시로 변경됐어요","응, 변경된 내용 확인했어. 확정된 범위가 어디까지인지도 알고 싶어. 시간이나 준비해야 할 내용도 같이 바뀐 건 없어?",v2,부모님,정보 공유,P4,,,,,,
126,p125,matched,적절,4,"나: 지금 기준으로 정해진 게 있어?
오빠: 확인된 내용이 있어서 말해두려고.
나: 언제부터 그렇게 하면 돼?
오빠: 회의 시간이 네 시로 바뀐 거 확인했어?","응, 네 시로 변경된 것 확인했어. 다른 내용은 그대로 두면 돼.",v2,형제·자매,질문·요청,P5,,,,,,
127,p126,matched,적절,1,선배: 노트북이 느려졌는데 포맷하기 전에 해볼 만한 게 있을까요?,"이 경우에는 포맷하기 전에 시작 프로그램과 저장 공간부터 정리하고, 작업 관리자에서 자원을 많이 쓰는 프로그램을 확인해봐. 재현 조건을 정리한 뒤 한 가지 조건씩 바꿔보는 게 좋아.",v2,선후배,질문·요청,P3,,,,,,
128,p127,matched,적절,3,"친구: 아까 일 때문에 기분이 좀 상했어.
나: 어떤 부분이 불편했는데?
친구: 내가 한 일을 사람들 앞에서 웃으면서 말한 게 싫었어.",사람들 앞에서 가볍게 다뤄져서 속상했겠다. 다음에는 그러지 말아달라고 차분히 이야기해보자.,v2,친구,갈등 상황,P1,,,,,,
129,p128,matched,적절,3,"팀장: 잠깐 확인해주셨으면 하는 내용이 있습니다.
나: 네, 필요한 내용부터 말씀해주세요.
팀장: 고객사에 보내기 전에 메일 내용을 한번 검토해주세요","응, 보내줘. 표현이 어색한 부분까지 같이 확인해줄게. 완료되면 결과를 같이 확인하죠.",v2,직장 관계(상사·동료),업무 대화,P2,,,,,,
130,p129,matched,적절,4,"나: 아까 부탁하실 내용이 있다고 하셨죠?
팀장: 혼자 해보다가 잘 안 되는 부분이 있어요.
나: 어느 부분을 확인하면 될까요?
팀장: 이번 주 일정표에 변경된 담당자를 반영해주실 수 있나요?",알겠습니다. 변경된 내용으로 반영한 뒤 다시 확인하겠습니다. 혹시 문제가 생기면 먼저 말하겠습니다.,v2,직장 관계(상사·동료),업무 대화,P2,,,,,,
131,p130,matched,적절,1,친구: 퇴근길에 노을이 예뻐서 사진을 한참 찍었어,직접 해보니 느낌이 달랐겠다. 직접 겪은 얘기라 더 생생하게 들린다. 사진도 찍었어? 실제로 본 색감이 더 예뻤겠다.,v2,친구,일상 대화,P4,,,,,,
132,p131,matched,적절,2,"나: 뭔가 신경 쓰이는 일이 있는 것 같아.
연인: 감정이 가라앉을 때까지 메시지는 보내지 않기로 했어","그래. 당장은 그 계획대로 해보고, 필요하면 다시 조정하자. 일정이 가까워지면 한 번 더 확인하자.",v2,연인,고민·감정 상담,P5,,,,,,
133,p132,matched,적절,2,"나: 요즘 생각이 많아 보이더라. 괜찮아?
형: 친구에게 먼저 연락하고 싶은데 또 거절당할까 봐 겁나. 내가 너무 걱정하는 걸까?",요즘 정말 마음이 무거웠겠다. 조금 가라앉으면 다음 일을 같이 생각해보자.,v2,형제·자매,질문·요청,P1,,,,,,
134,p133,matched,적절,1,아빠: 다음 달부터 관리비 납부일이 25일로 바뀐대,알겠어. 바뀐 일정으로 기억해둘게. 추가로 확인되는 게 있으면 이어서 알려줘.,v2,부모님,정보 공유,P5,,,,,,
135,p134,matched,적절,3,"형: 변경된 부분이 하나 있어.
나: 다른 변경 사항은 없어?
형: 이번 일정은 다음 주부터 적용되는 게 맞아?","응, 현재 기준은 그렇게 알고 있어. 필요하면 그때 다시 조정하자.",v2,형제·자매,질문·요청,P5,,,,,,
136,p135,matched,적절,2,"나: 아까 말씀하신 계획은 그대로인가요?
후배: 이번 주에는 로그인 오류부터 우선 확인하기로 했습니다",알겠습니다. 변경된 일정에 맞춰 준비하겠습니다. 관련된 사람에게도 같은 내용으로 전달하겠습니다.,v2,선후배,업무 대화,P5,,,,,,
137,p136,matched,적절,3,"친구: 전에 궁금해하던 내용 확인해봤어.
나: 그 뒤에는 어떻게 했어?
친구: 어제 혼자 전시회에 갔는데 천천히 볼 수 있어서 오히려 좋았어",생각보다 기억에 남는 일이었나 보네. 다음에도 해보고 싶은 경험이었는지 궁금해. 작품 중에서 제일 오래 보고 온 건 뭐였어?,v2,친구,일상 대화,P4,,,,,,
138,p137,matched,적절,2,"나: 요즘 좀 지쳐 보이는데 괜찮아?
언니: 요즘은 퇴근하고 집에 오면 아무것도 하고 싶지 않아","응, 조금 더 들어보고 싶어. 네 입장에서 어떤 점이 힘든지 궁금해. 요즘 특히 더 힘들게 느껴지는 순간이 언제야?",v2,형제·자매,고민·감정 상담,P4,,,,,,
139,p138,matched,적절,1,엄마: 이번 평가 결과가 기대보다 안 좋아서 자신감이 떨어졌어,그랬구나. 요즘 많이 지쳤나 보네. 지금은 해결보다 이야기를 듣는 게 먼저인 것 같아. 요즘 특히 더 힘들게 느껴지는 순간이 언제야?,v2,부모님,고민·감정 상담,P4,,,,,,
140,p139,matched,적절,2,"나: 아까 이야기한 계획은 그대로야?
언니: 토요일과 일요일 중 어느 날이 더 편해?",내 일정은 일요일이 더 여유 있어. 그 내용은 내가 메모해둘게.,v2,형제·자매,질문·요청,P5,,,,,,
141,p140,matched,적절,2,"나: 아까부터 마음에 걸리는 게 있는 것 같아.
연인: 같은 일이 반복되니까 내가 존중받지 못하는 기분이야.",그렇게 느끼게 해서 미안해. 어떤 일이 반복됐는지 말해주면 제대로 듣고 고칠게.,v2,연인,갈등 상황,P1,,,,,,
142,p141,matched,적절,3,"형: 서로 오해한 부분이 있는 것 같아.
나: 응, 네 입장부터 말해봐.
형: 팀원이 내 의견을 무시할 때 회의에서 어떻게 말하는 게 좋을까?","가장 먼저 지금 확인할 수 있는 사실과 원하는 결과를 먼저 나눈 뒤, 바로 실행할 수 있는 한 가지부터 시작해봐. 우선순위가 애매하면 마감과 영향 범위부터 비교해봐.",v2,형제·자매,갈등 상황,P3,,,,,,
143,p142,matched,적절,4,"나: 아까 일은 그냥 넘기지 말고 얘기하자.
친구: 나도 아까 일은 짚고 넘어가고 싶어.
나: 어떤 부분이 가장 불편했어?
친구: 대화할 때 내 말을 자꾸 끊어서 속상했어",많이 긴장되고 부담됐겠다. 필요하면 내가 옆에서 같이 정리해볼게.,v2,친구,갈등 상황,P1,,,,,,
144,p143,matched,적절,2,"나: 아빠, 스마트폰으로 병원 예약하는 거 어려워?
아빠: 응. 진료과를 고른 다음에는 어디를 눌러야 하는지 모르겠어.",병원과 날짜를 고른 뒤 시간 선택 버튼을 누르면 돼. 화면 보면서 같이 해보자.,v2,부모님,질문·요청,P3,,,,,,
145,p144,matched,적절,2,"나: 확인해줬으면 하는 게 있어?
친구: 내일 면접 전에 자기소개 한번 들어봐 줄래?","응, 보내줘. 표현이 어색한 부분까지 같이 확인해줄게. 진행 상태도 중간에 알려줄게. 진행하면서 문제가 생기면 먼저 이야기할게.",v2,친구,질문·요청,P2,,,,,,
146,p145,matched,적절,4,"나: 요즘 기운이 없어 보이는데 괜찮아?
후배: 집에만 있으면 괜히 기분이 가라앉는 날이 많아졌어요.
나: 최근에 무슨 일이 있었어?
후배: 특별한 일은 없는데 혼자 있는 시간이 길어져서 그런가 봐요.",혼자 있는 시간이 길어서 더 가라앉았나 보다. 이번 주에는 잠깐이라도 밖에서 같이 밥 먹자.,v2,선후배,일상 대화,P1,,,,,,
147,p146,matched,적절,1,연인: 사과를 받았지만 마음이 안 풀릴 때는 어떤 식으로 대화를 이어가야 할까?,"우선 잘잘못부터 따지기보다 불편했던 행동과 다음부터 원하는 기준을 구체적으로 말하고, 상대 설명도 끝까지 들어봐. 대화가 격해지면 잠깐 멈추고 다시 이야기할 시간을 정해봐.",v2,연인,갈등 상황,P3,,,,,,
148,p147,matched,적절,4,"나: 요즘 잠도 잘 못 자는 것 같던데 괜찮아?
아빠: 혼자 정리해보려 했는데 잘 안 되더라.
나: 언제부터 그렇게 느꼈어?
아빠: 오랫동안 준비한 일이 끝났는데 오히려 허무한 기분이 들어",계속 마음에 걸렸겠네. 그 상황이 왜 마음에 남는지 이해돼. 그중에서 네가 가장 기억에 남는 건 뭐야?,v2,부모님,고민·감정 상담,P4,,,,,,
149,p148,matched,적절,4,"나: 혼자 판단하기 어려운 일이 있어?
엄마: 선택지가 여러 개라 기준을 못 잡겠어.
나: 지금까지 해본 건 뭐가 있어?
엄마: 면접 결과가 다음 주로 미뤄졌대. 그동안 준비를 계속하는 게 좋을까?","내 생각에는 지금 확인할 수 있는 사실과 원하는 결과를 먼저 나눈 뒤, 바로 실행할 수 있는 한 가지부터 시작해봐. 필요한 정보가 부족하면 추측하기보다 먼저 확인해봐.",v2,부모님,정보 공유,P3,,,,,,
150,p149,matched,적절,2,"나: 아까 할 말이 있다고 했지?
언니: 응. 내 이야기를 다른 사람에게 전하기 전에는 꼭 나한테 먼저 물어봐 줘.","알겠어. 앞으로는 먼저 네 의사를 확인하고, 싫다고 하면 이야기하지 않을게.",v2,형제·자매,갈등 상황,P2,,,,,,
151,p150,matched,적절,4,"나: 아까부터 말이 없는데 무슨 일 있어?
연인: 계속 신경 쓰이는 일이 있어.
나: 나 때문에 그런 거야?
연인: 내가 한 일을 사람들 앞에서 가볍게 말한 게 기분 나빴어.",사람들 앞에서 네 이야기를 가볍게 한 건 미안해. 다음부터는 먼저 네 의사를 확인할게.,v2,연인,갈등 상황,P1,,,,,,
152,p151,matched,적절,3,"선배: 제가 생각한 방향이 맞는지 여쭤보고 싶어요.
나: 선택지가 어떻게 되나요?
선배: 자꾸 다른 사람과 비교하게 될 때는 뭘 해보는 게 좋을까요?","이 경우에는 지금 확인할 수 있는 사실과 원하는 결과를 먼저 나눈 뒤, 바로 실행할 수 있는 한 가지부터 시작해봐. 한 번에 결론을 내리기보다 네가 원하는 점부터 짧게 정리해봐.",v2,선후배,고민·감정 상담,P3,,,,,,
153,p152,matched,적절,4,"나: 요즘 계속 바빠 보이는데 제대로 쉬고 있어?
친구: 이번 달은 약속이 계속 겹쳐서 주말에도 쉴 틈이 없어.
나: 취소하거나 미룰 수 있는 일정은 없어?
친구: 다 오래전에 잡은 약속이라 그것도 어렵네.",계속 사람을 만나느라 혼자 쉴 시간이 없었구나. 다음 주말만큼은 일정 잡지 말고 푹 쉬어.,v2,친구,일상 대화,P1,,,,,,
154,p153,matched,적절,4,"나: 회의에서 나온 내용은 어떻게 정리됐나요?
후배: 진행하면서 새로 확인한 내용이 있어요.
나: 문제는 해결됐나요?
후배: 테스트 환경에서 재현되던 오류가 더 이상 발생하지 않아요",잘 마무리된 것 같네요. 후속 작업에 영향이 있는지도 궁금합니다. 준비하거나 수정한 것 중에서 가장 도움이 된 부분은 뭐였어?,v2,선후배,업무 대화,P4,,,,,,
155,p154,matched,적절,3,"아빠: 요즘 친구들을 만나도 이상하게 혼자인 기분이 든다.
나: 같이 있어도 대화가 잘 안 통하는 것 같아?
아빠: 다들 자기 얘기만 하니까 내 이야기는 꺼내기가 어렵더라.",같이 있어도 외롭게 느껴졌겠네. 다음에 만나면 아빠 이야기도 편하게 해봐. 내가 먼저 들어줄게.,v2,부모님,고민·감정 상담,P1,,,,,,
156,p155,matched,적절,2,"나: 아까 일은 그냥 넘기지 말고 이야기했으면 합니다.
팀장: 일정 변경은 앞으로 단체방에 먼저 공유하는 걸로 하자",알겠어. 앞으로는 방금 정한 기준대로 하죠. 다른 내용은 그대로 두면 됩니다.,v2,직장 관계(상사·동료),갈등 상황,P5,,,,,,
157,p156,matched,적절,4,"나: 현재 기준으로 결정된 내용이 있나요?
선임: 관련된 분들과 이야기해서 정리했습니다.
나: 네, 어떻게 정해졌나요?
선임: 수정본은 오늘 퇴근 전까지 공유하겠습니다","네, 전달해주신 내용대로 업무를 진행하겠습니다. 변경 사항이 생기면 다시 알려주세요.",v2,직장 관계(상사·동료),업무 대화,P5,,,,,,
158,p157,matched,적절,2,"나: 서로 불편했던 부분은 한번 정리했으면 해.
아빠: 대화할 때 내 말을 자꾸 끊어서 속상했어",그 말을 꺼내는 것도 쉽지 않았겠다. 네 마음부터 챙기는 게 먼저인 것 같아.,v2,부모님,갈등 상황,P1,,,,,,
159,p158,matched,적절,2,"나: 아까 이야기한 계획은 그대로야?
친구: 예약 인원은 네 명으로 넣으면 되는 거지?",맞아. 예약 인원은 네 명이야. 현재 기준에서는 더 정할 건 없어.,v2,친구,질문·요청,P5,,,,,,
160,p159,matched,적절,4,"나: 그 일은 결국 어떻게 하기로 했어?
친구: 현재 상황만 간단히 알려줄게.
나: 그래, 현재 상황이 어떻게 돼?
친구: 병원 예약은 다음 주 화요일 오전 열 시로 잡혔어",확인됐구나. 일정이 가까워지면 다시 한 번 확인하자. 시간이나 준비해야 할 내용도 같이 바뀐 건 없어?,v2,친구,정보 공유,P4,,,,,,
161,p160,matched,적절,3,"연인: 내가 불편했던 부분을 말하고 싶어.
나: 응, 차분히 들어볼게.
연인: 사과는 받았지만 왜 그렇게 했는지 이해가 안 돼서 답답해",계속 신경 쓰였을 텐데 잘 말해줬어. 필요하면 내가 옆에서 같이 정리해볼게.,v2,연인,갈등 상황,P1,,,,,,
162,p161,matched,적절,1,친구: 부모님과 진로 얘기만 하면 자꾸 다투게 돼서 답답해,네가 유난스러운 게 아니라 충분히 힘들 만한 일이야. 한 번의 결과로 네 노력이 사라지는 건 아니야.,v2,친구,고민·감정 상담,P1,,,,,,
163,p162,matched,적절,4,"나: 확인해야 할 내용은 다 정리됐어?
언니: 확인된 내용이 있어서 말해두려고.
나: 그럼 다음에는 뭘 하면 돼?
언니: 병원 예약은 다음 주 화요일 오전 열 시로 잡혔어","좋아, 그 내용은 기억해둘게. 관련해서 준비할 게 있는지도 봐야겠다. 시간이나 준비해야 할 내용도 같이 바뀐 건 없어?",v2,형제·자매,정보 공유,P4,,,,,,
164,p163,matched,적절,3,"후배: 제가 놓친 부분이 있는지 봐주셨으면 합니다.
나: 제가 할 수 있는 일인지 말씀해주세요.
후배: 배포 전에 로그인 기능을 한 번 더 테스트해주시겠어요?","응, 제가 맡아서 확인해보겠습니다. 필요한 시간에 맞춰둘게.",v2,선후배,업무 대화,P2,,,,,,
165,p164,matched,적절,1,형: 요즘 친구들을 만나도 혼자인 느낌이 들어.,사람들 사이에 있어도 외롭게 느껴졌구나. 요즘 무슨 일이 있었는지 천천히 말해봐.,v2,형제·자매,고민·감정 상담,P1,,,,,,
166,p165,matched,적절,4,"나: 그 일은 어떻게 진행하기로 했나요?
후배: 현재 상황만 간단히 말씀드릴게요.
나: 현재 상황이 어떻게 되나요?
후배: 휴가 신청은 이번 주 안에 제출하면 된대",확인했어요. 필요한 준비는 그 일정에 맞출게.,v2,선후배,정보 공유,P5,,,,,,
167,p166,matched,적절,1,아빠: 예전에는 낚시 가는 날만 기다렸는데 요즘은 준비하는 것도 귀찮다.,좋아하던 것도 귀찮을 만큼 기운이 없구나. 이번에는 억지로 가지 말고 푹 쉬어.,v2,부모님,고민·감정 상담,P1,,,,,,
168,p167,matched,적절,2,"나: 조언이 필요한 일이 있다고 들었어요.
선임: 번아웃인지 단순히 피곤한 건지 구분하려면 뭘 살펴봐야 할까요?","가장 먼저 수면과 식사, 집중력 저하가 얼마나 오래됐는지 먼저 기록해보고, 쉬어도 회복되지 않으면 상담이나 진료도 고려해봐. 상대 반응을 단정하지 말고 네가 느낀 점부터 설명해봐.",v2,직장 관계(상사·동료),고민·감정 상담,P3,,,,,,
169,p168,matched,적절,1,후배: 집주인에게 보낼 문자가 어색하지 않은지 읽어봐 주실 수 있나요?,"응, 보내줘. 표현이 어색한 부분까지 같이 확인해줄게. 빠뜨리지 않도록 메모해두겠습니다.",v2,선후배,질문·요청,P2,,,,,,
170,p169,matched,적절,2,"나: 요즘 생활 패턴이 완전히 바뀐 것 같던데 괜찮아?
친구: 야근이 늘어서 자는 시간도 들쭉날쭉하고 하루가 계속 엉켜.",잠도 제대로 못 자서 많이 지쳤겠다. 이번 주말에는 약속 잡지 말고 푹 쉬어.,v2,친구,일상 대화,P1,,,,,,
171,p170,matched,적절,2,"나: 내가 놓친 게 있으면 말해줘.
연인: 확정되지 않은 내용은 외부에 전달하지 말아주실 수 있을까?",알겠어. 다음부터는 먼저 이야기하고 네 의견을 확인할게. 끝나면 바로 알려줄게. 진행하면서 마지막으로 한 번 더 검토할게.,v2,연인,갈등 상황,P2,,,,,,
172,p171,matched,적절,2,"나: 진행 상황에서 달라진 부분이 있나요?
후배: 이번 주 보고서는 예상보다 빨리 마무리됐습니다","오, 결과가 나왔군요. 재현 조건이 달라진 부분도 확인해보고 싶어요. 진행하면서 예상과 달랐던 부분은 없었어?",v2,선후배,업무 대화,P4,,,,,,
173,p172,matched,적절,1,동생: 추천받은 영화를 봤는데 마지막 장면이 계속 기억에 남아,그 얘기 들으니 궁금해진다. 그 경험이 왜 기억에 남았는지 알고 싶어. 마지막 장면에서 어떤 부분이 가장 기억에 남았어?,v2,형제·자매,일상 대화,P4,,,,,,
174,p173,matched,적절,3,"선배: 비슷한 경험이 있으시면 조언을 듣고 싶습니다.
나: 어떤 점이 가장 고민되세요?
선배: 인수인계 문서는 어느 수준까지 자세히 작성해야 할까요?","복잡하게 보기보다 업무 목적, 반복 절차, 예외 상황, 담당자 연락처 순으로 정리하면 처음 보는 사람도 따라가기 쉬워. 처음부터 완벽하게 하려 하지 말고 쉬운 단계부터 시작해봐.",v2,선후배,업무 대화,P3,,,,,,
175,p174,matched,적절,2,"나: 방법을 같이 생각해봤으면 하는 부분이 있나요?
선배: 일정이 촉박할 때 범위를 줄이는 기준을 어떻게 잡아야 할까요?","우선 마감이 임박한 일과 다른 사람 작업을 막고 있는 일을 먼저 나누고, 나머지 범위와 기한은 담당자와 다시 합의해요. 결정한 뒤에는 검토할 시점도 함께 정해두는 게 좋아.",v2,선후배,업무 대화,P3,,,,,,
176,p175,matched,적절,2,"나: 아까 물어보려던 건 해결했어?
동생: 담당자가 바뀐다고 공지가 왔는데 인수인계를 어디서부터 확인해야 할까?","내 생각에는 업무 목적, 반복 절차, 예외 상황, 담당자 연락처 순으로 정리하면 처음 보는 사람도 따라가기 쉬워. 기준을 정한 뒤 같은 기준으로 선택지를 비교해봐.",v2,형제·자매,정보 공유,P3,,,,,,
177,p176,matched,적절,2,"나: 선택지 때문에 망설이는 게 있어?
친구: 노트북이 느려졌는데 포맷하기 전에 해볼 만한 게 있을까?","이 경우에는 포맷하기 전에 시작 프로그램과 저장 공간부터 정리하고, 작업 관리자에서 자원을 많이 쓰는 프로그램을 확인해봐. 현재 상태를 남겨두면 변경 전후를 비교하기 쉬워.",v2,친구,질문·요청,P3,,,,,,
178,p177,matched,적절,4,"나: 서로 다르게 이해한 부분이 있는 것 같습니다.
선배: 서로 오해한 부분이 있는 것 같아요.
나: 네, 먼저 입장을 말씀해주세요.
선배: 팀원이 내 의견을 무시할 때 회의에서 어떻게 말하는 게 좋을까요?","가장 먼저 지금 확인할 수 있는 사실과 원하는 결과를 먼저 나눈 뒤, 바로 실행할 수 있는 한 가지부터 시작해봐. 선택지가 많으면 꼭 필요한 조건 세 개만 먼저 정해봐.",v2,선후배,갈등 상황,P3,,,,,,
179,p178,matched,적절,2,"나: 아까 일은 그냥 넘기지 말고 얘기하자.
친구: 내 물건을 쓰기 전에 한마디만 해줄래?",알겠어. 다음부터는 먼저 이야기하고 네 의견을 확인할게. 끝나면 바로 알려줄게.,v2,친구,갈등 상황,P2,,,,,,
180,p179,matched,적절,4,"나: 진행 상황에서 달라진 부분이 있나요?
팀장: 예상과 조금 다른 결과가 나왔어요.
나: 그럼 다음 작업은 무엇인가요?
팀장: 고객사에서 수정된 기능을 확인했다고 연락 왔습니다",잘 마무리된 것 같네요. 예상했던 결과와 비교해보고 싶어요. 사용자들이 특히 좋다고 한 부분이 어디였어?,v2,직장 관계(상사·동료),업무 대화,P4,,,,,,
181,p180,matched,적절,1,연인: 처음으로 자전거 타고 출근했는데 생각보다 할 만했어,생각보다 기억에 남는 일이었나 보네. 처음 시작할 때와 느낌이 달라졌을 것 같아. 직접 해보니 힘든 점보다 좋았던 점이 더 컸어?,v2,연인,일상 대화,P4,,,,,,
182,p181,matched,적절,1,연인: 다음 달부터 관리비 납부일이 25일로 바뀐대,좋아. 현재 확정된 내용으로 정리해둘게. 지금은 추가로 바꿀 건 없어 보여.,v2,연인,정보 공유,P5,,,,,,
183,p182,matched,적절,1,연인: 이번 달은 약속이 계속 겹쳐서 주말에도 제대로 못 쉬었어.,계속 일정에 치여서 지쳤겠다. 다음 주말은 비워두고 우리 집에서 편하게 쉬자.,v2,연인,일상 대화,P1,,,,,,
184,p183,matched,적절,3,"엄마: 급한 건 아닌데 부탁 하나 해도 돼?
나: 뭘 부탁하려고 했어?
엄마: 오는 길에 약국에 들러서 소화제 하나만 사다 줄래?","응, 오는 길에 들러서 사갈게. 처리한 뒤 한 번 더 확인할게.",v2,부모님,질문·요청,P2,,,,,,
185,p184,matched,적절,2,"나: 조언이 필요한 일이 있다던데 뭔데?
연인: 취업 준비가 길어질 때 생활 리듬을 어떻게 잡는 게 좋을까?","복잡하게 보기보다 지금 확인할 수 있는 사실과 원하는 결과를 먼저 나눈 뒤, 바로 실행할 수 있는 한 가지부터 시작해봐. 현재 할 수 있는 범위와 나중에 할 일을 따로 나눠봐.",v2,연인,고민·감정 상담,P3,,,,,,
186,p185,matched,적절,2,"나: 아까부터 기분이 안 좋아 보이는데 무슨 일 있어?
연인: 내 이야기를 친구들 앞에서 농담처럼 말한 게 기분 나빴어.",그건 내가 조심했어야 했어. 사람들 앞에서 불편하게 해서 미안해.,v2,연인,갈등 상황,P1,,,,,,
187,p186,matched,적절,3,"선배: 어떻게 하는 게 좋을지 고민되는 부분이 있어요.
나: 어떤 기준으로 결정하고 싶으신가요?
선배: 일이 한꺼번에 겹쳤을 때 우선순위를 어떻게 정해야 할까요?","우선 마감이 임박한 일과 다른 사람 작업을 막고 있는 일을 먼저 나누고, 나머지 범위와 기한은 담당자와 다시 합의해요. 필요한 정보가 부족하면 추측하기보다 먼저 확인해봐.",v2,선후배,고민·감정 상담,P3,,,,,,
188,p187,matched,적절,1,연인: 여행 숙소를 고를 때 위치와 가격 중 어느 쪽을 먼저 봐야 할까?,"내 생각에는 이동 시간과 취소 조건을 먼저 비교하고, 차이가 크지 않으면 후기에서 소음과 청결 관련 내용을 확인해봐. 처음부터 크게 바꾸지 말고 부담 없는 범위에서 먼저 해봐.",v2,연인,질문·요청,P3,,,,,,
189,p188,matched,적절,2,"나: 일정은 어떻게 정해졌어?
친구: 자료는 메일과 메신저 중 어디로 보내면 돼?",메일로 받는 게 확인하기 편해. 그 내용은 내가 메모해둘게.,v2,친구,질문·요청,P5,,,,,,
190,p189,matched,적절,2,"나: 채용 면접 진행 방식에 대해 물어보신다고 하셨죠?
팀장: 지원자의 경험을 확인할 때 질문 순서를 어떻게 잡는 게 좋을까요?","먼저 맡았던 역할을 묻고, 이후 문제 상황과 해결 과정, 결과 순서로 확인하면 답변을 비교하기 좋습니다.",v2,직장 관계(상사·동료),질문·요청,P3,,,,,,
191,p190,matched,적절,2,"나: 요즘 좀 지쳐 보이는데 괜찮아?
친구: 요즘은 퇴근하고 집에 오면 아무것도 하고 싶지 않아","응, 조금 더 들어보고 싶어. 그 일 이후의 상황도 천천히 들어볼게. 요즘 특히 더 힘들게 느껴지는 순간이 언제야?",v2,친구,고민·감정 상담,P4,,,,,,
192,p191,matched,적절,3,"연인: 어떻게 하는 게 나을지 고민되는 게 있어.
나: 어떤 기준으로 결정하고 싶어?
연인: 보고서 수치가 다를 때 원인을 효율적으로 찾는 방법이 있을까?","가장 먼저 원본 데이터의 기준일과 필터 조건부터 맞춘 뒤, 계산식과 수기 입력된 셀을 차례로 비교하는 게 빨라. 확인한 순서와 결과를 짧게 메모해두는 것도 좋아.",v2,연인,업무 대화,P3,,,,,,
193,p192,matched,적절,4,"나: 배포 이후에 새로 확인된 내용이 있나요?
동료: 배포 이후 상황을 확인해봤어요.
나: 예상했던 결과와 비슷한가요?
동료: 처음 만든 API가 드디어 정상적으로 동작해요","오, 결과가 나왔군요. 다음 작업에 참고할 만한 부분이 있겠네요. 준비하거나 수정한 것 중에서 가장 도움이 된 부분은 뭐였어?",v2,직장 관계(상사·동료),업무 대화,P4,,,,,,
194,p193,matched,적절,2,"나: 일정은 어떻게 정해졌어?
엄마: 다음 달부터 관리비 납부일이 25일로 바뀐대",알겠어. 바뀐 일정으로 기억해둘게. 다른 내용은 그대로 두면 돼.,v2,부모님,정보 공유,P5,,,,,,
195,p194,matched,적절,1,엄마: 문제가 있으면 공개적으로 말하기 전에 나한테 먼저 알려주세요,알겠어. 다음부터는 먼저 이야기하고 네 의견을 확인할게. 진행 상태도 중간에 알려줄게.,v2,부모님,갈등 상황,P2,,,,,,
196,p195,matched,적절,2,"나: 어디서부터 손대야 할지 모르겠어?
연인: 업무 인수인계 문서는 어느 정도까지 자세히 쓰는 게 좋아?","복잡하게 보기보다 업무 목적, 반복 절차, 예외 상황, 담당자 연락처 순으로 정리하면 처음 보는 사람도 따라가기 쉬워. 다른 사람 일정에 영향을 주는 일부터 먼저 확인해봐.",v2,연인,질문·요청,P3,,,,,,
197,p196,matched,적절,1,연인: 운동을 다시 시작했는데 생각만큼 몸이 따라주지 않아 조금 속상해,기대했던 만큼 더 속상했겠다. 한 번의 결과로 네 노력이 사라지는 건 아니야.,v2,연인,일상 대화,P1,,,,,,
198,p197,matched,적절,3,"동료: 저도 아까 일은 짚고 넘어가고 싶습니다.
나: 어떤 부분이 가장 불편하셨나요?
동료: 지금은 감정이 올라왔으니 저녁에 다시 얘기하자",좋아. 같은 일이 없도록 이 기준을 지키자. 변경 사항이 생기면 다시 알려주세요.,v2,직장 관계(상사·동료),갈등 상황,P5,,,,,,
199,p198,matched,적절,2,"나: 아까부터 표정이 안 좋은데 무슨 일 있어?
연인: 내가 한 일을 사람들 앞에서 가볍게 말한 게 기분 나빴어.",그렇게 느끼게 해서 미안해. 다음부터는 네 이야기를 꺼내기 전에 먼저 물어볼게.,v2,연인,갈등 상황,P1,,,,,,
200,p199,matched,적절,2,"나: 제가 도울 수 있는 일이면 말씀해주세요.
선배: 집주인에게 보낼 문자가 어색하지 않은지 읽어봐 주실 수 있나요?","응, 보내줘. 표현이 어색한 부분까지 같이 확인해줄게. 필요한 시간에 맞춰둘게.",v2,선후배,질문·요청,P2,,,,,,
201,p200,matched,적절,2,"나: 마음에 걸리는 일 있으면 편하게 말해.
동생: 친구에게 먼저 연락하고 싶은데 또 거절당할까 봐 겁나. 내가 너무 걱정하는 걸까?",그 말을 꺼내는 것도 쉽지 않았겠다. 오늘은 결론을 서두르지 말고 조금 쉬어도 돼.,v2,형제·자매,질문·요청,P1,,,,,,
202,p201,matched,적절,2,"나: 서로 다르게 이해한 부분이 있는 것 같아.
형: 내 이야기를 다른 사람에게 전하기 전에는 꼭 물어봐 줘",알겠어. 다음부터는 먼저 이야기하고 네 의견을 확인할게. 중간에 쉬고 싶으면 말해.,v2,형제·자매,갈등 상황,P2,,,,,,
203,p202,matched,적절,2,"나: 고객사에서는 답변이 왔나요?
동료: 처음 만든 API가 드디어 정상적으로 동작해요",진행 상황이 정리됐네요. 해결 과정에서 배운 점이 있었을 것 같아요. 준비하거나 수정한 것 중에서 가장 도움이 된 부분은 뭐였어?,v2,직장 관계(상사·동료),업무 대화,P4,,,,,,
204,p203,matched,적절,4,"나: 지난번에 물어본 건 답 왔어?
엄마: 일단 지금 기준으로 결정된 게 있어.
나: 다른 변경 사항은 없어?
엄마: 계약서는 금요일 오후에 작성하기로 했어",확인했어. 필요한 준비는 그 일정에 맞출게. 현재 기준에서는 더 정할 건 없어.,v2,부모님,정보 공유,P5,,,,,,
205,p204,matched,적절,1,아빠: 오늘은 해야 할 일 하나만 끝내고 일찍 쉬기로 했어,알겠어. 당분간은 현재 계획을 유지해보자.,v2,부모님,고민·감정 상담,P5,,,,,,
206,p205,matched,적절,4,"나: 마음에 걸리는 일 있으면 편하게 말해.
형: 사실 요즘 마음에 걸리는 게 있어.
나: 혼자 계속 생각하고 있었던 거야?
형: 가족 일로 신경 쓸 게 많아져서 집중이 잘 안 돼",그 얘기를 꺼내기까지 생각이 많았겠다. 말로 꺼내니 마음이 조금은 정리됐으면 좋겠다. 그중에서 네가 가장 기억에 남는 건 뭐야?,v2,형제·자매,고민·감정 상담,P4,,,,,,
207,p206,matched,적절,4,"나: 선택지 때문에 망설이는 부분이 있나요?
팀장: 선택지가 여러 개라 기준을 잡지 못했어요.
나: 원하시는 결과가 무엇인가요?
팀장: 번아웃인지 단순히 피곤한 건지 구분하려면 뭘 살펴봐야 할까요?","우선 수면과 식사, 집중력 저하가 얼마나 오래됐는지 먼저 기록해보고, 쉬어도 회복되지 않으면 상담이나 진료도 고려해봐. 혼자 계속 생각하기보다 작은 행동 하나를 정해보는 것도 좋아.",v2,직장 관계(상사·동료),고민·감정 상담,P3,,,,,,
208,p207,matched,적절,2,"나: 아까부터 표정이 좋지 않던데 무슨 일 있으세요?
선임: 다음 달까지는 현재 계획을 유지해보고 다시 판단하려고 해요","그래요. 당장은 그 계획대로 해보고, 필요하면 다시 조정하죠. 지금은 추가로 바꿀 건 없어 보여.",v2,직장 관계(상사·동료),고민·감정 상담,P5,,,,,,
209,p208,matched,적절,1,아빠: 처음으로 자전거 타고 출근했는데 생각보다 할 만했어,생각보다 기억에 남는 일이었나 보네. 직접 겪은 얘기라 더 생생하게 들린다. 직접 해보니 힘든 점보다 좋았던 점이 더 컸어?,v2,부모님,일상 대화,P4,,,,,,
210,p209,matched,적절,3,"후배: 진행하면서 새로 확인한 내용이 있어요.
나: 문제는 해결됐나요?
후배: 지난번에 수정한 화면이 사용자 반응이 좋대요",좋은 변화가 있었네요. 관련된 팀 반응도 확인해보면 좋겠습니다. 준비하거나 수정한 것 중에서 가장 도움이 된 부분은 뭐였어?,v2,선후배,업무 대화,P4,,,,,,
211,p210,matched,적절,2,"나: 요즘 사람들을 만나고 와도 표정이 안 좋더라.
친구: 같이 있어도 내 얘기는 아무도 안 듣는 것 같아서 외로워.",사람들 사이에서도 혼자라고 느꼈구나. 그동안 누구한테도 말 못 해서 더 답답했겠다.,v2,친구,고민·감정 상담,P1,,,,,,
212,p211,matched,적절,3,"엄마: 현재 상황만 간단히 알려줄게.
나: 그래, 현재 상황이 어떻게 돼?
엄마: 병원 예약은 다음 주 화요일 오전 열 시로 잡혔어",알려줘서 고마워. 일정이 가까워지면 다시 한 번 확인하자. 시간이나 준비해야 할 내용도 같이 바뀐 건 없어?,v2,부모님,정보 공유,P4,,,,,,
213,p212,matched,적절,2,"나: 고객사에서는 답변이 왔나요?
선배: 프로젝트 발표 순서는 우리 팀이 세 번째예요",진행 상황이 정리됐네요. 다음 작업에 참고할 만한 부분이 있겠네요. 시간이나 준비해야 할 내용도 같이 바뀐 건 없나요?,v2,선후배,업무 대화,P4,,,,,,
214,p213,matched,적절,4,"나: 확인해야 할 내용은 다 정리됐어?
친구: 확인된 내용이 있어서 말해두려고.
나: 그럼 다음에는 뭘 하면 돼?
친구: 병원 예약은 다음 주 화요일 오전 열 시로 잡혔어",알겠어. 일정이 그렇게 정해졌구나. 시간 외에 달라진 점도 있는지 확인해보자. 시간이나 준비해야 할 내용도 같이 바뀐 건 없어?,v2,친구,정보 공유,P4,,,,,,
215,p214,matched,적절,3,"동료: 테스트 결과가 나와서 말씀드리려고 합니다.
나: 결과가 어떻게 나왔나요?
동료: 고객사에서 수정된 기능을 확인했다고 연락 왔습니다",확인된 내용이 있군요. 정리된 내용을 다음 회의에도 공유하면 좋겠네요. 사용자들이 특히 좋다고 한 부분이 어디였어?,v2,직장 관계(상사·동료),업무 대화,P4,,,,,,
216,p215,matched,적절,2,"나: 요즘 잠도 잘 못 자는 것 같던데 괜찮아?
아빠: 요즘 친구들을 만나도 혼자인 느낌이 들어",네가 유난스러운 게 아니라 충분히 힘들 만한 일이야. 지금까지 버틴 것만으로도 충분히 잘했어.,v2,부모님,고민·감정 상담,P1,,,,,,
217,p216,matched,적절,1,동생: 역할 분담은 다음 회의에서 다시 정하는 것으로 하겠습니다,그럼 다음부터는 지금 합의한 방식으로 진행하자. 일정이 가까워지면 한 번 더 확인하자.,v2,형제·자매,갈등 상황,P5,,,,,,
218,p217,matched,적절,1,친구: 네가 약속을 또 당일에 바꿔서 솔직히 많이 서운했어,요즘 정말 마음이 무거웠겠다. 지금 느끼는 감정을 그대로 인정해도 괜찮아.,v2,친구,갈등 상황,P1,,,,,,
219,p218,matched,적절,2,"나: 아까 연락 주신 이유가 부탁할 내용 때문인가요?
선배: 오늘 안에 수정된 화면을 QA 환경에 올려주실 수 있나요?",알겠습니다. 변경된 내용으로 반영한 뒤 다시 확인하겠습니다. 오늘 일정 안에서 처리해두겠습니다.,v2,선후배,업무 대화,P2,,,,,,
220,p219,matched,적절,4,"나: 혼자 고민하는 게 있는 것 같아서 물어봤어.
동생: 오늘은 그냥 누군가한테 말하고 싶었어.
나: 그 일 때문에 많이 힘들었어?
동생: 오랫동안 준비한 일이 끝났는데 오히려 허무한 기분이 들어","응, 조금 더 들어보고 싶어. 네가 어떤 순간에 가장 힘든지 알고 싶어. 그중에서 네가 가장 기억에 남는 건 뭐야?",v2,형제·자매,고민·감정 상담,P4,,,,,,
221,p220,matched,적절,2,"나: 그 뒤에 어떻게 됐는지 궁금했어.
아빠: 추천받은 영화를 봤는데 마지막 장면이 계속 기억에 남아","오, 그랬구나. 다음에도 해보고 싶은 경험이었는지 궁금해. 마지막 장면에서 어떤 부분이 가장 기억에 남았어?",v2,부모님,일상 대화,P4,,,,,,
222,p221,matched,적절,1,엄마: React에서 useEffect가 계속 반복 실행되는데 어디부터 확인해야 할까?,"내 생각에는 의존성 배열에 매 렌더링마다 새로 만들어지는 함수나 객체가 들어가는지 먼저 확인하고, 필요하면 useCallback이나 useMemo로 참조를 고정해봐. 현재 상태를 남겨두면 변경 전후를 비교하기 쉬워.",v2,부모님,질문·요청,P3,,,,,,
223,p222,matched,적절,4,"나: 혼자 하다가 막힌 게 있어?
친구: 부탁할 게 하나 있어.
나: 어느 부분을 확인하면 돼?
친구: 내일 면접 전에 자기소개 한번 들어봐 줄래?","응, 보내줘. 표현이 어색한 부분까지 같이 확인해줄게. 끝나면 바로 알려줄게.",v2,친구,질문·요청,P2,,,,,,
224,p223,matched,적절,1,형: 예전에는 퇴근하면 바로 기타를 쳤는데 요즘은 손이 잘 안 가.,좋아하던 취미도 귀찮을 만큼 지쳤나 보다. 한동안 쉬었다가 마음 내킬 때 다시 해.,v2,형제·자매,일상 대화,P1,,,,,,
225,p224,matched,적절,2,"나: 아까 일 때문에 표정이 안 좋던데 무슨 일 있어?
친구: 다 같이 정한다더니 내 의견은 묻지도 않아서 기분이 상했어.",네 의견이 빠진 채 결정돼서 속상했겠다. 다음에는 먼저 말할 기회를 달라고 이야기해보자.,v2,친구,갈등 상황,P1,,,,,,
226,p225,matched,적절,3,"친구: 요즘 좋아하던 일도 시작하기 전부터 지쳐.
나: 일이 너무 많이 쌓였어?
친구: 해야 할 생각만 해도 숨이 막혀서 손을 못 대겠어.",시작하기도 전에 막막할 만큼 지쳤구나. 오늘은 꼭 필요한 일 하나만 하고 나머지는 미뤄도 괜찮아.,v2,친구,고민·감정 상담,P1,,,,,,
227,p226,matched,적절,3,"엄마: 나도 왜 이러는지 모르겠는데 요즘 좀 지쳐.
나: 응, 내가 듣고 있을게.
엄마: 일을 쉬고 있는데 앞으로 뭘 해야 할지 막막해",그 상황이면 누구라도 힘들었을 거야. 당장 괜찮아지려고 애쓰지 않아도 돼.,v2,부모님,고민·감정 상담,P1,,,,,,
228,p227,matched,적절,2,"나: 서로 불편했던 부분은 한번 정리했으면 해.
연인: 연락 없이 늦어져서 걱정도 됐고 서운하기도 했어",기대했던 만큼 더 속상했겠다. 지금까지 버틴 것만으로도 충분히 잘했어.,v2,연인,갈등 상황,P1,,,,,,
229,p228,matched,적절,2,"나: 아까 얘기하려던 거 뭐였어?
엄마: 어제 혼자 전시회에 갔는데 천천히 볼 수 있어서 오히려 좋았어",그 얘기 들으니 궁금해진다. 그 뒤에 이어진 일도 있었는지 궁금하다. 작품 중에서 제일 오래 보고 온 건 뭐였어?,v2,부모님,일상 대화,P4,,,,,,
230,p229,matched,적절,1,형: 회의 시간이 네 시로 바뀐 거 확인했어?,"응, 네 시로 변경된 것 확인했어. 추가로 확인되는 게 있으면 이어서 알려줘.",v2,형제·자매,질문·요청,P5,,,,,,
231,p230,matched,적절,2,"나: 서로 다르게 이해한 부분이 있는 것 같아.
형: 문제가 있으면 공개적으로 말하기 전에 나한테 먼저 알려주세요",알겠어. 다음부터는 먼저 이야기하고 네 의견을 확인할게. 처리한 뒤 한 번 더 확인할게.,v2,형제·자매,갈등 상황,P2,,,,,,
232,p231,matched,적절,4,"나: 요즘 퇴근하고도 기타를 안 치네.
동생: 응, 예전에는 재미있었는데 요즘은 손이 안 가.
나: 일 때문에 많이 지친 거야?
동생: 그런가 봐. 집에 오면 아무것도 하기 싫어.",좋아하던 것도 하기 싫을 만큼 지쳤구나. 이번 주는 쉬고 주말에 같이 바람 쐬러 가자.,v2,형제·자매,일상 대화,P1,,,,,,
233,p232,matched,적절,1,친구: 요즘 작은 실수에도 스스로를 너무 몰아붙이는 것 같아,그 얘기를 꺼내기까지 생각이 많았겠다. 지금은 해결보다 이야기를 듣는 게 먼저인 것 같아. 요즘 특히 더 힘들게 느껴지는 순간이 언제야?,v2,친구,고민·감정 상담,P4,,,,,,
234,p233,matched,적절,3,"동료: 혼자 해보다가 잘 안 되는 부분이 있어요.
나: 어느 부분을 확인하면 될까요?
동료: 오늘 안에 수정된 화면을 QA 환경에 올려주실 수 있나요?",알겠습니다. 변경된 내용으로 반영한 뒤 다시 확인하겠습니다. 관련된 내용까지 같이 확인해보겠습니다.,v2,직장 관계(상사·동료),업무 대화,P2,,,,,,
235,p234,matched,적절,4,"나: 요즘 주말에도 계속 바쁘던데 괜찮아?
친구: 약속이 계속 겹쳐서 제대로 쉬지를 못했어.
나: 미룰 수 있는 일정은 없어?
친구: 다 오래전에 잡아둔 거라 취소하기도 애매해.",계속 사람을 만나느라 혼자 쉴 시간이 없었구나. 다음 주말은 비워두고 푹 쉬어.,v2,친구,일상 대화,P1,,,,,,
236,p235,matched,적절,2,"나: 요즘 많이 지쳐 보이는데 괜찮으세요?
팀장: 이번 평가 결과가 기대보다 안 좋아서 자신감이 떨어졌어요",그런 기분이 들면 혼자 견디기 힘들지. 그 상황이 왜 마음에 남는지 이해돼. 요즘 특히 더 힘들게 느껴지는 순간이 언제야?,v2,직장 관계(상사·동료),고민·감정 상담,P4,,,,,,
237,p236,matched,적절,2,"나: 계속 마음에 남는 일이 있는 것 같아.
엄마: 연락 없이 늦어져서 걱정도 됐고 서운하기도 했어",계속 신경 쓰였을 텐데 잘 말해줬어. 조금 가라앉으면 다음 일을 같이 생각해보자.,v2,부모님,갈등 상황,P1,,,,,,
238,p237,matched,적절,4,"나: 확인해줬으면 하는 게 있어?
언니: 내가 놓친 게 있는지 봐줬으면 해.
나: 뭔데? 말해봐.
언니: 오는 길에 약국에 들러서 소화제 하나만 사다 줄래?","응, 오는 길에 들러서 사갈게. 완료되면 결과를 같이 확인하자.",v2,형제·자매,질문·요청,P2,,,,,,
239,p238,matched,적절,2,"나: 일정은 어떻게 정해졌어?
친구: 배포 일정은 목요일 밤 열 시로 확정됐습니다",확인했어. 필요한 준비는 그 일정에 맞출게. 필요하면 그때 다시 조정하자.,v2,친구,정보 공유,P5,,,,,,
240,p239,matched,적절,4,"나: 요즘 계속 피곤해 보이는데 일이 많아?
형: 일도 많은데 주말 약속까지 계속 겹쳤어.
나: 한 주라도 약속을 미루면 안 돼?
형: 이번 달까지만 지나면 좀 나아질 것 같아.",이번 달 내내 쉴 틈이 없었구나. 남은 약속 끝나면 하루는 아무것도 하지 말고 쉬자.,v2,형제·자매,일상 대화,P1,,,,,,
241,p240,matched,적절,2,"나: 이번 달에 약속이 너무 많은 것 같던데 괜찮아?
연인: 응, 주말마다 일정이 있어서 제대로 쉰 적이 없어.",쉴 틈이 없어서 많이 지쳤겠다. 다음 주말은 아무 일정 잡지 말고 같이 쉬자.,v2,연인,일상 대화,P1,,,,,,
242,p241,matched,적절,2,"나: 아까 고민되는 부분이 있다고 하셨죠?
팀장: 배포 전에 꼭 확인해야 할 항목을 어떤 순서로 보면 좋을까요?","이 경우에는 지금 확인할 수 있는 사실과 원하는 결과를 먼저 나눈 뒤, 바로 실행할 수 있는 한 가지부터 시작해봐. 작은 범위에서 먼저 재현해본 뒤 적용 범위를 넓혀봐.",v2,직장 관계(상사·동료),업무 대화,P3,,,,,,
243,p242,matched,적절,1,친구: 연락 없이 늦어져서 걱정도 됐고 서운하기도 했어,생각이 많아질 수밖에 없는 상황이었네. 한 번의 결과로 네 노력이 사라지는 건 아니야.,v2,친구,갈등 상황,P1,,,,,,
244,p243,matched,적절,3,"엄마: 일정이 정해져서 미리 알려주려고 했어.
나: 응, 확인된 내용 말해줘.
엄마: 공사 때문에 주차장은 토요일 오전에 이용할 수 없대",좋아. 현재 확정된 내용으로 정리해둘게. 관련된 사람에게도 같은 내용으로 전달할게.,v2,부모님,정보 공유,P5,,,,,,
245,p244,matched,적절,4,"나: 아까부터 기분이 안 좋아 보이는데 무슨 일 있어?
연인: 계속 마음에 걸리는 일이 있어.
나: 나 때문에 그런 거야?
연인: 내 이야기를 친구들 앞에서 농담처럼 말한 게 싫었어.","내가 가볍게 생각했어. 사람들 앞에서 불편하게 해서 미안하고, 다음부터는 먼저 물어볼게.",v2,연인,갈등 상황,P1,,,,,,
246,p245,matched,적절,3,"친구: 그러고 보니 얘기해줄 게 있어.
나: 그래서 어떻게 됐어?
친구: 어제 혼자 전시회에 갔는데 천천히 볼 수 있어서 오히려 좋았어","응, 그 뒤 이야기도 궁금하다. 처음 시작할 때와 느낌이 달라졌을 것 같아. 작품 중에서 제일 오래 보고 온 건 뭐였어?",v2,친구,일상 대화,P4,,,,,,
247,p246,matched,적절,2,"나: 아까 문의하시려던 내용은 해결하셨나요?
선배: 중고 거래 전에 판매자에게 어떤 정보를 확인해야 해?","가장 먼저 판매자 거래 이력과 실물 사진을 먼저 확인하고, 가능하면 안전결제나 사람이 많은 곳에서의 대면 거래를 선택해요. 후기나 기록을 볼 때는 네 상황과 비슷한 사례를 중심으로 봐.",v2,선후배,질문·요청,P3,,,,,,
248,p247,matched,적절,4,"나: 필요한 거 있으면 말해.
친구: 잠깐 확인해줬으면 하는 게 있어.
나: 응, 구체적으로 얘기해봐.
친구: 여행 숙소 두 군데 중에 어디가 나은지 같이 봐줄래?","응, 보내줘. 표현이 어색한 부분까지 같이 확인해줄게. 혹시 문제가 생기면 먼저 말할게.",v2,친구,질문·요청,P2,,,,,,
249,p248,matched,적절,3,"아빠: 내 입장도 한번 설명하고 싶어.
나: 같은 일이 없으려면 뭘 바꾸면 될까?
아빠: 내 이야기를 다른 사람에게 전하기 전에는 꼭 물어봐 줘",알겠어. 다음부터는 먼저 이야기하고 네 의견을 확인할게. 필요하면 직접 만나서 이야기하자.,v2,부모님,갈등 상황,P2,,,,,,
250,p249,matched,적절,2,"나: 선택지 때문에 망설이는 부분이 있나요?
팀장: 보고서 수치가 다를 때 원인을 효율적으로 찾는 방법이 있을까요?","복잡하게 보기보다 원본 데이터의 기준일과 필터 조건부터 맞춘 뒤, 계산식과 수기 입력된 셀을 차례로 비교하는 게 빨라. 정상 동작하는 경우와 비교하면 차이를 빨리 찾을 수 있어요.",v2,직장 관계(상사·동료),업무 대화,P3,,,,,,
251,p135,work_to_casual,부적절,3,"연인: 오늘 점심에 뭐 먹었어?
나: 회사 앞에서 김치찌개. 너는?
연인: 나는 그냥 샌드위치로 때웠어",알겠습니다. 변경된 일정에 맞춰 준비하겠습니다. 관련된 사람에게도 같은 내용으로 전달하겠습니다.,v2,연인,일상 대화,X2,,,,,,
252,p241,work_to_casual,부적절,3,"친구: 나 어제 미용실 갔다가 머리 엄청 짧게 잘랐어 ㅋㅋ
나: 진짜? 사진 보내봐
친구: 잠깐만, 지금은 부끄러우니까 나중에 ㅋㅋ","이 경우에는 지금 확인할 수 있는 사실과 원하는 결과를 먼저 나눈 뒤, 바로 실행할 수 있는 한 가지부터 시작해봐. 작은 범위에서 먼저 재현해본 뒤 적용 범위를 넓혀봐.",v2,친구,일상 대화,X2,,,,,,
253,p93,work_to_casual,부적절,1,언니: 아까 마트 갔다가 네가 좋아하는 과자 있길래 사 왔어,진행 상황이 정리됐네요. 어떤 과정으로 해결됐는지도 궁금합니다. 준비하거나 수정한 것 중에서 가장 도움이 된 부분은 뭐였어?,v2,형제·자매,일상 대화,X2,,,,,,
254,p59,work_to_casual,부적절,1,연인: 방금 산책 나왔는데 바람이 선선해서 걷기 딱 좋아,"네, 확인된 계정을 정리해서 오늘 안에 공유드리겠습니다. 끝나면 바로 알려드릴게요.",v2,연인,일상 대화,X2,,,,,,
255,p249,work_to_casual,부적절,1,친구: 어제 축구 봤어? 마지막 골 진짜 장난 아니더라,"복잡하게 보기보다 원본 데이터의 기준일과 필터 조건부터 맞춘 뒤, 계산식과 수기 입력된 셀을 차례로 비교하는 게 빨라. 정상 동작하는 경우와 비교하면 차이를 빨리 찾을 수 있어요.",v2,친구,일상 대화,X2,,,,,,
256,p174,work_to_casual,부적절,1,친구: 나 요즘 커피 줄이는 중인데 오후만 되면 너무 마시고 싶어,"우선 마감이 임박한 일과 다른 사람 작업을 막고 있는 일을 먼저 나누고, 나머지 범위와 기한은 담당자와 다시 합의해요. 결정한 뒤에는 검토할 시점도 함께 정해두는 게 좋아.",v2,친구,일상 대화,X2,,,,,,
257,p56,work_to_casual,부적절,2,"나: 요즘 별일 없지?
친구: 응, 그냥 똑같지 뭐. 회사 갔다 집 갔다 반복이야","복잡하게 보기보다 원본 데이터의 기준일과 필터 조건부터 맞춘 뒤, 계산식과 수기 입력된 셀을 차례로 비교하는 게 빨라. 재현 조건을 정리한 뒤 한 가지 조건씩 바꿔보는 게 좋아.",v2,친구,일상 대화,X2,,,,,,
258,p105,work_to_casual,부적절,1,동생: 오늘 길에서 완전 귀여운 강아지 봤어. 사진 찍어놨는데 나중에 보여줄게,확인된 내용이 있군요. 재현 조건이 달라진 부분도 확인해보고 싶어요. 시간이나 준비해야 할 내용도 같이 바뀐 건 없나요?,v2,형제·자매,일상 대화,X2,,,,,,
259,p103,work_to_casual,부적절,1,형: 요즘 운동 시작했는데 3일 만에 근육통 와서 죽겠다,"내 생각에는 지금 확인할 수 있는 사실과 원하는 결과를 먼저 나눈 뒤, 바로 실행할 수 있는 한 가지부터 시작해봐. 다른 사람 일정에 영향을 주는 일부터 먼저 확인해봐.",v2,형제·자매,일상 대화,X2,,,,,,
260,p15,work_to_casual,부적절,2,"나: 이번 주말에 날씨 좋으면 드라이브 갈까?
연인: 좋아, 토요일이 낫겠다. 오랜만에 바람 좀 쐬자","응, 두 시 반까지 올리고 동작 확인도 한 번 해볼게.",v2,연인,일상 대화,X2,,,,,,
261,p69,work_to_casual,부적절,1,친구: 어제 새로 생긴 분식집 가봤는데 떡볶이가 진짜 맛있더라,"네, 확인된 계정을 정리해서 오늘 안에 공유드리겠습니다. 관련된 내용까지 같이 확인해보겠습니다.",v2,친구,일상 대화,X2,,,,,,
262,p79,work_to_casual,부적절,3,"동생: 냉장고에 있던 푸딩 언니가 먹었지?
나: ㅋㅋ 미안, 하나만 남았길래
동생: 아 진짜, 그거 아껴둔 건데 ㅋㅋ","네, 전달해주신 내용대로 업무를 진행하겠습니다.",v2,형제·자매,일상 대화,X2,,,,,,
263,p191,work_to_casual,부적절,2,"나: 주말에 뭐 해?
친구: 아직 계획 없어. 집에서 쉬지 않을까 싶은데","가장 먼저 원본 데이터의 기준일과 필터 조건부터 맞춘 뒤, 계산식과 수기 입력된 셀을 차례로 비교하는 게 빨라. 확인한 순서와 결과를 짧게 메모해두는 것도 좋아.",v2,친구,일상 대화,X2,,,,,,
264,p233,work_to_casual,부적절,2,"나: 요즘 드라마 뭐 봐?
오빠: 볼 게 없어서 그냥 유튜브만 계속 보게 되더라",알겠습니다. 변경된 내용으로 반영한 뒤 다시 확인하겠습니다. 관련된 내용까지 같이 확인해보겠습니다.,v2,형제·자매,일상 대화,X2,,,,,,
265,p73,work_to_casual,부적절,1,연인: 아까 카페에서 마신 라떼 괜찮더라. 다음에 또 가자,알겠습니다. 변경된 내용으로 반영한 뒤 다시 확인하겠습니다. 완료되면 결과를 같이 확인하죠.,v2,연인,일상 대화,X2,,,,,,
266,p118,work_to_casual,부적절,2,"나: 오늘 저녁 뭐 먹지?
동생: 나는 아무거나 좋아. 시켜 먹어도 되고","오, 결과가 나왔군요. 해결 과정에서 배운 점이 있었을 것 같아요. 진행하면서 예상과 달랐던 부분은 없었어?",v2,형제·자매,일상 대화,X2,,,,,,
267,p192,work_to_casual,부적절,1,연인: 오늘 하늘 봤어? 노을이 진짜 예쁘더라,"오, 결과가 나왔군요. 다음 작업에 참고할 만한 부분이 있겠네요. 준비하거나 수정한 것 중에서 가장 도움이 된 부분은 뭐였어?",v2,연인,일상 대화,X2,,,,,,
268,p18,work_to_casual,부적절,3,"연인: 오늘따라 시간이 진짜 안 가는 것 같아
나: ㅋㅋ 왜, 무슨 일 있어?
연인: 아니 그냥, 빨리 퇴근해서 쉬고 싶어서","네, 제가 대신 참석하고 주요 내용은 정리해서 공유드리겠습니다. 빠뜨리지 않도록 메모해두겠습니다.",v2,연인,일상 대화,X2,,,,,,
269,p31,work_to_casual,부적절,1,친구: 어제 늦게까지 게임 하다가 늦잠 자서 하루 종일 정신없었어,"네, 전달해주신 내용대로 업무를 진행하겠습니다. 그 내용은 제가 메모해두겠습니다.",v2,친구,일상 대화,X2,,,,,,
270,p42,work_to_casual,부적절,1,친구: 요즘 뭐 재밌는 거 없나. 하루하루가 너무 심심해,"이 경우에는 마감이 임박한 일과 다른 사람 작업을 막고 있는 일을 먼저 나누고, 나머지 범위와 기한은 담당자와 다시 합의해요. 현재 할 수 있는 범위와 나중에 할 일을 따로 나눠봐.",v2,친구,일상 대화,X2,,,,,,
271,p0,cross_scenario,부적절,3,"선배: 요즘 같은 생각이 자꾸 반복돼요.
나: 지금 가장 힘든 부분이 무엇인가요?
선배: 혼자 밥 먹는 날이 계속되니까 생각보다 외롭더라","오, 결과가 나왔군요. 어떤 과정으로 해결됐는지도 궁금합니다. 시간이나 준비해야 할 내용도 같이 바뀐 건 없나요?",v2,선후배,일상 대화,X1,,,,,,
272,p2,cross_scenario,부적절,2,"나: 요즘 집에 혼자 계시면 적적하지 않아?
아빠: 네 엄마가 여행 가고 나니까 집이 너무 조용해서 영 적응이 안 된다.","응, 몇 시까지 가면 되는지 알려줘. 시간 맞춰서 같이 갈게.",v2,부모님,고민·감정 상담,X1,,,,,,
273,p4,cross_scenario,부적절,2,"나: 아까 일 때문에 표정이 안 좋던데 무슨 일 있어?
친구: 다 같이 정한다더니 내 의견은 묻지도 않아서 기분이 상했어.","응, 명단에 추가하고 빠진 사람이 없는지도 다시 확인할게.",v2,친구,갈등 상황,X1,,,,,,
274,p9,cross_scenario,부적절,4,"나: 요즘 기운이 없어 보이는데 괜찮아?
후배: 집에만 있으면 괜히 기분이 가라앉는 날이 많아졌어요.
나: 최근에 무슨 일이 있었어?
후배: 특별한 일은 없는데 혼자 있는 시간이 길어져서 그런가 봐요.","응, 전달한 내용대로 알고 있을게. 일정이 가까워지면 한 번 더 확인하죠.",v2,선후배,일상 대화,X1,,,,,,
275,p10,cross_scenario,부적절,2,"나: 아까 일은 그냥 넘기지 말고 이야기했으면 합니다.
팀장: 일정 변경은 앞으로 단체방에 먼저 공유하는 걸로 하자","네, 제가 대신 참석하고 주요 내용은 정리해서 공유드리겠습니다. 완료되면 결과를 같이 확인하죠.",v2,직장 관계(상사·동료),갈등 상황,X1,,,,,,
276,p11,cross_scenario,부적절,3,"친구: 사실 요즘 마음에 걸리는 게 있어.
나: 혼자 계속 생각하고 있었던 거야?
친구: 부모님과 진로 얘기만 하면 자꾸 다투게 돼서 답답해","응, 인원과 시간 확인해서 예약해둘게. 혹시 문제가 생기면 먼저 말할게.",v2,친구,고민·감정 상담,X1,,,,,,
277,p14,cross_scenario,부적절,1,친구: 부모님과 진로 얘기를 싸우지 않고 꺼내려면 어떻게 말하는 게 좋을까?,"응, 그 내용은 공유해도 돼. 추가로 확인되는 게 있으면 이어서 알려줘.",v2,친구,고민·감정 상담,X1,,,,,,
278,p16,cross_scenario,부적절,4,"나: 서로 다르게 이해한 부분이 있는 것 같습니다.
선배: 서로 오해한 부분이 있는 것 같아요.
나: 네, 먼저 입장을 말씀해주세요.
선배: 팀원이 내 의견을 무시할 때 회의에서 어떻게 말하는 게 좋을까요?","네, 확인된 계정을 정리해서 오늘 안에 공유드리겠습니다. 필요한 시간에 맞춰둘게.",v2,선후배,갈등 상황,X1,,,,,,
279,p17,cross_scenario,부적절,3,"친구: 요즘 좋아하던 일도 시작하기 전부터 지쳐.
나: 일이 너무 많이 쌓였어?
친구: 해야 할 생각만 해도 숨이 막혀서 손을 못 대겠어.",내 생각에는 평소와 다른 큰 소리가 계속 나면 모델명과 소리가 나는 상황을 적어두고 서비스센터에 문의하는 게 안전해. 해결되지 않으면 조건을 하나씩 빼면서 원인을 좁혀봐.,v2,친구,고민·감정 상담,X1,,,,,,
280,p27,cross_scenario,부적절,3,"형: 서로 오해한 부분이 있는 것 같아.
나: 응, 네 입장부터 말해봐.
형: 팀원이 내 의견을 무시할 때 회의에서 어떻게 말하는 게 좋을까?","복잡하게 보기보다 의존성 배열에 매 렌더링마다 새로 만들어지는 함수나 객체가 들어가는지 먼저 확인하고, 필요하면 useCallback이나 useMemo로 참조를 고정해봐. 문제가 생긴 직전 변경 사항부터 역순으로 확인해봐.",v2,형제·자매,갈등 상황,X1,,,,,,
281,p28,cross_scenario,부적절,4,"나: 혼자 고민하는 게 있는 것 같아서 물어봤어.
동생: 오늘은 그냥 누군가한테 말하고 싶었어.
나: 그 일 때문에 많이 힘들었어?
동생: 오랫동안 준비한 일이 끝났는데 오히려 허무한 기분이 들어",회사로 변경해도 문제없어. 필요하면 그때 다시 조정하자.,v2,형제·자매,고민·감정 상담,X1,,,,,,
282,p29,cross_scenario,부적절,3,"엄마: 나도 왜 이러는지 모르겠는데 요즘 좀 지쳐.
나: 응, 내가 듣고 있을게.
엄마: 일을 쉬고 있는데 앞으로 뭘 해야 할지 막막해","좋아, 그 내용은 기억해둘게. 변경된 부분은 메모해둘게. 시간이나 준비해야 할 내용도 같이 바뀐 건 없어?",v2,부모님,고민·감정 상담,X1,,,,,,
283,p30,cross_scenario,부적절,3,"선배: 비슷한 경험이 있으시면 조언을 듣고 싶습니다.
나: 어떤 점이 가장 고민되세요?
선배: 실수한 일이 계속 마음에 남는데 어떻게 털어내면 좋을까요?",확인했습니다. 공유된 일정과 기준에 맞춰 진행하겠습니다. 관련된 사람에게도 같은 내용으로 전달하겠습니다.,v2,선후배,고민·감정 상담,X1,,,,,,
284,p34,cross_scenario,부적절,1,친구: 요즘 작은 실수에도 스스로를 너무 몰아붙이는 것 같아,"응, 내가 맡아서 확인해볼게. 요청한 부분만 정확히 반영할게.",v2,친구,고민·감정 상담,X1,,,,,,
285,p35,cross_scenario,부적절,4,"나: 아까부터 표정이 좋지 않던데 무슨 일 있으세요?
후배: 어디서부터 말씀드려야 할지 모르겠는데 조금 힘듭니다.
나: 지금 가장 힘든 부분이 무엇인가요?
후배: 부모님과 진로 얘기만 하면 자꾸 다투게 돼서 답답해요","우선 마감이 임박한 일과 다른 사람 작업을 막고 있는 일을 먼저 나누고, 나머지 범위와 기한은 담당자와 다시 합의해요. 우선순위가 애매하면 마감과 영향 범위부터 비교해봐.",v2,선후배,고민·감정 상담,X1,,,,,,
286,p36,cross_scenario,부적절,2,"나: 신경 쓰이는 일이 있으신 것 같아요.
선배: 혼자 밥 먹는 날이 계속되니까 생각보다 외롭더라","오, 결과가 나왔군요. 후속 작업에 영향이 있는지도 궁금합니다. 진행하면서 예상과 달랐던 부분은 없었어?",v2,선후배,일상 대화,X1,,,,,,
287,p44,cross_scenario,부적절,3,"선배: 제가 생각한 방향이 맞는지 여쭤보고 싶어요.
나: 선택지가 어떻게 되나요?
선배: 자꾸 다른 사람과 비교하게 될 때는 뭘 해보는 게 좋을까요?","응, 전달한 내용대로 알고 있을게. 다른 내용은 그대로 두면 됩니다.",v2,선후배,고민·감정 상담,X1,,,,,,
288,p45,cross_scenario,부적절,2,"나: 아까 일은 그냥 넘기지 말고 얘기하자.
친구: 내 물건을 쓰기 전에 한마디만 해줄래?",확인했어. 필요한 준비는 그 일정에 맞출게. 변경 사항이 생기면 다시 알려줘.,v2,친구,갈등 상황,X1,,,,,,
289,p47,cross_scenario,부적절,2,"나: 선택지 때문에 망설이는 부분이 있나요?
후배: 실수한 일이 계속 마음에 남는데 어떻게 털어내면 좋을까요?","네, 해당 기준으로 반영해두겠습니다. 현재 기준에서는 더 정할 건 없어요.",v2,선후배,고민·감정 상담,X1,,,,,,
290,p51,cross_scenario,부적절,2,"나: 그 뒤에 어떻게 됐는지 궁금했어.
아빠: 추천받은 영화를 봤는데 마지막 장면이 계속 기억에 남아",생각이 많아질 수밖에 없는 상황이었네. 지금까지 버틴 것만으로도 충분히 잘했어.,v2,부모님,일상 대화,X1,,,,,,
291,p53,cross_scenario,부적절,2,"나: 그 뒤에 어떻게 됐는지 궁금했어.
아빠: 주말에 동네 새로 생긴 빵집 갔는데 소금빵이 괜찮더라","응, 인원과 시간 확인해서 예약해둘게. 오늘 일정 안에서 처리해둘게.",v2,부모님,일상 대화,X1,,,,,,
292,p55,cross_scenario,부적절,2,"나: 요즘 잠도 잘 못 자는 것 같던데 괜찮아?
아빠: 요즘 친구들을 만나도 혼자인 느낌이 들어","가장 먼저 지금 확인할 수 있는 사실과 원하는 결과를 먼저 나눈 뒤, 바로 실행할 수 있는 한 가지부터 시작해봐. 정상 동작하는 경우와 비교하면 차이를 빨리 찾을 수 있어.",v2,부모님,고민·감정 상담,X1,,,,,,
293,p61,cross_scenario,부적절,1,동료: 역할 분담은 다음 회의에서 다시 정하는 것으로 하겠습니다,"네, 전달해주신 내용대로 업무를 진행하겠습니다. 관련된 사람에게도 같은 내용으로 전달하겠습니다.",v2,직장 관계(상사·동료),갈등 상황,X1,,,,,,
294,p63,cross_scenario,부적절,1,아빠: 처음으로 자전거 타고 출근했는데 생각보다 할 만했어,알겠어. 일정이 그렇게 정해졌구나. 일정이 가까워지면 다시 한 번 확인하자. 시간이나 준비해야 할 내용도 같이 바뀐 건 없어?,v2,부모님,일상 대화,X1,,,,,,
295,p64,cross_scenario,부적절,4,"나: 마음에 걸리는 일 있으면 편하게 말해.
형: 사실 요즘 마음에 걸리는 게 있어.
나: 혼자 계속 생각하고 있었던 거야?
형: 가족 일로 신경 쓸 게 많아져서 집중이 잘 안 돼",확인됐구나. 관련해서 준비할 게 있는지도 봐야겠다. 시간이나 준비해야 할 내용도 같이 바뀐 건 없어?,v2,형제·자매,고민·감정 상담,X1,,,,,,
296,p65,cross_scenario,부적절,1,아빠: 오늘은 해야 할 일 하나만 끝내고 일찍 쉬기로 했어,"응, 인원과 시간 확인해서 예약해둘게. 처리한 뒤 한 번 더 확인할게.",v2,부모님,고민·감정 상담,X1,,,,,,
297,p66,cross_scenario,부적절,1,동생: 추천받은 영화를 봤는데 마지막 장면이 계속 기억에 남아,"응, 네 명으로 넣으면 돼. 그 내용은 내가 메모해둘게.",v2,형제·자매,일상 대화,X1,,,,,,
298,p68,cross_scenario,부적절,2,"나: 아까부터 마음에 걸리는 게 있는 것 같아.
연인: 같은 일이 반복되니까 내가 존중받지 못하는 기분이야.","내 생각에는 포맷하기 전에 시작 프로그램과 저장 공간부터 정리하고, 작업 관리자에서 자원을 많이 쓰는 프로그램을 확인해봐. 확인한 순서와 결과를 짧게 메모해두는 것도 좋아.",v2,연인,갈등 상황,X1,,,,,,
299,p70,cross_scenario,부적절,2,"나: 아까부터 기분이 안 좋아 보이는데 무슨 일 있어?
연인: 내 이야기를 친구들 앞에서 농담처럼 말한 게 기분 나빴어.",내 일정은 일요일이 더 여유 있어. 다른 내용은 그대로 두면 돼.,v2,연인,갈등 상황,X1,,,,,,
300,p71,cross_scenario,부적절,4,"나: 요즘 기운이 없어 보이는데 괜찮아?
후배: 집에만 있으면 괜히 기분이 가라앉는 날이 많아졌어요.
나: 최근에 특별히 힘든 일이 있었어?
후배: 뚜렷한 이유는 없는데 자꾸 의욕이 없어져요.",좋아. 현재 확정된 내용으로 정리해두겠습니다. 변경 사항이 생기면 다시 알려주세요.,v2,선후배,일상 대화,X1,,,,,,
301,p76,cross_scenario,부적절,2,"나: 서로 다르게 이해한 부분이 있는 것 같아.
형: 내 이야기를 다른 사람에게 전하기 전에는 꼭 물어봐 줘","응, 오는 길에 들러서 사갈게. 오늘 일정 안에서 처리해둘게.",v2,형제·자매,갈등 상황,X1,,,,,,
302,p77,cross_scenario,부적절,4,"나: 요즘 계속 바빠 보이는데 제대로 쉬고 있어?
친구: 이번 달은 약속이 계속 겹쳐서 주말에도 쉴 틈이 없어.
나: 취소하거나 미룰 수 있는 일정은 없어?
친구: 다 오래전에 잡은 약속이라 그것도 어렵네.",나는 일요일이 더 편해. 현재 기준에서는 더 정할 건 없어.,v2,친구,일상 대화,X1,,,,,,
303,p78,cross_scenario,부적절,1,선배: 번아웃인지 단순히 피곤한 건지 구분하려면 뭘 살펴봐야 할까요?,"가장 먼저 원본 데이터의 기준일과 필터 조건부터 맞춘 뒤, 계산식과 수기 입력된 셀을 차례로 비교하는 게 빨라. 문제가 생긴 직전 변경 사항부터 역순으로 확인해봐.",v2,선후배,고민·감정 상담,X1,,,,,,
304,p80,cross_scenario,부적절,4,"나: 아까 이야기한 일정은 어떻게 정리됐어요?
팀장: 지금은 서로 감정이 올라온 것 같으니 저녁에 다시 이야기하죠.
나: 네, 그때 차분히 정리하겠습니다.
팀장: 우선 지금 맡은 업무부터 마무리해주세요.",알겠습니다. 변경된 내용으로 반영한 뒤 다시 확인하겠습니다. 끝나면 바로 알려드릴게요.,v2,직장 관계(상사·동료),갈등 상황,X1,,,,,,
305,p84,cross_scenario,부적절,3,"아빠: 요즘 친구들을 만나도 이상하게 혼자인 기분이 든다.
나: 같이 있어도 대화가 잘 안 통하는 것 같아?
아빠: 다들 자기 얘기만 하니까 내 이야기는 꺼내기가 어렵더라.","응, 회사 주소로 바꿔도 괜찮아. 일정이 가까워지면 한 번 더 확인하자.",v2,부모님,고민·감정 상담,X1,,,,,,
306,p85,cross_scenario,부적절,2,"나: 서로 불편했던 부분은 한번 정리했으면 해.
아빠: 다음부터 약속을 바꾸기 전에 먼저 말해줄래?",좋아. 현재 확정된 내용으로 정리해둘게. 추가로 확인되는 게 있으면 이어서 알려줘.,v2,부모님,갈등 상황,X1,,,,,,
307,p89,cross_scenario,부적절,2,"나: 전에 말한 일 결과 나왔어?
언니: 방 정리하다가 예전 여행 사진을 잔뜩 찾았어",일요일로 잡으면 괜찮아. 변경 사항이 생기면 다시 알려줘.,v2,형제·자매,일상 대화,X1,,,,,,
308,p90,cross_scenario,부적절,2,"나: 확인해드릴 내용이 있나요?
동료: 이 얘기를 어디서부터 풀어야 할지 모르겠어요. 조금만 들어줘","가장 먼저 업무 목적, 반복 절차, 예외 상황, 담당자 연락처 순으로 정리하면 처음 보는 사람도 따라가기 쉬워. 기준을 정한 뒤 같은 기준으로 선택지를 비교해봐.",v2,직장 관계(상사·동료),고민·감정 상담,X1,,,,,,
309,p91,cross_scenario,부적절,4,"나: 감정 더 상하기 전에 차분히 얘기하자.
엄마: 내가 불편했던 부분을 말하고 싶어.
나: 응, 차분히 들어볼게.
엄마: 다음부터 약속을 바꾸기 전에 먼저 말해줄래?","복잡하게 보기보다 마감이 임박한 일과 다른 사람 작업을 막고 있는 일을 먼저 나누고, 나머지 범위와 기한은 담당자와 다시 합의해. 우선순위가 애매하면 마감과 영향 범위부터 비교해봐.",v2,부모님,갈등 상황,X1,,,,,,
310,p92,cross_scenario,부적절,3,"친구: 전에 궁금해하던 내용 확인해봤어.
나: 그 뒤에는 어떻게 했어?
친구: 어제 혼자 전시회에 갔는데 천천히 볼 수 있어서 오히려 좋았어",알겠어. 바뀐 일정으로 기억해둘게. 현재 기준에서는 더 정할 건 없어.,v2,친구,일상 대화,X1,,,,,,
311,p94,cross_scenario,부적절,3,"선배: 어떻게 하는 게 좋을지 고민되는 부분이 있어요.
나: 어떤 기준으로 결정하고 싶으신가요?
선배: 일이 한꺼번에 겹쳤을 때 우선순위를 어떻게 정해야 할까요?",메일로 받는 게 확인하기 편해요.,v2,선후배,고민·감정 상담,X1,,,,,,
312,p95,cross_scenario,부적절,1,연인: 처음으로 자전거 타고 출근했는데 생각보다 할 만했어,"응, 보내줘. 표현이 어색한 부분까지 같이 확인해줄게. 처리한 뒤 한 번 더 확인할게.",v2,연인,일상 대화,X1,,,,,,
313,p96,cross_scenario,부적절,4,"나: 어떻게 처리해야 할지 고민 중이신가요?
선배: 비슷한 경험이 있으시면 조언을 듣고 싶습니다.
나: 어떤 점이 가장 고민되세요?
선배: 일이 한꺼번에 겹쳤을 때 우선순위를 어떻게 정해야 할까요?","네, 확인된 계정을 정리해서 오늘 안에 공유드리겠습니다. 완료되면 결과를 같이 확인하죠. 완료되면 필요한 시점에 맞춰 전달하겠습니다.",v2,선후배,고민·감정 상담,X1,,,,,,
314,p97,cross_scenario,부적절,2,"나: 서로 다르게 이해한 부분이 있는 것 같아.
형: 문제가 있으면 공개적으로 말하기 전에 나한테 먼저 알려주세요",알겠어. 일정이 그렇게 정해졌구나. 다른 사람도 알아야 하는 내용인지 궁금하네. 시간이나 준비해야 할 내용도 같이 바뀐 건 없어?,v2,형제·자매,갈등 상황,X1,,,,,,
315,p98,cross_scenario,부적절,2,"나: 서로 불편했던 부분은 한번 정리했으면 해.
아빠: 대화할 때 내 말을 자꾸 끊어서 속상했어","응, 확인한 내용을 팀원들에게 바로 알려줄게. 이번에 정한 기준을 나도 지킬게.",v2,부모님,갈등 상황,X1,,,,,,
316,p102,cross_scenario,부적절,2,"나: 아까 분위기가 안 좋았는데 무슨 일이었어?
엄마: 문제가 있으면 공개적으로 말하기 전에 나한테 먼저 알려주세요",좋아. 현재 확정된 내용으로 정리해둘게. 일정이 가까워지면 한 번 더 확인하자.,v2,부모님,갈등 상황,X1,,,,,,
317,p104,cross_scenario,부적절,2,"나: 요즘 사람들을 만나고 와도 표정이 안 좋더라.
친구: 같이 있어도 내 얘기는 아무도 안 듣는 것 같아서 외로워.","응, 보내줘. 표현이 어색한 부분까지 같이 확인해줄게. 요청한 부분만 정확히 반영할게.",v2,친구,고민·감정 상담,X1,,,,,,
318,p106,cross_scenario,부적절,3,"연인: 내가 불편했던 부분을 말하고 싶어.
나: 응, 차분히 들어볼게.
연인: 사과는 받았지만 왜 그렇게 했는지 이해가 안 돼서 답답해","응, 알려준 내용으로 확인해둘게. 추가로 확인되는 게 있으면 이어서 알려줘.",v2,연인,갈등 상황,X1,,,,,,
319,p108,cross_scenario,부적절,2,"나: 요즘 생활 패턴이 완전히 바뀐 것 같던데 괜찮아?
친구: 야근이 늘어서 자는 시간도 들쭉날쭉하고 하루가 계속 엉켜.",혼자 버티느라 많이 지쳤겠네. 당장 괜찮아지려고 애쓰지 않아도 돼.,v2,친구,일상 대화,X1,,,,,,
320,p110,cross_scenario,부적절,2,"나: 아까 할 말이 있다고 했지?
언니: 응. 내 이야기를 다른 사람에게 전하기 전에는 꼭 나한테 먼저 물어봐 줘.","이 경우에는 마감이 임박한 일과 다른 사람 작업을 막고 있는 일을 먼저 나누고, 나머지 범위와 기한은 담당자와 다시 합의해. 필요한 정보가 부족하면 추측하기보다 먼저 확인해봐.",v2,형제·자매,갈등 상황,X1,,,,,,
321,p111,cross_scenario,부적절,2,"나: 감정이 더 상하기 전에 차분히 이야기해보죠.
팀장: 역할 분담은 다음 회의에서 다시 정하는 것으로 하겠습니다",알겠습니다. 변경된 내용으로 반영한 뒤 다시 확인하겠습니다. 진행 상태도 중간에 알려드릴게요.,v2,직장 관계(상사·동료),갈등 상황,X1,,,,,,
322,p112,cross_scenario,부적절,2,"나: 내가 놓친 게 있으면 말해줘.
아빠: 내 물건을 쓰기 전에 한마디만 해줄래?","가장 먼저 이동 시간과 취소 조건을 먼저 비교하고, 차이가 크지 않으면 후기에서 소음과 청결 관련 내용을 확인해봐. 처음부터 크게 바꾸지 말고 부담 없는 범위에서 먼저 해봐.",v2,부모님,갈등 상황,X1,,,,,,
323,p114,cross_scenario,부적절,2,"나: 조언이 필요한 일이 있다고 들었어요.
선임: 번아웃인지 단순히 피곤한 건지 구분하려면 뭘 살펴봐야 할까요?",좋은 변화가 있었네요. 사용자나 고객 반응도 함께 보면 좋겠어요. 시간이나 준비해야 할 내용도 같이 바뀐 건 없나요?,v2,직장 관계(상사·동료),고민·감정 상담,X1,,,,,,
324,p115,cross_scenario,부적절,1,형: 예전에는 퇴근하면 바로 기타를 쳤는데 요즘은 손이 잘 안 가.,"응, 내가 맡아서 확인해볼게. 필요한 시간에 맞춰둘게.",v2,형제·자매,일상 대화,X1,,,,,,
325,p116,cross_scenario,부적절,1,동생: 실수한 일이 계속 마음에 남는데 어떻게 털어내면 좋을까?,"복잡하게 보기보다 의존성 배열에 매 렌더링마다 새로 만들어지는 함수나 객체가 들어가는지 먼저 확인하고, 필요하면 useCallback이나 useMemo로 참조를 고정해봐. 해결되지 않으면 조건을 하나씩 빼면서 원인을 좁혀봐.",v2,형제·자매,고민·감정 상담,X1,,,,,,
326,p117,cross_scenario,부적절,1,형: 요즘 친구들을 만나도 혼자인 느낌이 들어.,"응, 내가 맡아서 확인해볼게. 관련된 내용까지 같이 확인해볼게.",v2,형제·자매,고민·감정 상담,X1,,,,,,
327,p120,cross_scenario,부적절,2,"나: 아까부터 표정이 안 좋아 보이던데 무슨 일 있어?
연인: 지금은 혼자 해결하려 하지 말고 주변에 도움을 구해보려고 해",계속 신경 쓰였을 텐데 잘 말해줬어. 지금 느끼는 감정을 그대로 인정해도 괜찮아.,v2,연인,고민·감정 상담,X1,,,,,,
328,p121,cross_scenario,부적절,2,"나: 요즘 많이 지쳐 보이는데 괜찮으세요?
동료: 팀에서 내 역할이 자꾸 바뀌니까 제가 필요한 사람인지 모르겠어요","우선 업무 목적, 반복 절차, 예외 상황, 담당자 연락처 순으로 정리하면 처음 보는 사람도 따라가기 쉬워. 현재 할 수 있는 범위와 나중에 할 일을 따로 나눠봐.",v2,직장 관계(상사·동료),고민·감정 상담,X1,,,,,,
329,p122,cross_scenario,부적절,1,친구: 퇴근길에 노을이 예뻐서 사진을 한참 찍었어,맞아. 예약 인원은 네 명이야. 그 내용은 내가 메모해둘게.,v2,친구,일상 대화,X1,,,,,,
330,p123,cross_scenario,부적절,3,"아빠: 내 입장도 한번 설명하고 싶어.
나: 같은 일이 없으려면 뭘 바꾸면 될까?
아빠: 내 이야기를 다른 사람에게 전하기 전에는 꼭 물어봐 줘","내 생각에는 업무 목적, 반복 절차, 예외 상황, 담당자 연락처 순으로 정리하면 처음 보는 사람도 따라가기 쉬워. 결정한 뒤에는 검토할 시점도 함께 정해두는 게 좋아.",v2,부모님,갈등 상황,X1,,,,,,
331,p124,cross_scenario,부적절,3,"연인: 그냥 넘어가면 계속 마음에 남을 것 같아.
나: 어떻게 했으면 좋겠어?
연인: 연락 없이 늦어져서 걱정도 됐고 서운하기도 했어","응, 변경된 내용 확인했어. 확정된 범위가 어디까지인지도 알고 싶어. 시간이나 준비해야 할 내용도 같이 바뀐 건 없어?",v2,연인,갈등 상황,X1,,,,,,
332,p125,cross_scenario,부적절,4,"나: 혼자 고민하는 게 있는 것 같아서 물어봤어.
연인: 오늘은 그냥 누군가한테 말하고 싶었어.
나: 그 일 때문에 많이 힘들었어?
연인: 오늘은 해야 할 일 하나만 끝내고 일찍 쉬기로 했어","응, 네 시로 변경된 것 확인했어. 다른 내용은 그대로 두면 돼.",v2,연인,고민·감정 상담,X1,,,,,,
333,p126,cross_scenario,부적절,2,"나: 이번 일은 기준을 분명히 정했으면 합니다.
팀장: 상대가 계속 약속을 바꾸는데 어디까지 맞춰줘야 할까요?","이 경우에는 포맷하기 전에 시작 프로그램과 저장 공간부터 정리하고, 작업 관리자에서 자원을 많이 쓰는 프로그램을 확인해봐. 재현 조건을 정리한 뒤 한 가지 조건씩 바꿔보는 게 좋아.",v2,직장 관계(상사·동료),갈등 상황,X1,,,,,,
334,p128,cross_scenario,부적절,2,"나: 요즘 많이 지쳐 보이는데 괜찮으세요?
팀장: 이번 평가 결과가 기대보다 안 좋아서 자신감이 떨어졌어요","응, 보내줘. 표현이 어색한 부분까지 같이 확인해줄게. 완료되면 결과를 같이 확인하죠.",v2,직장 관계(상사·동료),고민·감정 상담,X1,,,,,,
335,p129,cross_scenario,부적절,4,"나: 선택지 때문에 망설이는 부분이 있나요?
팀장: 선택지가 여러 개라 기준을 잡지 못했어요.
나: 원하시는 결과가 무엇인가요?
팀장: 번아웃인지 단순히 피곤한 건지 구분하려면 뭘 살펴봐야 할까요?",알겠습니다. 변경된 내용으로 반영한 뒤 다시 확인하겠습니다. 혹시 문제가 생기면 먼저 말하겠습니다.,v2,직장 관계(상사·동료),고민·감정 상담,X1,,,,,,
336,p132,cross_scenario,부적절,3,"엄마: 그러고 보니 얘기해줄 게 있어.
나: 그래서 어떻게 됐어?
엄마: 퇴근길에 노을이 예뻐서 사진을 한참 찍었어",요즘 정말 마음이 무거웠겠다. 조금 가라앉으면 다음 일을 같이 생각해보자.,v2,부모님,일상 대화,X1,,,,,,
337,p133,cross_scenario,부적절,4,"나: 아까 분위기가 안 좋았는데 무슨 일이었어?
친구: 이번 일은 솔직히 서운한 부분이 있어.
나: 내가 뭘 놓쳤는지 말해줘.
친구: 확정되지 않은 내용은 외부에 전달하지 말아주실 수 있을까?",알겠어. 바뀐 일정으로 기억해둘게. 추가로 확인되는 게 있으면 이어서 알려줘.,v2,친구,갈등 상황,X1,,,,,,
338,p134,cross_scenario,부적절,2,"나: 아까 얘기하려던 거 뭐였어?
엄마: 어제 혼자 전시회에 갔는데 천천히 볼 수 있어서 오히려 좋았어","응, 현재 기준은 그렇게 알고 있어. 필요하면 그때 다시 조정하자.",v2,부모님,일상 대화,X1,,,,,,
339,p139,cross_scenario,부적절,1,연인: 요즘 야근이 계속돼서 생활 리듬이 완전히 깨졌어.,내 일정은 일요일이 더 여유 있어. 그 내용은 내가 메모해둘게.,v2,연인,일상 대화,X1,,,,,,
340,p143,cross_scenario,부적절,4,"나: 요즘 주말에도 계속 바쁘던데 괜찮아?
친구: 약속이 계속 겹쳐서 제대로 쉬지를 못했어.
나: 미룰 수 있는 일정은 없어?
친구: 다 오래전에 잡아둔 거라 취소하기도 애매해.",병원과 날짜를 고른 뒤 시간 선택 버튼을 누르면 돼. 화면 보면서 같이 해보자.,v2,친구,일상 대화,X1,,,,,,
341,p144,cross_scenario,부적절,4,"나: 아까 물어보려던 건 해결했어?
연인: 일단 해보기 전에 한 번 물어보고 싶었어.
나: 어디에서 가장 막혔어?
연인: 친구와 어색해졌는데 먼저 연락하는 게 나을까 조금 기다릴까?","응, 보내줘. 표현이 어색한 부분까지 같이 확인해줄게. 진행 상태도 중간에 알려줄게. 진행하면서 문제가 생기면 먼저 이야기할게.",v2,연인,고민·감정 상담,X1,,,,,,
342,p148,cross_scenario,부적절,2,"나: 이번 달에 약속이 너무 많은 것 같던데 괜찮아?
연인: 응, 주말마다 일정이 있어서 제대로 쉰 적이 없어.","내 생각에는 지금 확인할 수 있는 사실과 원하는 결과를 먼저 나눈 뒤, 바로 실행할 수 있는 한 가지부터 시작해봐. 필요한 정보가 부족하면 추측하기보다 먼저 확인해봐.",v2,연인,일상 대화,X1,,,,,,
343,p153,cross_scenario,부적절,1,동료: 실수한 일이 계속 마음에 남는데 어떻게 털어내면 좋을까요?,잘 마무리된 것 같네요. 후속 작업에 영향이 있는지도 궁금합니다. 준비하거나 수정한 것 중에서 가장 도움이 된 부분은 뭐였어?,v2,직장 관계(상사·동료),고민·감정 상담,X1,,,,,,
344,p156,cross_scenario,부적절,2,"나: 지난번에 말씀하신 일은 어떻게 됐나요?
후배: 어제 혼자 전시회에 갔는데 천천히 볼 수 있어서 오히려 좋았어요","네, 전달해주신 내용대로 업무를 진행하겠습니다. 변경 사항이 생기면 다시 알려주세요.",v2,선후배,일상 대화,X1,,,,,,
345,p158,cross_scenario,부적절,1,연인: 이번 달은 약속이 계속 겹쳐서 주말에도 제대로 못 쉬었어.,맞아. 예약 인원은 네 명이야. 현재 기준에서는 더 정할 건 없어.,v2,연인,일상 대화,X1,,,,,,
346,p159,cross_scenario,부적절,3,"친구: 그냥 넘어가면 계속 마음에 남을 것 같아.
나: 어떻게 했으면 좋겠어?
친구: 늦어질 때는 짧게라도 연락해줄 수 있어?",확인됐구나. 일정이 가까워지면 다시 한 번 확인하자. 시간이나 준비해야 할 내용도 같이 바뀐 건 없어?,v2,친구,갈등 상황,X1,,,,,,
347,p162,cross_scenario,부적절,4,"나: 아까부터 말이 없는데 무슨 일 있어?
연인: 계속 신경 쓰이는 일이 있어.
나: 나 때문에 그런 거야?
연인: 내가 한 일을 사람들 앞에서 가볍게 말한 게 기분 나빴어.","좋아, 그 내용은 기억해둘게. 관련해서 준비할 게 있는지도 봐야겠다. 시간이나 준비해야 할 내용도 같이 바뀐 건 없어?",v2,연인,갈등 상황,X1,,,,,,
348,p163,cross_scenario,부적절,3,"동료: 저도 아까 일은 짚고 넘어가고 싶습니다.
나: 어떤 부분이 가장 불편하셨나요?
동료: 지금은 감정이 올라왔으니 저녁에 다시 얘기하자","응, 제가 맡아서 확인해보겠습니다. 필요한 시간에 맞춰둘게.",v2,직장 관계(상사·동료),갈등 상황,X1,,,,,,
349,p165,cross_scenario,부적절,2,"나: 아까부터 표정이 좋지 않던데 무슨 일 있으세요?
선임: 다음 달까지는 현재 계획을 유지해보고 다시 판단하려고 해요",확인했어요. 필요한 준비는 그 일정에 맞출게.,v2,직장 관계(상사·동료),고민·감정 상담,X1,,,,,,
350,p168,cross_scenario,부적절,1,후배: 일을 쉬고 있는데 앞으로 뭘 해야 할지 막막해요,"응, 보내줘. 표현이 어색한 부분까지 같이 확인해줄게. 빠뜨리지 않도록 메모해두겠습니다.",v2,선후배,고민·감정 상담,X1,,,,,,
351,p171,cross_scenario,부적절,4,"나: 어디서부터 시작해야 할지 막히셨나요?
동료: 어디서부터 시작해야 할지 감이 오지 않습니다.
나: 네, 조금 더 구체적으로 말씀해주세요.
동료: 일이 한꺼번에 겹쳤을 때 우선순위를 어떻게 정해야 할까요?","오, 결과가 나왔군요. 재현 조건이 달라진 부분도 확인해보고 싶어요. 진행하면서 예상과 달랐던 부분은 없었어?",v2,직장 관계(상사·동료),고민·감정 상담,X1,,,,,,
352,p173,cross_scenario,부적절,2,"나: 조언이 필요한 일이 있다던데 뭔데?
연인: 취업 준비가 길어질 때 생활 리듬을 어떻게 잡는 게 좋을까?","복잡하게 보기보다 업무 목적, 반복 절차, 예외 상황, 담당자 연락처 순으로 정리하면 처음 보는 사람도 따라가기 쉬워. 처음부터 완벽하게 하려 하지 말고 쉬운 단계부터 시작해봐.",v2,연인,고민·감정 상담,X1,,,,,,
353,p175,cross_scenario,부적절,3,"친구: 아까 일 때문에 기분이 좀 상했어.
나: 어떤 부분이 불편했는데?
친구: 내가 한 일을 사람들 앞에서 웃으면서 말한 게 싫었어.","내 생각에는 업무 목적, 반복 절차, 예외 상황, 담당자 연락처 순으로 정리하면 처음 보는 사람도 따라가기 쉬워. 기준을 정한 뒤 같은 기준으로 선택지를 비교해봐.",v2,친구,갈등 상황,X1,,,,,,
354,p176,cross_scenario,부적절,2,"나: 뭔가 신경 쓰이는 일이 있는 것 같아.
연인: 감정이 가라앉을 때까지 메시지는 보내지 않기로 했어","이 경우에는 포맷하기 전에 시작 프로그램과 저장 공간부터 정리하고, 작업 관리자에서 자원을 많이 쓰는 프로그램을 확인해봐. 현재 상태를 남겨두면 변경 전후를 비교하기 쉬워.",v2,연인,고민·감정 상담,X1,,,,,,
355,p179,cross_scenario,부적절,2,"나: 요즘 좀 지쳐 보이는데 괜찮아?
언니: 요즘은 퇴근하고 집에 오면 아무것도 하고 싶지 않아",잘 마무리된 것 같네요. 예상했던 결과와 비교해보고 싶어요. 사용자들이 특히 좋다고 한 부분이 어디였어?,v2,형제·자매,고민·감정 상담,X1,,,,,,
356,p181,cross_scenario,부적절,2,"나: 서로 불편했던 부분은 한번 정리했으면 해.
연인: 연락 없이 늦어져서 걱정도 됐고 서운하기도 했어",좋아. 현재 확정된 내용으로 정리해둘게. 지금은 추가로 바꿀 건 없어 보여.,v2,연인,갈등 상황,X1,,,,,,
357,p183,cross_scenario,부적절,2,"나: 아까 고민되는 게 있다고 했지?
친구: 번아웃인지 단순히 피곤한 건지 구분하려면 뭘 살펴봐야 할까?","응, 오는 길에 들러서 사갈게. 처리한 뒤 한 번 더 확인할게.",v2,친구,고민·감정 상담,X1,,,,,,
358,p187,cross_scenario,부적절,1,아빠: 다음부터 약속을 바꾸기 전에 먼저 말해줄래?,"내 생각에는 이동 시간과 취소 조건을 먼저 비교하고, 차이가 크지 않으면 후기에서 소음과 청결 관련 내용을 확인해봐. 처음부터 크게 바꾸지 말고 부담 없는 범위에서 먼저 해봐.",v2,부모님,갈등 상황,X1,,,,,,
359,p188,cross_scenario,부적절,3,"오빠: 요즘 퇴근하고 집에 오면 아무것도 하기 싫어.
나: 일이 많이 힘들어?
오빠: 일 자체보다 혼자 있는 시간이 길어지니까 자꾸 기분이 가라앉아.",메일로 받는 게 확인하기 편해. 그 내용은 내가 메모해둘게.,v2,형제·자매,고민·감정 상담,X1,,,,,,
360,p189,cross_scenario,부적절,1,친구: 팀에서 내 역할이 자꾸 바뀌니까 내가 필요한 사람인지 모르겠어,"먼저 맡았던 역할을 묻고, 이후 문제 상황과 해결 과정, 결과 순서로 확인하면 답변을 비교하기 좋습니다.",v2,친구,고민·감정 상담,X1,,,,,,
361,p193,cross_scenario,부적절,2,"나: 요즘 생각이 많아 보이더라. 괜찮아?
친구: 요즘 작은 실수에도 스스로를 너무 몰아붙이는 것 같아",알겠어. 바뀐 일정으로 기억해둘게. 다른 내용은 그대로 두면 돼.,v2,친구,고민·감정 상담,X1,,,,,,
362,p195,cross_scenario,부적절,4,"나: 마음에 걸리는 일 있으면 편하게 말해.
친구: 사실 요즘 마음에 걸리는 게 있어.
나: 혼자 계속 생각하고 있었던 거야?
친구: 요즘은 퇴근하고 집에 오면 아무것도 하고 싶지 않아","복잡하게 보기보다 업무 목적, 반복 절차, 예외 상황, 담당자 연락처 순으로 정리하면 처음 보는 사람도 따라가기 쉬워. 다른 사람 일정에 영향을 주는 일부터 먼저 확인해봐.",v2,친구,고민·감정 상담,X1,,,,,,
363,p199,cross_scenario,부적절,1,친구: 네가 약속을 또 당일에 바꿔서 솔직히 많이 서운했어,"응, 보내줘. 표현이 어색한 부분까지 같이 확인해줄게. 필요한 시간에 맞춰둘게.",v2,친구,갈등 상황,X1,,,,,,
364,p200,cross_scenario,부적절,2,"나: 아까부터 표정이 안 좋은데 무슨 일 있어?
연인: 내가 한 일을 사람들 앞에서 가볍게 말한 게 기분 나빴어.",그 말을 꺼내는 것도 쉽지 않았겠다. 오늘은 결론을 서두르지 말고 조금 쉬어도 돼.,v2,연인,갈등 상황,X1,,,,,,
365,p202,cross_scenario,부적절,1,연인: 운동을 다시 시작했는데 생각만큼 몸이 따라주지 않아 조금 속상해,진행 상황이 정리됐네요. 해결 과정에서 배운 점이 있었을 것 같아요. 준비하거나 수정한 것 중에서 가장 도움이 된 부분은 뭐였어?,v2,연인,일상 대화,X1,,,,,,
366,p203,cross_scenario,부적절,1,연인: 사과를 받았지만 마음이 안 풀릴 때는 어떤 식으로 대화를 이어가야 할까?,확인했어. 필요한 준비는 그 일정에 맞출게. 현재 기준에서는 더 정할 건 없어.,v2,연인,갈등 상황,X1,,,,,,
367,p209,cross_scenario,부적절,1,동생: 역할 분담은 다음 회의에서 다시 정하는 것으로 하겠습니다,좋은 변화가 있었네요. 관련된 팀 반응도 확인해보면 좋겠습니다. 준비하거나 수정한 것 중에서 가장 도움이 된 부분은 뭐였어?,v2,형제·자매,갈등 상황,X1,,,,,,
368,p211,cross_scenario,부적절,2,"나: 오늘 있었던 일 중에 기억나는 거 있어?
형: 주말에 동네 새로 생긴 빵집 갔는데 소금빵이 괜찮더라",알려줘서 고마워. 일정이 가까워지면 다시 한 번 확인하자. 시간이나 준비해야 할 내용도 같이 바뀐 건 없어?,v2,형제·자매,일상 대화,X1,,,,,,
369,p212,cross_scenario,부적절,1,친구: 연락 없이 늦어져서 걱정도 됐고 서운하기도 했어,진행 상황이 정리됐네요. 다음 작업에 참고할 만한 부분이 있겠네요. 시간이나 준비해야 할 내용도 같이 바뀐 건 없나요?,v2,친구,갈등 상황,X1,,,,,,
370,p213,cross_scenario,부적절,4,"나: 요즘 잠도 잘 못 자는 것 같던데 괜찮아?
아빠: 혼자 정리해보려 했는데 잘 안 되더라.
나: 언제부터 그렇게 느꼈어?
아빠: 오랫동안 준비한 일이 끝났는데 오히려 허무한 기분이 들어",알겠어. 일정이 그렇게 정해졌구나. 시간 외에 달라진 점도 있는지 확인해보자. 시간이나 준비해야 할 내용도 같이 바뀐 건 없어?,v2,부모님,고민·감정 상담,X1,,,,,,
371,p214,cross_scenario,부적절,4,"나: 아까부터 기분이 안 좋아 보이는데 무슨 일 있어?
연인: 계속 마음에 걸리는 일이 있어.
나: 나 때문에 그런 거야?
연인: 내 이야기를 친구들 앞에서 농담처럼 말한 게 싫었어.",확인된 내용이 있군요. 정리된 내용을 다음 회의에도 공유하면 좋겠네요. 사용자들이 특히 좋다고 한 부분이 어디였어?,v2,연인,갈등 상황,X1,,,,,,
372,p218,cross_scenario,부적절,2,"나: 요즘 좀 지쳐 보이는데 괜찮아?
연인: 지금은 혼자 해결하려 하지 말고 주변에 도움을 구해보려고 해",알겠습니다. 변경된 내용으로 반영한 뒤 다시 확인하겠습니다. 오늘 일정 안에서 처리해두겠습니다.,v2,연인,고민·감정 상담,X1,,,,,,
373,p221,cross_scenario,부적절,4,"나: 아까 일은 그냥 넘기지 말고 얘기하자.
친구: 나도 아까 일은 짚고 넘어가고 싶어.
나: 어떤 부분이 가장 불편했어?
친구: 대화할 때 내 말을 자꾸 끊어서 속상했어","내 생각에는 의존성 배열에 매 렌더링마다 새로 만들어지는 함수나 객체가 들어가는지 먼저 확인하고, 필요하면 useCallback이나 useMemo로 참조를 고정해봐. 현재 상태를 남겨두면 변경 전후를 비교하기 쉬워.",v2,친구,갈등 상황,X1,,,,,,
374,p222,cross_scenario,부적절,2,"나: 요즘 좀 지쳐 보이는데 괜찮아?
친구: 요즘은 퇴근하고 집에 오면 아무것도 하고 싶지 않아","응, 보내줘. 표현이 어색한 부분까지 같이 확인해줄게. 끝나면 바로 알려줄게.",v2,친구,고민·감정 상담,X1,,,,,,
375,p229,cross_scenario,부적절,1,엄마: 이번 평가 결과가 기대보다 안 좋아서 자신감이 떨어졌어,"응, 네 시로 변경된 것 확인했어. 추가로 확인되는 게 있으면 이어서 알려줘.",v2,부모님,고민·감정 상담,X1,,,,,,
376,p237,cross_scenario,부적절,2,"나: 요즘 계속 피곤해 보이는데 괜찮아?
형: 좋아하던 운동도 시작하기 전부터 귀찮고 지쳐.","응, 오는 길에 들러서 사갈게. 완료되면 결과를 같이 확인하자.",v2,형제·자매,고민·감정 상담,X1,,,,,,
377,p238,cross_scenario,부적절,3,"연인: 오늘은 그냥 누군가한테 말하고 싶었어.
나: 그래, 편하게 얘기해도 돼.
연인: 요즘 사소한 일에도 예민해져서 나도 좀 당황스러워",확인했어. 필요한 준비는 그 일정에 맞출게. 필요하면 그때 다시 조정하자.,v2,연인,일상 대화,X1,,,,,,
378,p243,cross_scenario,부적절,2,"나: 뭔가 신경 쓰이는 일이 있는 것 같아.
친구: 감정이 가라앉을 때까지 메시지는 보내지 않기로 했어",좋아. 현재 확정된 내용으로 정리해둘게. 관련된 사람에게도 같은 내용으로 전달할게.,v2,친구,고민·감정 상담,X1,,,,,,
379,p246,cross_scenario,부적절,2,"나: 전에 말한 일 결과 나왔어?
연인: 주말에 동네 새로 생긴 빵집 갔는데 소금빵이 괜찮더라","가장 먼저 판매자 거래 이력과 실물 사진을 먼저 확인하고, 가능하면 안전결제나 사람이 많은 곳에서의 대면 거래를 선택해요. 후기나 기록을 볼 때는 네 상황과 비슷한 사례를 중심으로 봐.",v2,연인,일상 대화,X1,,,,,,
380,p247,cross_scenario,부적절,1,친구: 부모님과 진로 얘기만 하면 자꾸 다투게 돼서 답답해,"응, 보내줘. 표현이 어색한 부분까지 같이 확인해줄게. 혹시 문제가 생기면 먼저 말할게.",v2,친구,고민·감정 상담,X1,,,,,,
381,p1,cross_scenario,부적절,4,"나: 혼자 판단하기 어려운 일이 있어?
엄마: 선택지가 여러 개라 기준을 못 잡겠어.
나: 지금까지 해본 건 뭐가 있어?
엄마: 면접 결과가 다음 주로 미뤄졌대. 그동안 준비를 계속하는 게 좋을까?",계속 마음에 걸렸겠네. 지금 느끼는 걸 더 말해도 괜찮아. 요즘 특히 더 힘들게 느껴지는 순간이 언제야?,v2,부모님,정보 공유,X1,,,,,,
382,p3,cross_scenario,부적절,1,아빠: 다음 달부터 관리비 납부일이 25일로 바뀐대,"그래. 당장은 그 계획대로 해보고, 필요하면 다시 조정하자.",v2,부모님,정보 공유,X1,,,,,,
383,p5,cross_scenario,부적절,4,"나: 아까 부탁하실 내용이 있다고 하셨죠?
팀장: 혼자 해보다가 잘 안 되는 부분이 있어요.
나: 어느 부분을 확인하면 될까요?
팀장: 이번 주 일정표에 변경된 담당자를 반영해주실 수 있나요?",그럼 다음부터는 지금 합의한 방식으로 진행하죠. 지금은 추가로 바꿀 건 없어 보여.,v2,직장 관계(상사·동료),업무 대화,X1,,,,,,
384,p6,cross_scenario,부적절,3,"연인: 어디서부터 시작해야 할지 감이 안 와.
나: 응, 구체적으로 얘기해봐.
연인: 업무가 한꺼번에 몰렸을 때 우선순위를 어떻게 정하는 게 좋을까?",알겠어. 다음부터는 먼저 이야기하고 네 의견을 확인할게. 다음부터는 당사자와 먼저 상의할게.,v2,연인,업무 대화,X1,,,,,,
385,p8,cross_scenario,부적절,2,"나: 아까 고민되는 부분이 있다고 하셨죠?
팀장: 배포 전에 꼭 확인해야 할 항목을 어떤 순서로 보면 좋을까요?","우선 마감이 임박한 일과 다른 사람 작업을 막고 있는 일을 먼저 나누고, 나머지 범위와 기한은 담당자와 다시 합의해요. 그다음 결과를 보고 다음 단계를 정하면 됩니다.",v2,직장 관계(상사·동료),업무 대화,X1,,,,,,
386,p13,cross_scenario,부적절,4,"나: 오늘 배포할 내용 남았어?
동생: 응, 수정한 화면을 QA 환경에 올려줄 수 있어?
나: 몇 시까지 필요해?
동생: 세 시 전까지면 돼.",알겠어. 다음부터는 먼저 이야기하고 네 의견을 확인할게. 요청한 부분만 정확히 반영할게.,v2,형제·자매,업무 대화,X1,,,,,,
387,p20,cross_scenario,부적절,3,"동료: 혼자 생각해봤지만 결정을 내리지 못했습니다.
나: 지금까지 시도해본 방법이 있나요?
동료: 보고서 수치가 다를 때 원인을 효율적으로 찾는 방법이 있을까요?","이 경우에는 지금 확인할 수 있는 사실과 원하는 결과를 먼저 나눈 뒤, 바로 실행할 수 있는 한 가지부터 시작해봐. 해본 뒤 마음이 더 복잡해지면 믿을 만한 사람에게 다시 이야기해봐.",v2,직장 관계(상사·동료),업무 대화,X1,,,,,,
388,p21,cross_scenario,부적절,2,"나: 지금 기준으로 정해진 게 있어?
아빠: 오늘 회의는 세 시에서 네 시로 변경됐어요",알겠어. 다음부터는 먼저 이야기하고 네 의견을 확인할게. 오늘 일정 안에서 처리해둘게.,v2,부모님,정보 공유,X1,,,,,,
389,p22,cross_scenario,부적절,2,"나: 현재 기준으로 결정된 내용이 있나요?
선배: 다음 회의에서는 역할 분담부터 다시 정리할 예정입니다","가장 먼저 지금 확인할 수 있는 사실과 원하는 결과를 먼저 나눈 뒤, 바로 실행할 수 있는 한 가지부터 시작해봐. 대화가 격해지면 잠깐 멈추고 다시 이야기할 시간을 정해봐.",v2,선후배,업무 대화,X1,,,,,,
390,p23,cross_scenario,부적절,4,"나: 요즘 계속 피곤해 보이는데 일이 많아?
형: 일도 많은데 주말 약속까지 계속 겹쳤어.
나: 한 주라도 약속을 미루면 안 돼?
형: 이번 달까지만 지나면 좀 나아질 것 같아.",그 상황이면 누구라도 힘들었을 거야. 조금 가라앉으면 다음 일을 같이 생각해보자.,v2,형제·자매,일상 대화,X1,,,,,,
391,p24,cross_scenario,부적절,4,"나: 혼자 판단하기 어려운 일이 있으신가요?
선배: 어디서부터 시작해야 할지 감이 오지 않습니다.
나: 원하시는 결과가 무엇인가요?
선배: 업무 인수인계 문서는 어느 정도까지 자세히 쓰는 게 좋아?",기대했던 만큼 더 속상했겠다. 네 마음부터 챙기는 게 먼저인 것 같아요.,v2,선후배,질문·요청,X1,,,,,,
392,p26,cross_scenario,부적절,4,"나: 혼자 하다가 막힌 게 있어?
친구: 부탁할 게 하나 있어.
나: 어느 부분을 확인하면 돼?
친구: 내일 면접 전에 자기소개 한번 들어봐 줄래?",알겠어. 다음부터는 먼저 이야기하고 네 의견을 확인할게. 앞으로는 결정 전에 한 번 더 이야기하자.,v2,친구,질문·요청,X1,,,,,,
393,p32,cross_scenario,부적절,3,"후배: 작업 결과가 나와서 공유드리려고 해요.
나: 어떤 부분이 달라졌나요?
후배: 프로젝트 발표 순서는 우리 팀이 세 번째예요",그 말을 꺼내는 것도 쉽지 않았겠다. 한 번의 결과로 네 노력이 사라지는 건 아니야.,v2,선후배,업무 대화,X1,,,,,,
394,p33,cross_scenario,부적절,4,"나: 확인해야 할 내용은 다 정리됐어?
언니: 확인된 내용이 있어서 말해두려고.
나: 그럼 다음에는 뭘 하면 돼?
언니: 병원 예약은 다음 주 화요일 오전 열 시로 잡혔어",계속 신경 쓰였을 텐데 잘 말해줬어. 혼자 감당하지 말고 힘들면 나한테 말해.,v2,형제·자매,정보 공유,X1,,,,,,
395,p37,cross_scenario,부적절,4,"나: 선택지 때문에 망설이는 부분이 있나요?
선임: 선택지가 여러 개라 기준을 잡지 못했어요.
나: 원하시는 결과가 무엇인가요?
선임: 회의에서 의견 충돌이 있을 때 어떻게 정리해서 말하는 게 좋을까요?","응, 제가 맡아서 확인해보겠습니다. 진행 상태도 중간에 알려드릴게요.",v2,직장 관계(상사·동료),업무 대화,X1,,,,,,
396,p40,cross_scenario,부적절,2,"나: 아까 문의하실 내용이 있다고 들었어요.
선임: 오류가 발생한 계정 목록을 정리해서 공유해주실 수 있나요?","내 생각에는 지금 확인할 수 있는 사실과 원하는 결과를 먼저 나눈 뒤, 바로 실행할 수 있는 한 가지부터 시작해봐. 지금 당장 해결하려 하기보다 대화할 수 있는 시간을 먼저 잡아봐.",v2,직장 관계(상사·동료),업무 대화,X1,,,,,,
397,p41,cross_scenario,부적절,3,"엄마: 급한 건 아닌데 부탁 하나 해도 돼?
나: 뭘 부탁하려고 했어?
엄마: 오는 길에 약국에 들러서 소화제 하나만 사다 줄래?",그 얘기를 꺼내기까지 생각이 많았겠다. 혼자 계속 생각하고 있었던 것 같네. 요즘 특히 더 힘들게 느껴지는 순간이 언제야?,v2,부모님,질문·요청,X1,,,,,,
398,p43,cross_scenario,부적절,3,"친구: 그러고 보니 얘기해줄 게 있어.
나: 그래서 어떻게 됐어?
친구: 어제 혼자 전시회에 갔는데 천천히 볼 수 있어서 오히려 좋았어",그런 기분이 들면 혼자 견디기 힘들지. 서두르지 말고 편하게 얘기해. 요즘 특히 더 힘들게 느껴지는 순간이 언제야?,v2,친구,일상 대화,X1,,,,,,
399,p46,cross_scenario,부적절,4,"나: 선택지 때문에 망설이는 게 있어?
언니: 일단 해보기 전에 한 번 물어보고 싶었어.
나: 지금까지 해본 건 뭐가 있어?
언니: 노트북이 느려졌는데 포맷하기 전에 해볼 만한 게 있을까?",평소보다 더 허전하겠네. 저녁에 내가 들를 테니까 같이 밥 먹자.,v2,형제·자매,질문·요청,X1,,,,,,
400,p48,cross_scenario,부적절,1,연인: 다음 달부터 관리비 납부일이 25일로 바뀐대,알겠어. 다음부터는 먼저 이야기하고 네 의견을 확인할게. 필요한 시간에 맞춰둘게.,v2,연인,정보 공유,X1,,,,,,
401,p49,cross_scenario,부적절,3,"언니: 일단 지금 기준으로 결정된 게 있어.
나: 응, 확인된 내용 말해줘.
언니: 토요일과 일요일 중 어느 날이 더 편해?",알겠어. 다음부터는 먼저 이야기하고 네 의견을 확인할게. 다른 사람에게 말하기 전에 꼭 확인할게.,v2,형제·자매,질문·요청,X1,,,,,,
402,p50,cross_scenario,부적절,2,"나: 확인해줬으면 하는 게 있어?
친구: 내일 면접 전에 자기소개 한번 들어봐 줄래?","그래. 당장은 그 계획대로 해보고, 필요하면 다시 조정하자. 필요하면 그때 다시 조정하자.",v2,친구,질문·요청,X1,,,,,,
403,p54,cross_scenario,부적절,2,"나: 일정은 어떻게 정해졌어?
친구: 자료는 메일과 메신저 중 어디로 보내면 돼?",많이 긴장되고 부담됐겠다. 지금 느끼는 감정을 그대로 인정해도 괜찮아.,v2,친구,질문·요청,X1,,,,,,
404,p57,cross_scenario,부적절,1,후배: 어제 배포한 버전은 현재까지 특이사항이 없습니다,그랬구나. 요즘 많이 지쳤나 보네요. 그 상황이 왜 마음에 남는지 이해돼. 요즘 특히 더 힘들게 느껴지는 순간이 언제야?,v2,선후배,업무 대화,X1,,,,,,
405,p58,cross_scenario,부적절,4,"나: 진행 상황에서 달라진 부분이 있나요?
팀장: 예상과 조금 다른 결과가 나왔어요.
나: 그럼 다음 작업은 무엇인가요?
팀장: 고객사에서 수정된 기능을 확인했다고 연락 왔습니다","우선 지금 확인할 수 있는 사실과 원하는 결과를 먼저 나눈 뒤, 바로 실행할 수 있는 한 가지부터 시작해봐. 혼자 판단하기 어렵다면 관련된 사람과 기준부터 맞춰봐.",v2,직장 관계(상사·동료),업무 대화,X1,,,,,,
406,p72,cross_scenario,부적절,2,"나: 혼자 판단하기 어려운 일이 있으신가요?
후배: 보고서 수치가 다를 때 원인을 효율적으로 찾는 방법이 있을까요?","이 경우에는 수면과 식사, 집중력 저하가 얼마나 오래됐는지 먼저 기록해보고, 쉬어도 회복되지 않으면 상담이나 진료도 고려해봐. 대화가 격해지면 잠깐 멈추고 다시 이야기할 시간을 정해봐.",v2,선후배,업무 대화,X1,,,,,,
407,p75,cross_scenario,부적절,4,"나: 지난번에 물어본 건 답 왔어?
친구: 일정이 정해져서 미리 알려주려고 했어.
나: 그래, 현재 상황이 어떻게 돼?
친구: 그 내용은 다른 사람들에게도 공유해도 돼?",알겠어. 다음부터는 먼저 이야기하고 네 의견을 확인할게. 빠뜨리지 않도록 메모해둘게.,v2,친구,질문·요청,X1,,,,,,
408,p81,cross_scenario,부적절,4,"나: 현재 기준으로 결정된 내용이 있나요?
선배: 관련된 분들과 이야기해서 정리했습니다.
나: 네, 어떻게 정해졌나요?
선배: 오늘 회의는 세 시에서 네 시로 변경됐어요","복잡하게 보기보다 마감이 임박한 일과 다른 사람 작업을 막고 있는 일을 먼저 나누고, 나머지 범위와 기한은 담당자와 다시 합의해요. 그다음 결과를 보고 다음 단계를 정하면 됩니다.",v2,선후배,업무 대화,X1,,,,,,
409,p82,cross_scenario,부적절,4,"나: 확인해야 할 내용은 다 정리됐어?
언니: 확인된 내용이 있어서 말해두려고.
나: 그럼 다음에는 뭘 하면 돼?
언니: 배포 일정은 목요일 밤 열 시로 확정됐습니다","응, 지금은 무리해서 결론 내리지 않고 조금 더 지켜보자. 지금은 추가로 바꿀 건 없어 보여.",v2,형제·자매,정보 공유,X1,,,,,,
410,p86,cross_scenario,부적절,4,"나: 확인해야 할 내용은 다 정리됐어?
친구: 확인된 내용이 있어서 말해두려고.
나: 그럼 다음에는 뭘 하면 돼?
친구: 병원 예약은 다음 주 화요일 오전 열 시로 잡혔어","우선 지금 확인할 수 있는 사실과 원하는 결과를 먼저 나눈 뒤, 바로 실행할 수 있는 한 가지부터 시작해봐. 지금 당장 해결하려 하기보다 대화할 수 있는 시간을 먼저 잡아봐.",v2,친구,정보 공유,X1,,,,,,
411,p87,cross_scenario,부적절,3,"오빠: 하나만 도와줄 수 있어?
나: 응, 구체적으로 얘기해봐.
오빠: 숙소 체크인은 세 시부터 가능하대. 이동 시간 다시 계산해줄래?","내 생각에는 수면과 식사, 집중력 저하가 얼마나 오래됐는지 먼저 기록해보고, 쉬어도 회복되지 않으면 상담이나 진료도 고려해봐. 상대의 답을 재촉하지 말고 네 의도부터 분명하게 전달해봐.",v2,형제·자매,정보 공유,X1,,,,,,
412,p88,cross_scenario,부적절,2,"나: 마음에 걸리는 일 있으면 편하게 말해.
연인: 친구에게 먼저 연락하고 싶은데 또 거절당할까 봐 겁나. 내가 너무 걱정하는 걸까?","이 경우에는 부담이 덜한 짧은 안부부터 보내고, 바로 답을 요구하기보다 상대가 편할 때 답할 수 있게 말해봐. 네가 바라는 변화가 무엇인지 구체적으로 말하는 게 좋아.",v2,연인,질문·요청,X1,,,,,,
413,p99,cross_scenario,부적절,3,"선배: 비슷한 경험이 있으시면 조언을 듣고 싶습니다.
나: 어떤 점이 가장 고민되세요?
선배: 인수인계 문서는 어느 수준까지 자세히 작성해야 할까요?","네, 우선 현재 업무를 마무리하고 저녁에 다시 이야기하겠습니다.",v2,선후배,업무 대화,X1,,,,,,
414,p100,cross_scenario,부적절,3,"엄마: 변경된 부분이 하나 있어.
나: 시간은 그대로야?
엄마: 병원 예약은 다음 주 화요일 오전 열 시로 잡혔어",알겠어. 다음부터는 먼저 이야기하고 네 의견을 확인할게. 혹시 문제가 생기면 먼저 말할게.,v2,부모님,정보 공유,X1,,,,,,
415,p101,cross_scenario,부적절,2,"나: 아까 이야기한 계획은 그대로야?
친구: 예약 인원은 네 명으로 넣으면 되는 거지?","우선 잘잘못부터 따지기보다 불편했던 행동과 다음부터 원하는 기준을 구체적으로 말하고, 상대 설명도 끝까지 들어봐. 해본 뒤 마음이 더 복잡해지면 믿을 만한 사람에게 다시 이야기해봐.",v2,친구,질문·요청,X1,,,,,,
416,p107,cross_scenario,부적절,1,오빠: 배송지를 회사로 바꿔도 괜찮아?,혼자 있는 시간이 계속되면 더 가라앉을 수 있겠다. 이번 주말에는 같이 밥 먹고 산책이라도 하자.,v2,형제·자매,질문·요청,X1,,,,,,
417,p109,cross_scenario,부적절,2,"나: 일정은 어떻게 정해졌어?
엄마: 다음 달부터 관리비 납부일이 25일로 바뀐대",알겠어. 이번 주는 정한 만큼만 해보고 상태를 보자. 필요하면 그때 다시 조정하자.,v2,부모님,정보 공유,X1,,,,,,
418,p113,cross_scenario,부적절,2,"나: 뭔가 신경 쓰이는 일이 있는 것 같아.
연인: 요즘 내가 사소한 일에도 너무 예민한 것 같아. 너도 그렇게 보여?",원래 좋아하던 일도 버겁게 느껴질 만큼 지쳤구나. 이번 주는 억지로 하지 말고 좀 쉬어.,v2,연인,질문·요청,X1,,,,,,
419,p119,cross_scenario,부적절,3,"팀장: 잠깐 확인해주셨으면 하는 내용이 있습니다.
나: 네, 필요한 내용부터 말씀해주세요.
팀장: 고객사에 보내기 전에 메일 내용을 한번 검토해주세요",좋아. 같은 일이 없도록 이 기준을 지키자. 관련된 사람에게도 같은 내용으로 전달하겠습니다.,v2,직장 관계(상사·동료),업무 대화,X1,,,,,,
420,p127,cross_scenario,부적절,2,"나: 오늘은 평소보다 말이 없네. 무슨 일 있었어?
엄마: 잘 쉬고 있는데도 피곤한데 혹시 내가 무리하고 있는 것처럼 보여?",사람들 앞에서 가볍게 다뤄져서 속상했겠다. 다음에는 그러지 말아달라고 차분히 이야기해보자.,v2,부모님,질문·요청,X1,,,,,,
421,p131,cross_scenario,부적절,2,"나: 혼자 판단하기 어려운 일이 있어?
동생: 업무가 한꺼번에 몰렸을 때 우선순위를 어떻게 정하는 게 좋을까?","그래. 당장은 그 계획대로 해보고, 필요하면 다시 조정하자. 일정이 가까워지면 한 번 더 확인하자.",v2,형제·자매,업무 대화,X1,,,,,,
422,p137,cross_scenario,부적절,4,"나: 지난번에 물어본 건 답 왔어?
엄마: 일단 지금 기준으로 결정된 게 있어.
나: 다른 변경 사항은 없어?
엄마: 계약서는 금요일 오후에 작성하기로 했어","응, 조금 더 들어보고 싶어. 네 입장에서 어떤 점이 힘든지 궁금해. 요즘 특히 더 힘들게 느껴지는 순간이 언제야?",v2,부모님,정보 공유,X1,,,,,,
423,p138,cross_scenario,부적절,1,아빠: 내일 병원에서 검사 결과를 듣는데 같이 가줄 수 있니?,그랬구나. 요즘 많이 지쳤나 보네. 지금은 해결보다 이야기를 듣는 게 먼저인 것 같아. 요즘 특히 더 힘들게 느껴지는 순간이 언제야?,v2,부모님,질문·요청,X1,,,,,,
424,p140,cross_scenario,부적절,2,"나: 선택지 때문에 망설이는 게 있어?
친구: 노트북이 느려졌는데 포맷하기 전에 해볼 만한 게 있을까?",그렇게 느끼게 해서 미안해. 어떤 일이 반복됐는지 말해주면 제대로 듣고 고칠게.,v2,친구,질문·요청,X1,,,,,,
425,p141,cross_scenario,부적절,1,아빠: 여행 숙소를 고를 때 위치와 가격 중 어느 쪽을 먼저 봐야 할까?,"가장 먼저 지금 확인할 수 있는 사실과 원하는 결과를 먼저 나눈 뒤, 바로 실행할 수 있는 한 가지부터 시작해봐. 우선순위가 애매하면 마감과 영향 범위부터 비교해봐.",v2,부모님,질문·요청,X1,,,,,,
426,p142,cross_scenario,부적절,2,"나: 아빠, 스마트폰으로 병원 예약하는 거 어려워?
아빠: 응. 진료과를 고른 다음에는 어디를 눌러야 하는지 모르겠어.",많이 긴장되고 부담됐겠다. 필요하면 내가 옆에서 같이 정리해볼게.,v2,부모님,질문·요청,X1,,,,,,
427,p146,cross_scenario,부적절,4,"나: 지금 기준으로 정해진 게 있어?
오빠: 확인된 내용이 있어서 말해두려고.
나: 언제부터 그렇게 하면 돼?
오빠: 회의 시간이 네 시로 바뀐 거 확인했어?","우선 잘잘못부터 따지기보다 불편했던 행동과 다음부터 원하는 기준을 구체적으로 말하고, 상대 설명도 끝까지 들어봐. 대화가 격해지면 잠깐 멈추고 다시 이야기할 시간을 정해봐.",v2,형제·자매,질문·요청,X1,,,,,,
428,p147,cross_scenario,부적절,3,"연인: 부탁할 게 하나 있어.
나: 어느 부분을 확인하면 돼?
연인: 내일 면접 전에 자기소개 한번 들어봐 줄래?",계속 마음에 걸렸겠네. 그 상황이 왜 마음에 남는지 이해돼. 그중에서 네가 가장 기억에 남는 건 뭐야?,v2,연인,질문·요청,X1,,,,,,
429,p149,cross_scenario,부적절,1,연인: 토요일과 일요일 중 어느 날이 더 편해?,"알겠어. 앞으로는 먼저 네 의사를 확인하고, 싫다고 하면 이야기하지 않을게.",v2,연인,질문·요청,X1,,,,,,
430,p150,cross_scenario,부적절,1,친구: 업무 인수인계 문서는 어느 정도까지 자세히 쓰는 게 좋아?,사람들 앞에서 네 이야기를 가볍게 한 건 미안해. 다음부터는 먼저 네 의사를 확인할게.,v2,친구,질문·요청,X1,,,,,,
431,p151,cross_scenario,부적절,4,"나: 방법을 같이 생각해봤으면 하는 부분이 있나요?
팀장: 어떻게 하는 게 좋을지 고민되는 부분이 있어요.
나: 어떤 기준으로 결정하고 싶으신가요?
팀장: 업무가 한꺼번에 몰렸을 때 우선순위를 어떻게 정하는 게 좋을까요?","이 경우에는 지금 확인할 수 있는 사실과 원하는 결과를 먼저 나눈 뒤, 바로 실행할 수 있는 한 가지부터 시작해봐. 한 번에 결론을 내리기보다 네가 원하는 점부터 짧게 정리해봐.",v2,직장 관계(상사·동료),업무 대화,X1,,,,,,
432,p154,cross_scenario,부적절,1,아빠: 숙소 체크인은 세 시부터 가능하대. 이동 시간 다시 계산해줄래?,같이 있어도 외롭게 느껴졌겠네. 다음에 만나면 아빠 이야기도 편하게 해봐. 내가 먼저 들어줄게.,v2,부모님,정보 공유,X1,,,,,,
433,p155,cross_scenario,부적절,2,"나: 확인해드릴 내용이 있나요?
팀장: 오류가 발생한 계정 목록을 정리해서 공유해주실 수 있나요?",알겠어. 앞으로는 방금 정한 기준대로 하죠. 다른 내용은 그대로 두면 됩니다.,v2,직장 관계(상사·동료),업무 대화,X1,,,,,,
434,p157,cross_scenario,부적절,2,"나: 요즘 생각이 많아 보이더라. 괜찮아?
형: 친구에게 먼저 연락하고 싶은데 또 거절당할까 봐 겁나. 내가 너무 걱정하는 걸까?",그 말을 꺼내는 것도 쉽지 않았겠다. 네 마음부터 챙기는 게 먼저인 것 같아.,v2,형제·자매,질문·요청,X1,,,,,,
435,p160,cross_scenario,부적절,2,"나: 변경된 내용 있으면 말해줘.
아빠: 오늘 회의는 세 시에서 네 시로 변경됐어요",계속 신경 쓰였을 텐데 잘 말해줬어. 필요하면 내가 옆에서 같이 정리해볼게.,v2,부모님,정보 공유,X1,,,,,,
436,p161,cross_scenario,부적절,2,"나: 그 뒤에 어떻게 됐는지 궁금했어.
아빠: 처음으로 자전거 타고 출근했는데 생각보다 할 만했어",네가 유난스러운 게 아니라 충분히 힘들 만한 일이야. 한 번의 결과로 네 노력이 사라지는 건 아니야.,v2,부모님,일상 대화,X1,,,,,,
437,p164,cross_scenario,부적절,3,"연인: 어떻게 하는 게 나을지 고민되는 게 있어.
나: 어떤 기준으로 결정하고 싶어?
연인: 보고서 수치가 다를 때 원인을 효율적으로 찾는 방법이 있을까?",사람들 사이에 있어도 외롭게 느껴졌구나. 요즘 무슨 일이 있었는지 천천히 말해봐.,v2,연인,업무 대화,X1,,,,,,
438,p166,cross_scenario,부적절,1,친구: 다음 달부터 관리비 납부일이 25일로 바뀐대,좋아하던 것도 귀찮을 만큼 기운이 없구나. 이번에는 억지로 가지 말고 푹 쉬어.,v2,친구,정보 공유,X1,,,,,,
439,p167,cross_scenario,부적절,2,"나: 제가 도울 수 있는 일이면 말씀해주세요.
선배: 집주인에게 보낼 문자가 어색하지 않은지 읽어봐 주실 수 있나요?","가장 먼저 수면과 식사, 집중력 저하가 얼마나 오래됐는지 먼저 기록해보고, 쉬어도 회복되지 않으면 상담이나 진료도 고려해봐. 상대 반응을 단정하지 말고 네가 느낀 점부터 설명해봐.",v2,선후배,질문·요청,X1,,,,,,
440,p170,cross_scenario,부적절,1,형: 병원 예약이 다음 주 화요일 오전 열 시로 잡혔어. 캘린더에 적어줄래?,알겠어. 다음부터는 먼저 이야기하고 네 의견을 확인할게. 끝나면 바로 알려줄게. 진행하면서 마지막으로 한 번 더 검토할게.,v2,형제·자매,정보 공유,X1,,,,,,
441,p177,cross_scenario,부적절,2,"나: 일정은 어떻게 정해졌나요?
후배: 휴가 신청은 이번 주 안에 제출하면 된대","가장 먼저 지금 확인할 수 있는 사실과 원하는 결과를 먼저 나눈 뒤, 바로 실행할 수 있는 한 가지부터 시작해봐. 선택지가 많으면 꼭 필요한 조건 세 개만 먼저 정해봐.",v2,선후배,정보 공유,X1,,,,,,
442,p178,cross_scenario,부적절,4,"나: 아까 연락한 이유가 부탁할 게 있어서였어?
친구: 급한 건 아닌데 부탁 하나 해도 돼?
나: 뭘 부탁하려고 했어?
친구: 내일 면접 전에 자기소개 한번 들어봐 줄래?",알겠어. 다음부터는 먼저 이야기하고 네 의견을 확인할게. 끝나면 바로 알려줄게.,v2,친구,질문·요청,X1,,,,,,
443,p184,cross_scenario,부적절,1,친구: 이번 모임 예약을 대신해줄 수 있어?,"복잡하게 보기보다 지금 확인할 수 있는 사실과 원하는 결과를 먼저 나눈 뒤, 바로 실행할 수 있는 한 가지부터 시작해봐. 현재 할 수 있는 범위와 나중에 할 일을 따로 나눠봐.",v2,친구,질문·요청,X1,,,,,,
444,p185,cross_scenario,부적절,1,연인: 휴가 신청은 이번 주 안에 제출하면 된대,그건 내가 조심했어야 했어. 사람들 앞에서 불편하게 해서 미안해.,v2,연인,정보 공유,X1,,,,,,
445,p186,cross_scenario,부적절,4,"나: 그 일은 어떻게 진행하기로 했나요?
후배: 현재 상황만 간단히 말씀드릴게요.
나: 현재 상황이 어떻게 되나요?
후배: 휴가 신청은 이번 주 안에 제출하면 된대","우선 마감이 임박한 일과 다른 사람 작업을 막고 있는 일을 먼저 나누고, 나머지 범위와 기한은 담당자와 다시 합의해요. 필요한 정보가 부족하면 추측하기보다 먼저 확인해봐.",v2,선후배,정보 공유,X1,,,,,,
446,p190,cross_scenario,부적절,4,"나: 변경된 내용 있으면 말해줘.
언니: 계획을 조금 조정해서 말해두려고.
나: 그 기준으로 진행하면 되는 거야?
언니: 예약 인원은 네 명으로 최종 확인됐어","응, 조금 더 들어보고 싶어. 그 일 이후의 상황도 천천히 들어볼게. 요즘 특히 더 힘들게 느껴지는 순간이 언제야?",v2,형제·자매,정보 공유,X1,,,,,,
447,p194,cross_scenario,부적절,1,연인: 여행 숙소를 고를 때 위치와 가격 중 어느 쪽을 먼저 봐야 할까?,알겠어. 다음부터는 먼저 이야기하고 네 의견을 확인할게. 진행 상태도 중간에 알려줄게.,v2,연인,질문·요청,X1,,,,,,
448,p197,cross_scenario,부적절,3,"선배: 확인된 내용이 있어서 말씀드리려고 합니다.
나: 그 기준으로 진행하면 되는 건가요?
선배: 보고서 검토는 팀장님 확인 후 마무리하겠습니다",좋아. 같은 일이 없도록 이 기준을 지키자. 변경 사항이 생기면 다시 알려주세요.,v2,선후배,업무 대화,X1,,,,,,
449,p198,cross_scenario,부적절,2,"나: 확인해야 할 내용은 다 정리됐어?
연인: 택배는 오늘 저녁 여덟 시쯤 도착 예정이래",그렇게 느끼게 해서 미안해. 다음부터는 네 이야기를 꺼내기 전에 먼저 물어볼게.,v2,연인,정보 공유,X1,,,,,,
450,p201,cross_scenario,부적절,2,"나: 아까 이야기한 계획은 그대로야?
언니: 토요일과 일요일 중 어느 날이 더 편해?",알겠어. 다음부터는 먼저 이야기하고 네 의견을 확인할게. 중간에 쉬고 싶으면 말해.,v2,형제·자매,질문·요청,X1,,,,,,
451,p204,cross_scenario,부적절,1,엄마: React에서 useEffect가 계속 반복 실행되는데 어디부터 확인해야 할까?,알겠어. 당분간은 현재 계획을 유지해보자.,v2,부모님,질문·요청,X1,,,,,,
452,p205,cross_scenario,부적절,2,"나: 아까 물어볼 게 있다던데 뭔데?
형: 이번 모임 예약을 대신해줄 수 있어?",그 얘기를 꺼내기까지 생각이 많았겠다. 말로 꺼내니 마음이 조금은 정리됐으면 좋겠다. 그중에서 네가 가장 기억에 남는 건 뭐야?,v2,형제·자매,질문·요청,X1,,,,,,
453,p206,cross_scenario,부적절,2,"나: 확인해드릴 내용이 있나요?
팀장: 오늘 안에 수정된 화면을 QA 환경에 올려주실 수 있나요?","우선 수면과 식사, 집중력 저하가 얼마나 오래됐는지 먼저 기록해보고, 쉬어도 회복되지 않으면 상담이나 진료도 고려해봐. 혼자 계속 생각하기보다 작은 행동 하나를 정해보는 것도 좋아.",v2,직장 관계(상사·동료),업무 대화,X1,,,,,,
454,p207,cross_scenario,부적절,3,"동료: 혼자 해보다가 잘 안 되는 부분이 있어요.
나: 어느 부분을 확인하면 될까요?
동료: 오늘 안에 수정된 화면을 QA 환경에 올려주실 수 있나요?","그래요. 당장은 그 계획대로 해보고, 필요하면 다시 조정하죠. 지금은 추가로 바꿀 건 없어 보여.",v2,직장 관계(상사·동료),업무 대화,X1,,,,,,
455,p210,cross_scenario,부적절,4,"나: 필요한 거 있으면 말해.
친구: 잠깐 확인해줬으면 하는 게 있어.
나: 응, 구체적으로 얘기해봐.
친구: 여행 숙소 두 군데 중에 어디가 나은지 같이 봐줄래?",사람들 사이에서도 혼자라고 느꼈구나. 그동안 누구한테도 말 못 해서 더 답답했겠다.,v2,친구,질문·요청,X1,,,,,,
456,p215,cross_scenario,부적절,2,"나: 선택지 때문에 망설이는 게 있어?
언니: React에서 useEffect가 계속 반복 실행되는데 어디부터 확인해야 할까?",네가 유난스러운 게 아니라 충분히 힘들 만한 일이야. 지금까지 버틴 것만으로도 충분히 잘했어.,v2,형제·자매,질문·요청,X1,,,,,,
457,p216,cross_scenario,부적절,2,"나: 아까 확인한 내용 있다고 했지?
연인: 휴가 신청은 이번 주 안에 제출하면 된대",그럼 다음부터는 지금 합의한 방식으로 진행하자. 일정이 가까워지면 한 번 더 확인하자.,v2,연인,정보 공유,X1,,,,,,
458,p217,cross_scenario,부적절,3,"연인: 방금 답이 와서 공유하려고 해.
나: 그럼 다음에는 뭘 하면 돼?
연인: 토요일과 일요일 중 어느 날이 더 편해?",요즘 정말 마음이 무거웠겠다. 지금 느끼는 감정을 그대로 인정해도 괜찮아.,v2,연인,질문·요청,X1,,,,,,
459,p219,cross_scenario,부적절,2,"나: 아까 물어보려던 건 해결했어?
동생: 담당자가 바뀐다고 공지가 왔는데 인수인계를 어디서부터 확인해야 할까?","응, 조금 더 들어보고 싶어. 네가 어떤 순간에 가장 힘든지 알고 싶어. 그중에서 네가 가장 기억에 남는 건 뭐야?",v2,형제·자매,정보 공유,X1,,,,,,
460,p224,cross_scenario,부적절,2,"나: 지난번에 물어본 건 답 왔어?
연인: 예약 인원은 네 명으로 넣으면 되는 거지?",네 의견이 빠진 채 결정돼서 속상했겠다. 다음에는 먼저 말할 기회를 달라고 이야기해보자.,v2,연인,질문·요청,X1,,,,,,
461,p225,cross_scenario,부적절,3,"친구: 관련된 사람들과 얘기해서 정리했어.
나: 그 기준으로 진행하면 되는 거야?
친구: 예약 인원은 네 명으로 넣으면 되는 거지?",시작하기도 전에 막막할 만큼 지쳤구나. 오늘은 꼭 필요한 일 하나만 하고 나머지는 미뤄도 괜찮아.,v2,친구,질문·요청,X1,,,,,,
462,p226,cross_scenario,부적절,3,"아빠: 이번 주 가족 모임 참석자 명단에 이모도 추가해줄래?
나: 응, 성함만 다시 알려줘.
아빠: 박정희로 추가하면 돼.",그 상황이면 누구라도 힘들었을 거야. 당장 괜찮아지려고 애쓰지 않아도 돼.,v2,부모님,질문·요청,X1,,,,,,
463,p227,cross_scenario,부적절,3,"연인: 방법을 몇 가지 찾아봤는데 뭐가 맞는지 모르겠어.
나: 선택지가 어떻게 되는데?
연인: React에서 useEffect가 계속 반복 실행되는데 어디부터 확인해야 할까?",기대했던 만큼 더 속상했겠다. 지금까지 버틴 것만으로도 충분히 잘했어.,v2,연인,질문·요청,X1,,,,,,
464,p230,cross_scenario,부적절,4,"나: 확인해줬으면 하는 게 있어?
언니: 내가 놓친 게 있는지 봐줬으면 해.
나: 뭔데? 말해봐.
언니: 오는 길에 약국에 들러서 소화제 하나만 사다 줄래?",알겠어. 다음부터는 먼저 이야기하고 네 의견을 확인할게. 처리한 뒤 한 번 더 확인할게.,v2,형제·자매,질문·요청,X1,,,,,,
465,p232,cross_scenario,부적절,2,"나: 내가 도울 수 있는 일이면 말해봐.
연인: 내일 아침 일곱 시에 한 번 깨워줄 수 있어?",그 얘기를 꺼내기까지 생각이 많았겠다. 지금은 해결보다 이야기를 듣는 게 먼저인 것 같아. 요즘 특히 더 힘들게 느껴지는 순간이 언제야?,v2,연인,질문·요청,X1,,,,,,
466,p235,cross_scenario,부적절,2,"나: 선택지 때문에 망설이는 부분이 있나요?
동료: 인수인계 문서는 어느 수준까지 자세히 작성해야 할까요?",그런 기분이 들면 혼자 견디기 힘들지. 그 상황이 왜 마음에 남는지 이해돼. 요즘 특히 더 힘들게 느껴지는 순간이 언제야?,v2,직장 관계(상사·동료),업무 대화,X1,,,,,,
467,p236,cross_scenario,부적절,2,"나: 마음에 걸리는 일 있으면 편하게 말해.
동생: 친구에게 먼저 연락하고 싶은데 또 거절당할까 봐 겁나. 내가 너무 걱정하는 걸까?",계속 신경 쓰였을 텐데 잘 말해줬어. 조금 가라앉으면 다음 일을 같이 생각해보자.,v2,형제·자매,질문·요청,X1,,,,,,
468,p242,cross_scenario,부적절,1,형: 회의 시간이 네 시로 바뀐 거 확인했어?,생각이 많아질 수밖에 없는 상황이었네. 한 번의 결과로 네 노력이 사라지는 건 아니야.,v2,형제·자매,질문·요청,X1,,,,,,
469,p244,cross_scenario,부적절,2,"나: 아까 고민되는 게 있다고 했지?
오빠: 김치냉장고에서 소리가 나는데 바로 서비스센터에 연락해야 할까?","내가 가볍게 생각했어. 사람들 앞에서 불편하게 해서 미안하고, 다음부터는 먼저 물어볼게.",v2,형제·자매,질문·요청,X1,,,,,,
470,p248,cross_scenario,부적절,1,연인: 오는 길에 약국에 들러서 소화제 하나만 사다 줄래?,알겠어. 다음부터는 먼저 이야기하고 네 의견을 확인할게. 필요하면 직접 만나서 이야기하자.,v2,연인,질문·요청,X1,,,,,,
471,p7,cross_scenario,부적절,2,"나: 내가 놓친 게 있으면 말해줘.
언니: 확정되지 않은 내용은 외부에 전달하지 말아주실 수 있을까?",직접 해보니 느낌이 달랐겠다. 그 뒤에 이어진 일도 있었는지 궁금하다. 사진도 찍었어? 실제로 본 색감이 더 예뻤겠다.,v2,형제·자매,갈등 상황,X1,,,,,,
472,p12,cross_scenario,부적절,2,"나: 내가 놓친 게 있으면 말해줘.
연인: 확정되지 않은 내용은 외부에 전달하지 말아주실 수 있을까?",생각보다 기억에 남는 일이었나 보네. 그 경험이 왜 기억에 남았는지 알고 싶어. 직접 해보니 힘든 점보다 좋았던 점이 더 컸어?,v2,연인,갈등 상황,X1,,,,,,
473,p19,cross_scenario,부적절,3,"엄마: 현재 상황만 간단히 알려줄게.
나: 그래, 현재 상황이 어떻게 돼?
엄마: 병원 예약은 다음 주 화요일 오전 열 시로 잡혔어",계속 제대로 못 쉬었구나. 오늘은 일 생각 잠깐 내려놓고 일찍 쉬자.,v2,부모님,정보 공유,X1,,,,,,
474,p25,cross_scenario,부적절,1,선배: 노트북이 느려졌는데 포맷하기 전에 해볼 만한 게 있을까요?,혼자 버티느라 많이 지쳤겠네요. 필요하면 제가 옆에서 같이 정리해보겠습니다.,v2,선후배,질문·요청,X1,,,,,,
475,p38,cross_scenario,부적절,1,아빠: 예전에는 낚시 가는 날만 기다렸는데 요즘은 준비하는 것도 귀찮다.,그 얘기 들으니 궁금해진다. 의외였던 부분도 있었을 것 같네. 사진 보면서 가장 먼저 떠오른 기억은 뭐였어?,v2,부모님,고민·감정 상담,X1,,,,,,
476,p39,cross_scenario,부적절,2,"나: 아까 문의하시려던 내용은 해결하셨나요?
선배: 중고 거래 전에 판매자에게 어떤 정보를 확인해야 해?",그럴 때는 이유를 당장 찾아내려고 애쓰지 않아도 돼. 며칠 더 계속되면 혼자 견디지 말고 주변에 도움도 요청해봐.,v2,선후배,질문·요청,X1,,,,,,
477,p52,cross_scenario,부적절,2,"나: 마음에 걸리는 일 있으면 편하게 말해.
아빠: 요즘 친구들을 만나도 혼자인 느낌이 들어","응, 그 뒤 이야기도 궁금하다. 얘기만 들어도 장면이 조금 그려진다. 다른 메뉴도 먹어봤어, 아니면 소금빵이 제일 괜찮았어?",v2,부모님,고민·감정 상담,X1,,,,,,
478,p60,cross_scenario,부적절,1,엄마: 문제가 있으면 공개적으로 말하기 전에 나한테 먼저 알려주세요,"그 얘기 들으니 궁금해진다. 처음 시작할 때와 느낌이 달라졌을 것 같아. 다른 메뉴도 먹어봤어, 아니면 소금빵이 제일 괜찮았어?",v2,부모님,갈등 상황,X1,,,,,,
479,p62,cross_scenario,부적절,2,"나: 아까 말씀하신 계획은 그대로인가요?
후배: 이번 주에는 로그인 오류부터 우선 확인하기로 했습니다",그랬구나. 많이 마음 쓰였겠다. 한 번의 결과로 네 노력이 사라지는 건 아니야.,v2,선후배,업무 대화,X1,,,,,,
480,p67,cross_scenario,부적절,4,"나: 어떤 부분을 도와드리면 될까요?
팀장: 부탁드릴 내용이 하나 있습니다.
나: 어떤 부탁인지 말씀해주시겠어요?
팀장: 이번 주 일정표에 변경된 담당자를 반영해주실 수 있나요?","응, 그 뒤 이야기도 궁금하다. 네가 어떤 부분을 좋아했는지 더 듣고 싶어. 작품 중에서 제일 오래 보고 온 건 뭐였어?",v2,직장 관계(상사·동료),업무 대화,X1,,,,,,
481,p74,cross_scenario,부적절,2,"나: 계속 마음에 남는 일이 있는 것 같아.
엄마: 연락 없이 늦어져서 걱정도 됐고 서운하기도 했어",그 상황이면 누구라도 힘들었을 거야. 혼자 감당하지 말고 힘들면 나한테 말해.,v2,부모님,갈등 상황,X1,,,,,,
482,p83,cross_scenario,부적절,2,"나: 일정은 어떻게 정해졌어?
친구: 숙소 체크인은 오후 세 시부터 가능하다고 답 왔어","오, 그랬구나. 얘기만 들어도 장면이 조금 그려진다. 다른 메뉴도 먹어봤어, 아니면 소금빵이 제일 괜찮았어?",v2,친구,정보 공유,X1,,,,,,
483,p130,cross_scenario,부적절,2,"나: 아까 연락 주신 이유가 부탁할 내용 때문인가요?
선배: 오류가 발생한 계정 목록을 정리해서 공유해주실 수 있나요?",직접 해보니 느낌이 달랐겠다. 직접 겪은 얘기라 더 생생하게 들린다. 사진도 찍었어? 실제로 본 색감이 더 예뻤겠다.,v2,선후배,업무 대화,X1,,,,,,
484,p136,cross_scenario,부적절,2,"나: 아까 연락 주신 이유가 부탁할 내용 때문인가요?
선배: 오늘 안에 수정된 화면을 QA 환경에 올려주실 수 있나요?",생각보다 기억에 남는 일이었나 보네. 다음에도 해보고 싶은 경험이었는지 궁금해. 작품 중에서 제일 오래 보고 온 건 뭐였어?,v2,선후배,업무 대화,X1,,,,,,
485,p145,cross_scenario,부적절,1,동료: 이번 주 일정표에 변경된 담당자를 반영해주실 수 있나요?,혼자 있는 시간이 길어서 더 가라앉았나 보다. 이번 주에는 잠깐이라도 밖에서 같이 밥 먹자.,v2,직장 관계(상사·동료),업무 대화,X1,,,,,,
486,p152,cross_scenario,부적절,4,"나: 현재 기준으로 결정된 내용이 있나요?
선임: 관련된 분들과 이야기해서 정리했습니다.
나: 네, 어떻게 정해졌나요?
선임: 수정본은 오늘 퇴근 전까지 공유하겠습니다",계속 사람을 만나느라 혼자 쉴 시간이 없었구나. 다음 주말만큼은 일정 잡지 말고 푹 쉬어.,v2,직장 관계(상사·동료),업무 대화,X1,,,,,,
487,p169,cross_scenario,부적절,1,후배: 이번 주 보고서는 예상보다 빨리 마무리됐습니다,잠도 제대로 못 자서 많이 지쳤겠다. 이번 주말에는 약속 잡지 말고 푹 쉬어.,v2,선후배,업무 대화,X1,,,,,,
488,p172,cross_scenario,부적절,3,"후배: 진행하면서 새로 확인한 내용이 있어요.
나: 문제는 해결됐나요?
후배: 지난번에 수정한 화면이 사용자 반응이 좋대요",그 얘기 들으니 궁금해진다. 그 경험이 왜 기억에 남았는지 알고 싶어. 마지막 장면에서 어떤 부분이 가장 기억에 남았어?,v2,선후배,업무 대화,X1,,,,,,
489,p180,cross_scenario,부적절,2,"나: 일정은 어떻게 정해졌나요?
동료: 자료는 메일과 메신저 중 어디로 보내면 돼?",생각보다 기억에 남는 일이었나 보네. 처음 시작할 때와 느낌이 달라졌을 것 같아. 직접 해보니 힘든 점보다 좋았던 점이 더 컸어?,v2,직장 관계(상사·동료),질문·요청,X1,,,,,,
490,p182,cross_scenario,부적절,3,"선임: 변경된 부분이 하나 있습니다.
나: 네, 확인된 내용을 말씀해주세요.
선임: 고객사 회신은 내일 오전에 받을 예정입니다",계속 일정에 치여서 지쳤겠다. 다음 주말은 비워두고 우리 집에서 편하게 쉬자.,v2,직장 관계(상사·동료),업무 대화,X1,,,,,,
491,p196,cross_scenario,부적절,3,"선임: 진행하면서 새로 확인한 내용이 있어요.
나: 문제는 해결됐나요?
선임: 어제 배포한 버전은 현재까지 특이사항이 없습니다",기대했던 만큼 더 속상했겠다. 한 번의 결과로 네 노력이 사라지는 건 아니야.,v2,직장 관계(상사·동료),업무 대화,X1,,,,,,
492,p208,cross_scenario,부적절,1,선배: 처음 만든 API가 드디어 정상적으로 동작해요,생각보다 기억에 남는 일이었나 보네. 직접 겪은 얘기라 더 생생하게 들린다. 직접 해보니 힘든 점보다 좋았던 점이 더 컸어?,v2,선후배,업무 대화,X1,,,,,,
493,p220,cross_scenario,부적절,2,"나: 고객사에서는 답변이 왔나요?
선배: 프로젝트 발표 순서는 우리 팀이 세 번째예요","오, 그랬구나. 다음에도 해보고 싶은 경험이었는지 궁금해. 마지막 장면에서 어떤 부분이 가장 기억에 남았어?",v2,선후배,업무 대화,X1,,,,,,
494,p223,cross_scenario,부적절,2,"나: 현재 기준으로 결정된 내용이 있나요?
팀장: 공사 때문에 주차장은 토요일 오전에 이용할 수 없대",좋아하던 취미도 귀찮을 만큼 지쳤나 보다. 한동안 쉬었다가 마음 내킬 때 다시 해.,v2,직장 관계(상사·동료),정보 공유,X1,,,,,,
495,p228,cross_scenario,부적절,3,"동료: 테스트 결과가 나와서 말씀드리려고 합니다.
나: 결과가 어떻게 나왔나요?
동료: 고객사에서 수정된 기능을 확인했다고 연락 왔습니다",그 얘기 들으니 궁금해진다. 그 뒤에 이어진 일도 있었는지 궁금하다. 작품 중에서 제일 오래 보고 온 건 뭐였어?,v2,직장 관계(상사·동료),업무 대화,X1,,,,,,
496,p231,cross_scenario,부적절,3,"후배: 제가 놓친 부분이 있는지 봐주셨으면 합니다.
나: 제가 할 수 있는 일인지 말씀해주세요.
후배: 배포 전에 로그인 기능을 한 번 더 테스트해주시겠어요?",좋아하던 것도 하기 싫을 만큼 지쳤구나. 이번 주는 쉬고 주말에 같이 바람 쐬러 가자.,v2,선후배,업무 대화,X1,,,,,,
497,p234,cross_scenario,부적절,3,"후배: 배포 이후 상황을 확인해봤어요.
나: 예상했던 결과와 비슷한가요?
후배: 이번 주 보고서는 예상보다 빨리 마무리됐습니다",계속 사람을 만나느라 혼자 쉴 시간이 없었구나. 다음 주말은 비워두고 푹 쉬어.,v2,선후배,업무 대화,X1,,,,,,
498,p239,cross_scenario,부적절,2,"나: 아까 말씀하신 계획은 그대로인가요?
후배: 교육 일정은 월요일과 수요일로 정해졌어요",이번 달 내내 쉴 틈이 없었구나. 남은 약속 끝나면 하루는 아무것도 하지 말고 쉬자.,v2,선후배,정보 공유,X1,,,,,,
499,p240,cross_scenario,부적절,2,"나: 방법을 같이 생각해봤으면 하는 부분이 있나요?
선배: 일정이 촉박할 때 범위를 줄이는 기준을 어떻게 잡아야 할까요?",쉴 틈이 없어서 많이 지쳤겠다. 다음 주말은 아무 일정 잡지 말고 같이 쉬자.,v2,선후배,업무 대화,X1,,,,,,
500,p245,cross_scenario,부적절,2,"나: 아까 부탁하실 내용이 있다고 하셨죠?
팀장: 오류가 발생한 계정 목록을 정리해서 공유해주실 수 있나요?","응, 그 뒤 이야기도 궁금하다. 처음 시작할 때와 느낌이 달라졌을 것 같아. 작품 중에서 제일 오래 보고 온 건 뭐였어?",v2,직장 관계(상사·동료),업무 대화,X1,,,,,,
501,n0,smalltalk_casual,적절,1,친구: 어제 새로 생긴 분식집 가봤는데 떡볶이가 진짜 맛있더라,"아 맞다, 나 오늘 신발 하나 샀어.",v2,친구,일상 대화,P6,,,,,,
502,n0,smalltalk_serious,부적절,3,"엄마: 일정이 정해져서 미리 알려주려고 했어.
나: 응, 확인된 내용 말해줘.
엄마: 공사 때문에 주차장은 토요일 오전에 이용할 수 없대","아 맞다, 나 오늘 신발 하나 샀어.",v2,부모님,정보 공유,X1,,,,,,
503,n1,smalltalk_casual,적절,2,"나: 요즘 드라마 뭐 봐?
오빠: 볼 게 없어서 그냥 유튜브만 계속 보게 되더라",저녁에는 뭘 먹을지 아직 못 정했어.,v2,형제·자매,일상 대화,P6,,,,,,
504,n1,smalltalk_serious,부적절,2,"나: 진행 상황에서 달라진 부분이 있나요?
후배: 이번 주 보고서는 예상보다 빨리 마무리됐습니다",저녁에는 뭘 먹을지 아직 못 정했어.,v2,선후배,업무 대화,X1,,,,,,
505,n2,smalltalk_casual,적절,1,친구: 어제 축구 봤어? 마지막 골 진짜 장난 아니더라,요즘 볼 만한 드라마가 없더라.,v2,친구,일상 대화,P6,,,,,,
506,n2,smalltalk_serious,부적절,1,선임: 회의 자료의 수치와 원본 데이터를 대조해주실 수 있을까요?,요즘 볼 만한 드라마가 없더라.,v2,직장 관계(상사·동료),업무 대화,X1,,,,,,
507,n3,smalltalk_casual,적절,2,"나: 오늘 저녁 뭐 먹지?
동생: 나는 아무거나 좋아. 시켜 먹어도 되고",주말에 비가 오는지 확인해봐야겠다.,v2,형제·자매,일상 대화,P6,,,,,,
508,n3,smalltalk_serious,부적절,3,"형: 변경된 부분이 하나 있어.
나: 다른 변경 사항은 없어?
형: 이번 일정은 다음 주부터 적용되는 게 맞아?",주말에 비가 오는지 확인해봐야겠다.,v2,형제·자매,질문·요청,X1,,,,,,
509,n4,smalltalk_casual,적절,2,"나: 요즘 별일 없지?
친구: 응, 그냥 똑같지 뭐. 회사 갔다 집 갔다 반복이야",내 휴대폰 배터리가 너무 빨리 닳아.,v2,친구,일상 대화,P6,,,,,,
510,n4,smalltalk_serious,부적절,3,"연인: 혼자 해보다가 잘 안 되는 게 있어.
나: 응, 어떤 걸 도와주면 돼?
연인: 발표 순서는 우리 팀이 세 번째래. 팀원들에게도 알려줄래?",내 휴대폰 배터리가 너무 빨리 닳아.,v2,연인,정보 공유,X1,,,,,,
511,n5,smalltalk_casual,적절,1,형: 요즘 운동 시작했는데 3일 만에 근육통 와서 죽겠다,커피 원두를 새로 주문했는데 향이 괜찮더라.,v2,형제·자매,일상 대화,P6,,,,,,
512,n5,smalltalk_serious,부적절,2,"나: 일정은 어떻게 정해졌어?
친구: 배포 일정은 목요일 밤 열 시로 확정됐습니다",커피 원두를 새로 주문했는데 향이 괜찮더라.,v2,친구,정보 공유,X1,,,,,,
513,n6,smalltalk_casual,적절,1,연인: 오늘 하늘 봤어? 노을이 진짜 예쁘더라,아까 택배가 하나 도착했어.,v2,연인,일상 대화,P6,,,,,,
514,n6,smalltalk_serious,부적절,4,"나: 그 일은 결국 어떻게 하기로 했어?
친구: 현재 상황만 간단히 알려줄게.
나: 그래, 현재 상황이 어떻게 돼?
친구: 병원 예약은 다음 주 화요일 오전 열 시로 잡혔어",아까 택배가 하나 도착했어.,v2,친구,정보 공유,X1,,,,,,
515,n7,smalltalk_casual,적절,3,"연인: 오늘 점심에 뭐 먹었어?
나: 회사 앞에서 김치찌개. 너는?
연인: 나는 그냥 샌드위치로 때웠어",냉장고에 남은 반찬부터 먹어야겠어.,v2,연인,일상 대화,P6,,,,,,
516,n7,smalltalk_serious,부적절,3,"연인: 현재 상황만 간단히 알려줄게.
나: 시간은 그대로야?
연인: 배송지를 회사로 바꿔도 괜찮아?",냉장고에 남은 반찬부터 먹어야겠어.,v2,연인,질문·요청,X1,,,,,,
517,n8,smalltalk_casual,적절,3,"친구: 나 어제 미용실 갔다가 머리 엄청 짧게 잘랐어 ㅋㅋ
나: 진짜? 사진 보내봐
친구: 잠깐만, 지금은 부끄러우니까 나중에 ㅋㅋ",다음 달에 운동화를 하나 바꾸려고 해.,v2,친구,일상 대화,P6,,,,,,
518,n8,smalltalk_serious,부적절,2,"나: 아까 물어보려던 건 해결했어?
오빠: 배포 전에 꼭 확인해야 할 항목을 어떤 순서로 보면 좋을까?",다음 달에 운동화를 하나 바꾸려고 해.,v2,형제·자매,업무 대화,X1,,,,,,
519,n9,smalltalk_casual,적절,1,언니: 아까 마트 갔다가 네가 좋아하는 과자 있길래 사 왔어,이번에 머리 스타일을 바꿔볼까 생각 중이야.,v2,형제·자매,일상 대화,P6,,,,,,
520,n9,smalltalk_serious,부적절,2,"나: 어디서부터 손대야 할지 모르겠어?
연인: 업무 인수인계 문서는 어느 정도까지 자세히 쓰는 게 좋아?",이번에 머리 스타일을 바꿔볼까 생각 중이야.,v2,연인,질문·요청,X1,,,,,,
521,v25_work_app_0,matched_v25,적절,14,"수진: 온보딩 화면 시안 2개 버전 공유드려요. A안은 3단계, B안은 스와이프형이에요
태호: 저는 B안이 나은 것 같네요. 개발 공수는 비슷합니다
나: 저도 B안에 한 표요. 다만 첫 화면 문구는 좀 다듬어야 할 듯해요
수진: 문구는 마케팅쪽 확인 받아볼게요
태호: 그리고 v3.2 브랜치에 로그인 리팩토링 올려뒀습니다. 리뷰 부탁드려요
나: 넵 오늘 중으로 볼게요
수진: 목요일 QA 일정은 확정된 건가요?
태호: 네, 목요일 오후 2시부터고 QA팀 두 분 들어오십니다
나: 그럼 수요일까지는 온보딩 플로우 머지돼야겠네요
태호: 푸시 알림 권한 요청 타이밍도 이번에 바꾸나요?
수진: 네, 첫 실행 말고 두 번째 세션에서 띄우는 걸로 기획 확정됐어요
태호: 오케이 반영하겠습니다
수진: 아 그리고 아이콘 에셋 오늘 밤에 제플린에 올려둘게요
태호: 감사합니다 ㅎㅎ",태호님 리뷰 완료했어요. 토큰 만료 처리 쪽에 코멘트 하나 남겼습니다,v25,,,,work_app,work_app,-,group,formal,plain
522,v25_work_app_0,misdirect_v25,부적절,14,"민규: 이전 대상 서비스 목록 시트에 정리해뒀습니다. 확인 부탁드려요
재현: 스테이징은 이번 주에 먼저 옮기고, 운영은 토요일 새벽 점검 때 진행하는 거죠?
민규: 네, 토요일 새벽 2시부터 6시까지 점검 공지 나갔습니다
나: DB 마이그레이션 리허설은 언제 하나요?
민규: 목요일 밤에 스테이징에서 한 번 돌려볼 예정입니다
재현: RDS 파라미터 그룹은 기존 값 그대로 복사하면 되나요?
민규: 타임존이랑 커넥션 수만 바꾸고 나머지는 동일하게 갑니다
나: 이전 후 DNS TTL은 미리 줄여둘게요
재현: 로드밸런서 헬스체크 경로도 새 서버 기준으로 바꿔야 해요
민규: 그건 제가 인프라 레포에 PR 올려두겠습니다
재현: 구버전 서버는 언제까지 유지하나요?
민규: 일주일 모니터링하고 문제 없으면 다음 주말에 내립니다
나: 롤백 시나리오 문서도 이따 공유드릴게요
민규: 좋습니다. 리허설 전에 다 같이 한 번 읽어보죠",태호님 리뷰 완료했어요. 토큰 만료 처리 쪽에 코멘트 하나 남겼습니다,v25,,,,work_infra,work_app,hard,group,formal,plain
523,v25_work_infra_0,matched_v25,적절,14,"민규: 이전 대상 서비스 목록 시트에 정리해뒀습니다. 확인 부탁드려요
재현: 스테이징은 이번 주에 먼저 옮기고, 운영은 토요일 새벽 점검 때 진행하는 거죠?
민규: 네, 토요일 새벽 2시부터 6시까지 점검 공지 나갔습니다
나: DB 마이그레이션 리허설은 언제 하나요?
민규: 목요일 밤에 스테이징에서 한 번 돌려볼 예정입니다
재현: RDS 파라미터 그룹은 기존 값 그대로 복사하면 되나요?
민규: 타임존이랑 커넥션 수만 바꾸고 나머지는 동일하게 갑니다
나: 이전 후 DNS TTL은 미리 줄여둘게요
재현: 로드밸런서 헬스체크 경로도 새 서버 기준으로 바꿔야 해요
민규: 그건 제가 인프라 레포에 PR 올려두겠습니다
재현: 구버전 서버는 언제까지 유지하나요?
민규: 일주일 모니터링하고 문제 없으면 다음 주말에 내립니다
나: 롤백 시나리오 문서도 이따 공유드릴게요
민규: 좋습니다. 리허설 전에 다 같이 한 번 읽어보죠",롤백 문서 올렸습니다. 마이그레이션 실패 시 스냅샷 복구 기준으로 잡았어요,v25,,,,work_infra,work_infra,-,group,formal,plain
524,v25_work_infra_0,misdirect_v25,부적절,14,"수진: 온보딩 화면 시안 2개 버전 공유드려요. A안은 3단계, B안은 스와이프형이에요
태호: 저는 B안이 나은 것 같네요. 개발 공수는 비슷합니다
나: 저도 B안에 한 표요. 다만 첫 화면 문구는 좀 다듬어야 할 듯해요
수진: 문구는 마케팅쪽 확인 받아볼게요
태호: 그리고 v3.2 브랜치에 로그인 리팩토링 올려뒀습니다. 리뷰 부탁드려요
나: 넵 오늘 중으로 볼게요
수진: 목요일 QA 일정은 확정된 건가요?
태호: 네, 목요일 오후 2시부터고 QA팀 두 분 들어오십니다
나: 그럼 수요일까지는 온보딩 플로우 머지돼야겠네요
태호: 푸시 알림 권한 요청 타이밍도 이번에 바꾸나요?
수진: 네, 첫 실행 말고 두 번째 세션에서 띄우는 걸로 기획 확정됐어요
태호: 오케이 반영하겠습니다
수진: 아 그리고 아이콘 에셋 오늘 밤에 제플린에 올려둘게요
태호: 감사합니다 ㅎㅎ",롤백 문서 올렸습니다. 마이그레이션 실패 시 스냅샷 복구 기준으로 잡았어요,v25,,,,work_app,work_infra,hard,group,formal,plain
525,v25_work_app_1,matched_v25,적절,14,"수진: 온보딩 화면 시안 2개 버전 공유드려요. A안은 3단계, B안은 스와이프형이에요
태호: 저는 B안이 나은 것 같네요. 개발 공수는 비슷합니다
나: 저도 B안에 한 표요. 다만 첫 화면 문구는 좀 다듬어야 할 듯해요
수진: 문구는 마케팅쪽 확인 받아볼게요
태호: 그리고 v3.2 브랜치에 로그인 리팩토링 올려뒀습니다. 리뷰 부탁드려요
나: 넵 오늘 중으로 볼게요
수진: 목요일 QA 일정은 확정된 건가요?
태호: 네, 목요일 오후 2시부터고 QA팀 두 분 들어오십니다
나: 그럼 수요일까지는 온보딩 플로우 머지돼야겠네요
태호: 푸시 알림 권한 요청 타이밍도 이번에 바꾸나요?
수진: 네, 첫 실행 말고 두 번째 세션에서 띄우는 걸로 기획 확정됐어요
태호: 오케이 반영하겠습니다
수진: 아 그리고 아이콘 에셋 오늘 밤에 제플린에 올려둘게요
태호: 감사합니다 ㅎㅎ",QA 전에 온보딩 B안 프로토타입 한 번 같이 봐요. 수요일 오전 어떠세요?,v25,,,,work_app,work_app,-,group,formal,plain
526,v25_work_app_1,misdirect_v25,부적절,14,"민규: 이전 대상 서비스 목록 시트에 정리해뒀습니다. 확인 부탁드려요
재현: 스테이징은 이번 주에 먼저 옮기고, 운영은 토요일 새벽 점검 때 진행하는 거죠?
민규: 네, 토요일 새벽 2시부터 6시까지 점검 공지 나갔습니다
나: DB 마이그레이션 리허설은 언제 하나요?
민규: 목요일 밤에 스테이징에서 한 번 돌려볼 예정입니다
재현: RDS 파라미터 그룹은 기존 값 그대로 복사하면 되나요?
민규: 타임존이랑 커넥션 수만 바꾸고 나머지는 동일하게 갑니다
나: 이전 후 DNS TTL은 미리 줄여둘게요
재현: 로드밸런서 헬스체크 경로도 새 서버 기준으로 바꿔야 해요
민규: 그건 제가 인프라 레포에 PR 올려두겠습니다
재현: 구버전 서버는 언제까지 유지하나요?
민규: 일주일 모니터링하고 문제 없으면 다음 주말에 내립니다
나: 롤백 시나리오 문서도 이따 공유드릴게요
민규: 좋습니다. 리허설 전에 다 같이 한 번 읽어보죠",QA 전에 온보딩 B안 프로토타입 한 번 같이 봐요. 수요일 오전 어떠세요?,v25,,,,work_infra,work_app,hard,group,formal,plain
527,v25_work_infra_1,matched_v25,적절,14,"민규: 이전 대상 서비스 목록 시트에 정리해뒀습니다. 확인 부탁드려요
재현: 스테이징은 이번 주에 먼저 옮기고, 운영은 토요일 새벽 점검 때 진행하는 거죠?
민규: 네, 토요일 새벽 2시부터 6시까지 점검 공지 나갔습니다
나: DB 마이그레이션 리허설은 언제 하나요?
민규: 목요일 밤에 스테이징에서 한 번 돌려볼 예정입니다
재현: RDS 파라미터 그룹은 기존 값 그대로 복사하면 되나요?
민규: 타임존이랑 커넥션 수만 바꾸고 나머지는 동일하게 갑니다
나: 이전 후 DNS TTL은 미리 줄여둘게요
재현: 로드밸런서 헬스체크 경로도 새 서버 기준으로 바꿔야 해요
민규: 그건 제가 인프라 레포에 PR 올려두겠습니다
재현: 구버전 서버는 언제까지 유지하나요?
민규: 일주일 모니터링하고 문제 없으면 다음 주말에 내립니다
나: 롤백 시나리오 문서도 이따 공유드릴게요
민규: 좋습니다. 리허설 전에 다 같이 한 번 읽어보죠",토요일 새벽 점검 때 저는 1시 반까지 접속해 있겠습니다,v25,,,,work_infra,work_infra,-,group,formal,plain
528,v25_work_infra_1,misdirect_v25,부적절,14,"수진: 온보딩 화면 시안 2개 버전 공유드려요. A안은 3단계, B안은 스와이프형이에요
태호: 저는 B안이 나은 것 같네요. 개발 공수는 비슷합니다
나: 저도 B안에 한 표요. 다만 첫 화면 문구는 좀 다듬어야 할 듯해요
수진: 문구는 마케팅쪽 확인 받아볼게요
태호: 그리고 v3.2 브랜치에 로그인 리팩토링 올려뒀습니다. 리뷰 부탁드려요
나: 넵 오늘 중으로 볼게요
수진: 목요일 QA 일정은 확정된 건가요?
태호: 네, 목요일 오후 2시부터고 QA팀 두 분 들어오십니다
나: 그럼 수요일까지는 온보딩 플로우 머지돼야겠네요
태호: 푸시 알림 권한 요청 타이밍도 이번에 바꾸나요?
수진: 네, 첫 실행 말고 두 번째 세션에서 띄우는 걸로 기획 확정됐어요
태호: 오케이 반영하겠습니다
수진: 아 그리고 아이콘 에셋 오늘 밤에 제플린에 올려둘게요
태호: 감사합니다 ㅎㅎ",토요일 새벽 점검 때 저는 1시 반까지 접속해 있겠습니다,v25,,,,work_app,work_infra,hard,group,formal,plain
529,v25_work_app_2,matched_v25,적절,14,"수진: 온보딩 화면 시안 2개 버전 공유드려요. A안은 3단계, B안은 스와이프형이에요
태호: 저는 B안이 나은 것 같네요. 개발 공수는 비슷합니다
나: 저도 B안에 한 표요. 다만 첫 화면 문구는 좀 다듬어야 할 듯해요
수진: 문구는 마케팅쪽 확인 받아볼게요
태호: 그리고 v3.2 브랜치에 로그인 리팩토링 올려뒀습니다. 리뷰 부탁드려요
나: 넵 오늘 중으로 볼게요
수진: 목요일 QA 일정은 확정된 건가요?
태호: 네, 목요일 오후 2시부터고 QA팀 두 분 들어오십니다
나: 그럼 수요일까지는 온보딩 플로우 머지돼야겠네요
태호: 푸시 알림 권한 요청 타이밍도 이번에 바꾸나요?
수진: 네, 첫 실행 말고 두 번째 세션에서 띄우는 걸로 기획 확정됐어요
태호: 오케이 반영하겠습니다
수진: 아 그리고 아이콘 에셋 오늘 밤에 제플린에 올려둘게요
태호: 감사합니다 ㅎㅎ",제플린 에셋 확인했는데 탭바 아이콘만 2x가 빠진 것 같아요,v25,,,,work_app,work_app,-,group,formal,plain
530,v25_work_app_2,misdirect_v25,부적절,14,"민규: 이전 대상 서비스 목록 시트에 정리해뒀습니다. 확인 부탁드려요
재현: 스테이징은 이번 주에 먼저 옮기고, 운영은 토요일 새벽 점검 때 진행하는 거죠?
민규: 네, 토요일 새벽 2시부터 6시까지 점검 공지 나갔습니다
나: DB 마이그레이션 리허설은 언제 하나요?
민규: 목요일 밤에 스테이징에서 한 번 돌려볼 예정입니다
재현: RDS 파라미터 그룹은 기존 값 그대로 복사하면 되나요?
민규: 타임존이랑 커넥션 수만 바꾸고 나머지는 동일하게 갑니다
나: 이전 후 DNS TTL은 미리 줄여둘게요
재현: 로드밸런서 헬스체크 경로도 새 서버 기준으로 바꿔야 해요
민규: 그건 제가 인프라 레포에 PR 올려두겠습니다
재현: 구버전 서버는 언제까지 유지하나요?
민규: 일주일 모니터링하고 문제 없으면 다음 주말에 내립니다
나: 롤백 시나리오 문서도 이따 공유드릴게요
민규: 좋습니다. 리허설 전에 다 같이 한 번 읽어보죠",제플린 에셋 확인했는데 탭바 아이콘만 2x가 빠진 것 같아요,v25,,,,work_infra,work_app,hard,group,formal,plain
531,v25_work_infra_2,matched_v25,적절,14,"민규: 이전 대상 서비스 목록 시트에 정리해뒀습니다. 확인 부탁드려요
재현: 스테이징은 이번 주에 먼저 옮기고, 운영은 토요일 새벽 점검 때 진행하는 거죠?
민규: 네, 토요일 새벽 2시부터 6시까지 점검 공지 나갔습니다
나: DB 마이그레이션 리허설은 언제 하나요?
민규: 목요일 밤에 스테이징에서 한 번 돌려볼 예정입니다
재현: RDS 파라미터 그룹은 기존 값 그대로 복사하면 되나요?
민규: 타임존이랑 커넥션 수만 바꾸고 나머지는 동일하게 갑니다
나: 이전 후 DNS TTL은 미리 줄여둘게요
재현: 로드밸런서 헬스체크 경로도 새 서버 기준으로 바꿔야 해요
민규: 그건 제가 인프라 레포에 PR 올려두겠습니다
재현: 구버전 서버는 언제까지 유지하나요?
민규: 일주일 모니터링하고 문제 없으면 다음 주말에 내립니다
나: 롤백 시나리오 문서도 이따 공유드릴게요
민규: 좋습니다. 리허설 전에 다 같이 한 번 읽어보죠","TTL 300으로 줄여뒀고, 이전 끝나면 원복하겠습니다",v25,,,,work_infra,work_infra,-,group,formal,plain
532,v25_work_infra_2,misdirect_v25,부적절,14,"수진: 온보딩 화면 시안 2개 버전 공유드려요. A안은 3단계, B안은 스와이프형이에요
태호: 저는 B안이 나은 것 같네요. 개발 공수는 비슷합니다
나: 저도 B안에 한 표요. 다만 첫 화면 문구는 좀 다듬어야 할 듯해요
수진: 문구는 마케팅쪽 확인 받아볼게요
태호: 그리고 v3.2 브랜치에 로그인 리팩토링 올려뒀습니다. 리뷰 부탁드려요
나: 넵 오늘 중으로 볼게요
수진: 목요일 QA 일정은 확정된 건가요?
태호: 네, 목요일 오후 2시부터고 QA팀 두 분 들어오십니다
나: 그럼 수요일까지는 온보딩 플로우 머지돼야겠네요
태호: 푸시 알림 권한 요청 타이밍도 이번에 바꾸나요?
수진: 네, 첫 실행 말고 두 번째 세션에서 띄우는 걸로 기획 확정됐어요
태호: 오케이 반영하겠습니다
수진: 아 그리고 아이콘 에셋 오늘 밤에 제플린에 올려둘게요
태호: 감사합니다 ㅎㅎ","TTL 300으로 줄여뒀고, 이전 끝나면 원복하겠습니다",v25,,,,work_app,work_infra,hard,group,formal,plain
533,v25_work_app_3,matched_v25,적절,14,"수진: 온보딩 화면 시안 2개 버전 공유드려요. A안은 3단계, B안은 스와이프형이에요
태호: 저는 B안이 나은 것 같네요. 개발 공수는 비슷합니다
나: 저도 B안에 한 표요. 다만 첫 화면 문구는 좀 다듬어야 할 듯해요
수진: 문구는 마케팅쪽 확인 받아볼게요
태호: 그리고 v3.2 브랜치에 로그인 리팩토링 올려뒀습니다. 리뷰 부탁드려요
나: 넵 오늘 중으로 볼게요
수진: 목요일 QA 일정은 확정된 건가요?
태호: 네, 목요일 오후 2시부터고 QA팀 두 분 들어오십니다
나: 그럼 수요일까지는 온보딩 플로우 머지돼야겠네요
태호: 푸시 알림 권한 요청 타이밍도 이번에 바꾸나요?
수진: 네, 첫 실행 말고 두 번째 세션에서 띄우는 걸로 기획 확정됐어요
태호: 오케이 반영하겠습니다
수진: 아 그리고 아이콘 에셋 오늘 밤에 제플린에 올려둘게요
태호: 감사합니다 ㅎㅎ",푸시 권한 문구도 바뀐 기획 기준으로 수정해서 올렸습니다,v25,,,,work_app,work_app,-,group,formal,plain
534,v25_work_app_3,misdirect_v25,부적절,14,"민규: 이전 대상 서비스 목록 시트에 정리해뒀습니다. 확인 부탁드려요
재현: 스테이징은 이번 주에 먼저 옮기고, 운영은 토요일 새벽 점검 때 진행하는 거죠?
민규: 네, 토요일 새벽 2시부터 6시까지 점검 공지 나갔습니다
나: DB 마이그레이션 리허설은 언제 하나요?
민규: 목요일 밤에 스테이징에서 한 번 돌려볼 예정입니다
재현: RDS 파라미터 그룹은 기존 값 그대로 복사하면 되나요?
민규: 타임존이랑 커넥션 수만 바꾸고 나머지는 동일하게 갑니다
나: 이전 후 DNS TTL은 미리 줄여둘게요
재현: 로드밸런서 헬스체크 경로도 새 서버 기준으로 바꿔야 해요
민규: 그건 제가 인프라 레포에 PR 올려두겠습니다
재현: 구버전 서버는 언제까지 유지하나요?
민규: 일주일 모니터링하고 문제 없으면 다음 주말에 내립니다
나: 롤백 시나리오 문서도 이따 공유드릴게요
민규: 좋습니다. 리허설 전에 다 같이 한 번 읽어보죠",푸시 권한 문구도 바뀐 기획 기준으로 수정해서 올렸습니다,v25,,,,work_infra,work_app,hard,group,formal,plain
535,v25_work_infra_3,matched_v25,적절,14,"민규: 이전 대상 서비스 목록 시트에 정리해뒀습니다. 확인 부탁드려요
재현: 스테이징은 이번 주에 먼저 옮기고, 운영은 토요일 새벽 점검 때 진행하는 거죠?
민규: 네, 토요일 새벽 2시부터 6시까지 점검 공지 나갔습니다
나: DB 마이그레이션 리허설은 언제 하나요?
민규: 목요일 밤에 스테이징에서 한 번 돌려볼 예정입니다
재현: RDS 파라미터 그룹은 기존 값 그대로 복사하면 되나요?
민규: 타임존이랑 커넥션 수만 바꾸고 나머지는 동일하게 갑니다
나: 이전 후 DNS TTL은 미리 줄여둘게요
재현: 로드밸런서 헬스체크 경로도 새 서버 기준으로 바꿔야 해요
민규: 그건 제가 인프라 레포에 PR 올려두겠습니다
재현: 구버전 서버는 언제까지 유지하나요?
민규: 일주일 모니터링하고 문제 없으면 다음 주말에 내립니다
나: 롤백 시나리오 문서도 이따 공유드릴게요
민규: 좋습니다. 리허설 전에 다 같이 한 번 읽어보죠",목요일 리허설에서 마이그레이션 소요 시간부터 재보죠. 점검 4시간 안에 끝나는지 봐야 해요,v25,,,,work_infra,work_infra,-,group,formal,plain
536,v25_work_infra_3,misdirect_v25,부적절,14,"수진: 온보딩 화면 시안 2개 버전 공유드려요. A안은 3단계, B안은 스와이프형이에요
태호: 저는 B안이 나은 것 같네요. 개발 공수는 비슷합니다
나: 저도 B안에 한 표요. 다만 첫 화면 문구는 좀 다듬어야 할 듯해요
수진: 문구는 마케팅쪽 확인 받아볼게요
태호: 그리고 v3.2 브랜치에 로그인 리팩토링 올려뒀습니다. 리뷰 부탁드려요
나: 넵 오늘 중으로 볼게요
수진: 목요일 QA 일정은 확정된 건가요?
태호: 네, 목요일 오후 2시부터고 QA팀 두 분 들어오십니다
나: 그럼 수요일까지는 온보딩 플로우 머지돼야겠네요
태호: 푸시 알림 권한 요청 타이밍도 이번에 바꾸나요?
수진: 네, 첫 실행 말고 두 번째 세션에서 띄우는 걸로 기획 확정됐어요
태호: 오케이 반영하겠습니다
수진: 아 그리고 아이콘 에셋 오늘 밤에 제플린에 올려둘게요
태호: 감사합니다 ㅎㅎ",목요일 리허설에서 마이그레이션 소요 시간부터 재보죠. 점검 4시간 안에 끝나는지 봐야 해요,v25,,,,work_app,work_infra,hard,group,formal,plain
537,v25_work_app_4,matched_v25,적절,14,"수진: 온보딩 화면 시안 2개 버전 공유드려요. A안은 3단계, B안은 스와이프형이에요
태호: 저는 B안이 나은 것 같네요. 개발 공수는 비슷합니다
나: 저도 B안에 한 표요. 다만 첫 화면 문구는 좀 다듬어야 할 듯해요
수진: 문구는 마케팅쪽 확인 받아볼게요
태호: 그리고 v3.2 브랜치에 로그인 리팩토링 올려뒀습니다. 리뷰 부탁드려요
나: 넵 오늘 중으로 볼게요
수진: 목요일 QA 일정은 확정된 건가요?
태호: 네, 목요일 오후 2시부터고 QA팀 두 분 들어오십니다
나: 그럼 수요일까지는 온보딩 플로우 머지돼야겠네요
태호: 푸시 알림 권한 요청 타이밍도 이번에 바꾸나요?
수진: 네, 첫 실행 말고 두 번째 세션에서 띄우는 걸로 기획 확정됐어요
태호: 오케이 반영하겠습니다
수진: 아 그리고 아이콘 에셋 오늘 밤에 제플린에 올려둘게요
태호: 감사합니다 ㅎㅎ",목요일 QA 때 저는 온보딩이랑 로그인 플로우 위주로 시나리오 준비할게요,v25,,,,work_app,work_app,-,group,formal,plain
538,v25_work_app_4,misdirect_v25,부적절,14,"민규: 이전 대상 서비스 목록 시트에 정리해뒀습니다. 확인 부탁드려요
재현: 스테이징은 이번 주에 먼저 옮기고, 운영은 토요일 새벽 점검 때 진행하는 거죠?
민규: 네, 토요일 새벽 2시부터 6시까지 점검 공지 나갔습니다
나: DB 마이그레이션 리허설은 언제 하나요?
민규: 목요일 밤에 스테이징에서 한 번 돌려볼 예정입니다
재현: RDS 파라미터 그룹은 기존 값 그대로 복사하면 되나요?
민규: 타임존이랑 커넥션 수만 바꾸고 나머지는 동일하게 갑니다
나: 이전 후 DNS TTL은 미리 줄여둘게요
재현: 로드밸런서 헬스체크 경로도 새 서버 기준으로 바꿔야 해요
민규: 그건 제가 인프라 레포에 PR 올려두겠습니다
재현: 구버전 서버는 언제까지 유지하나요?
민규: 일주일 모니터링하고 문제 없으면 다음 주말에 내립니다
나: 롤백 시나리오 문서도 이따 공유드릴게요
민규: 좋습니다. 리허설 전에 다 같이 한 번 읽어보죠",목요일 QA 때 저는 온보딩이랑 로그인 플로우 위주로 시나리오 준비할게요,v25,,,,work_infra,work_app,hard,group,formal,plain
539,v25_work_infra_4,matched_v25,적절,14,"민규: 이전 대상 서비스 목록 시트에 정리해뒀습니다. 확인 부탁드려요
재현: 스테이징은 이번 주에 먼저 옮기고, 운영은 토요일 새벽 점검 때 진행하는 거죠?
민규: 네, 토요일 새벽 2시부터 6시까지 점검 공지 나갔습니다
나: DB 마이그레이션 리허설은 언제 하나요?
민규: 목요일 밤에 스테이징에서 한 번 돌려볼 예정입니다
재현: RDS 파라미터 그룹은 기존 값 그대로 복사하면 되나요?
민규: 타임존이랑 커넥션 수만 바꾸고 나머지는 동일하게 갑니다
나: 이전 후 DNS TTL은 미리 줄여둘게요
재현: 로드밸런서 헬스체크 경로도 새 서버 기준으로 바꿔야 해요
민규: 그건 제가 인프라 레포에 PR 올려두겠습니다
재현: 구버전 서버는 언제까지 유지하나요?
민규: 일주일 모니터링하고 문제 없으면 다음 주말에 내립니다
나: 롤백 시나리오 문서도 이따 공유드릴게요
민규: 좋습니다. 리허설 전에 다 같이 한 번 읽어보죠",민규님 헬스체크 PR 봤는데 경로가 구버전 걸로 들어가 있어요. 확인 부탁드려요,v25,,,,work_infra,work_infra,-,group,formal,plain
540,v25_work_infra_4,misdirect_v25,부적절,14,"수진: 온보딩 화면 시안 2개 버전 공유드려요. A안은 3단계, B안은 스와이프형이에요
태호: 저는 B안이 나은 것 같네요. 개발 공수는 비슷합니다
나: 저도 B안에 한 표요. 다만 첫 화면 문구는 좀 다듬어야 할 듯해요
수진: 문구는 마케팅쪽 확인 받아볼게요
태호: 그리고 v3.2 브랜치에 로그인 리팩토링 올려뒀습니다. 리뷰 부탁드려요
나: 넵 오늘 중으로 볼게요
수진: 목요일 QA 일정은 확정된 건가요?
태호: 네, 목요일 오후 2시부터고 QA팀 두 분 들어오십니다
나: 그럼 수요일까지는 온보딩 플로우 머지돼야겠네요
태호: 푸시 알림 권한 요청 타이밍도 이번에 바꾸나요?
수진: 네, 첫 실행 말고 두 번째 세션에서 띄우는 걸로 기획 확정됐어요
태호: 오케이 반영하겠습니다
수진: 아 그리고 아이콘 에셋 오늘 밤에 제플린에 올려둘게요
태호: 감사합니다 ㅎㅎ",민규님 헬스체크 PR 봤는데 경로가 구버전 걸로 들어가 있어요. 확인 부탁드려요,v25,,,,work_app,work_infra,hard,group,formal,plain
541,v25_work_app_5,matched_v25,적절,14,"수진: 온보딩 화면 시안 2개 버전 공유드려요. A안은 3단계, B안은 스와이프형이에요
태호: 저는 B안이 나은 것 같네요. 개발 공수는 비슷합니다
나: 저도 B안에 한 표요. 다만 첫 화면 문구는 좀 다듬어야 할 듯해요
수진: 문구는 마케팅쪽 확인 받아볼게요
태호: 그리고 v3.2 브랜치에 로그인 리팩토링 올려뒀습니다. 리뷰 부탁드려요
나: 넵 오늘 중으로 볼게요
수진: 목요일 QA 일정은 확정된 건가요?
태호: 네, 목요일 오후 2시부터고 QA팀 두 분 들어오십니다
나: 그럼 수요일까지는 온보딩 플로우 머지돼야겠네요
태호: 푸시 알림 권한 요청 타이밍도 이번에 바꾸나요?
수진: 네, 첫 실행 말고 두 번째 세션에서 띄우는 걸로 기획 확정됐어요
태호: 오케이 반영하겠습니다
수진: 아 그리고 아이콘 에셋 오늘 밤에 제플린에 올려둘게요
태호: 감사합니다 ㅎㅎ",v3.2에 마이페이지 쪽 컨플릭트 나서 방금 해결해뒀어요,v25,,,,work_app,work_app,-,group,formal,plain
542,v25_work_app_5,misdirect_v25,부적절,14,"민규: 이전 대상 서비스 목록 시트에 정리해뒀습니다. 확인 부탁드려요
재현: 스테이징은 이번 주에 먼저 옮기고, 운영은 토요일 새벽 점검 때 진행하는 거죠?
민규: 네, 토요일 새벽 2시부터 6시까지 점검 공지 나갔습니다
나: DB 마이그레이션 리허설은 언제 하나요?
민규: 목요일 밤에 스테이징에서 한 번 돌려볼 예정입니다
재현: RDS 파라미터 그룹은 기존 값 그대로 복사하면 되나요?
민규: 타임존이랑 커넥션 수만 바꾸고 나머지는 동일하게 갑니다
나: 이전 후 DNS TTL은 미리 줄여둘게요
재현: 로드밸런서 헬스체크 경로도 새 서버 기준으로 바꿔야 해요
민규: 그건 제가 인프라 레포에 PR 올려두겠습니다
재현: 구버전 서버는 언제까지 유지하나요?
민규: 일주일 모니터링하고 문제 없으면 다음 주말에 내립니다
나: 롤백 시나리오 문서도 이따 공유드릴게요
민규: 좋습니다. 리허설 전에 다 같이 한 번 읽어보죠",v3.2에 마이페이지 쪽 컨플릭트 나서 방금 해결해뒀어요,v25,,,,work_infra,work_app,hard,group,formal,plain
543,v25_work_infra_5,matched_v25,적절,14,"민규: 이전 대상 서비스 목록 시트에 정리해뒀습니다. 확인 부탁드려요
재현: 스테이징은 이번 주에 먼저 옮기고, 운영은 토요일 새벽 점검 때 진행하는 거죠?
민규: 네, 토요일 새벽 2시부터 6시까지 점검 공지 나갔습니다
나: DB 마이그레이션 리허설은 언제 하나요?
민규: 목요일 밤에 스테이징에서 한 번 돌려볼 예정입니다
재현: RDS 파라미터 그룹은 기존 값 그대로 복사하면 되나요?
민규: 타임존이랑 커넥션 수만 바꾸고 나머지는 동일하게 갑니다
나: 이전 후 DNS TTL은 미리 줄여둘게요
재현: 로드밸런서 헬스체크 경로도 새 서버 기준으로 바꿔야 해요
민규: 그건 제가 인프라 레포에 PR 올려두겠습니다
재현: 구버전 서버는 언제까지 유지하나요?
민규: 일주일 모니터링하고 문제 없으면 다음 주말에 내립니다
나: 롤백 시나리오 문서도 이따 공유드릴게요
민규: 좋습니다. 리허설 전에 다 같이 한 번 읽어보죠",스테이징 이전 후에 배치 잡 시간대도 새 타임존 기준인지 한 번 봐주세요,v25,,,,work_infra,work_infra,-,group,formal,plain
544,v25_work_infra_5,misdirect_v25,부적절,14,"수진: 온보딩 화면 시안 2개 버전 공유드려요. A안은 3단계, B안은 스와이프형이에요
태호: 저는 B안이 나은 것 같네요. 개발 공수는 비슷합니다
나: 저도 B안에 한 표요. 다만 첫 화면 문구는 좀 다듬어야 할 듯해요
수진: 문구는 마케팅쪽 확인 받아볼게요
태호: 그리고 v3.2 브랜치에 로그인 리팩토링 올려뒀습니다. 리뷰 부탁드려요
나: 넵 오늘 중으로 볼게요
수진: 목요일 QA 일정은 확정된 건가요?
태호: 네, 목요일 오후 2시부터고 QA팀 두 분 들어오십니다
나: 그럼 수요일까지는 온보딩 플로우 머지돼야겠네요
태호: 푸시 알림 권한 요청 타이밍도 이번에 바꾸나요?
수진: 네, 첫 실행 말고 두 번째 세션에서 띄우는 걸로 기획 확정됐어요
태호: 오케이 반영하겠습니다
수진: 아 그리고 아이콘 에셋 오늘 밤에 제플린에 올려둘게요
태호: 감사합니다 ㅎㅎ",스테이징 이전 후에 배치 잡 시간대도 새 타임존 기준인지 한 번 봐주세요,v25,,,,work_app,work_infra,hard,group,formal,plain
545,v25_work_app_6,matched_v25,적절,14,"수진: 온보딩 화면 시안 2개 버전 공유드려요. A안은 3단계, B안은 스와이프형이에요
태호: 저는 B안이 나은 것 같네요. 개발 공수는 비슷합니다
나: 저도 B안에 한 표요. 다만 첫 화면 문구는 좀 다듬어야 할 듯해요
수진: 문구는 마케팅쪽 확인 받아볼게요
태호: 그리고 v3.2 브랜치에 로그인 리팩토링 올려뒀습니다. 리뷰 부탁드려요
나: 넵 오늘 중으로 볼게요
수진: 목요일 QA 일정은 확정된 건가요?
태호: 네, 목요일 오후 2시부터고 QA팀 두 분 들어오십니다
나: 그럼 수요일까지는 온보딩 플로우 머지돼야겠네요
태호: 푸시 알림 권한 요청 타이밍도 이번에 바꾸나요?
수진: 네, 첫 실행 말고 두 번째 세션에서 띄우는 걸로 기획 확정됐어요
태호: 오케이 반영하겠습니다
수진: 아 그리고 아이콘 에셋 오늘 밤에 제플린에 올려둘게요
태호: 감사합니다 ㅎㅎ",첫 화면 문구 마케팅 피드백 왔나요? 수요일 머지 전에 반영하고 싶어서요,v25,,,,work_app,work_app,-,group,formal,plain
546,v25_work_app_6,misdirect_v25,부적절,14,"민규: 이전 대상 서비스 목록 시트에 정리해뒀습니다. 확인 부탁드려요
재현: 스테이징은 이번 주에 먼저 옮기고, 운영은 토요일 새벽 점검 때 진행하는 거죠?
민규: 네, 토요일 새벽 2시부터 6시까지 점검 공지 나갔습니다
나: DB 마이그레이션 리허설은 언제 하나요?
민규: 목요일 밤에 스테이징에서 한 번 돌려볼 예정입니다
재현: RDS 파라미터 그룹은 기존 값 그대로 복사하면 되나요?
민규: 타임존이랑 커넥션 수만 바꾸고 나머지는 동일하게 갑니다
나: 이전 후 DNS TTL은 미리 줄여둘게요
재현: 로드밸런서 헬스체크 경로도 새 서버 기준으로 바꿔야 해요
민규: 그건 제가 인프라 레포에 PR 올려두겠습니다
재현: 구버전 서버는 언제까지 유지하나요?
민규: 일주일 모니터링하고 문제 없으면 다음 주말에 내립니다
나: 롤백 시나리오 문서도 이따 공유드릴게요
민규: 좋습니다. 리허설 전에 다 같이 한 번 읽어보죠",첫 화면 문구 마케팅 피드백 왔나요? 수요일 머지 전에 반영하고 싶어서요,v25,,,,work_infra,work_app,hard,group,formal,plain
547,v25_work_infra_6,matched_v25,적절,14,"민규: 이전 대상 서비스 목록 시트에 정리해뒀습니다. 확인 부탁드려요
재현: 스테이징은 이번 주에 먼저 옮기고, 운영은 토요일 새벽 점검 때 진행하는 거죠?
민규: 네, 토요일 새벽 2시부터 6시까지 점검 공지 나갔습니다
나: DB 마이그레이션 리허설은 언제 하나요?
민규: 목요일 밤에 스테이징에서 한 번 돌려볼 예정입니다
재현: RDS 파라미터 그룹은 기존 값 그대로 복사하면 되나요?
민규: 타임존이랑 커넥션 수만 바꾸고 나머지는 동일하게 갑니다
나: 이전 후 DNS TTL은 미리 줄여둘게요
재현: 로드밸런서 헬스체크 경로도 새 서버 기준으로 바꿔야 해요
민규: 그건 제가 인프라 레포에 PR 올려두겠습니다
재현: 구버전 서버는 언제까지 유지하나요?
민규: 일주일 모니터링하고 문제 없으면 다음 주말에 내립니다
나: 롤백 시나리오 문서도 이따 공유드릴게요
민규: 좋습니다. 리허설 전에 다 같이 한 번 읽어보죠",점검 공지에 앱 푸시도 나가나요? 고객센터 쪽에 미리 공유해두면 좋을 것 같아요,v25,,,,work_infra,work_infra,-,group,formal,plain
548,v25_work_infra_6,misdirect_v25,부적절,14,"수진: 온보딩 화면 시안 2개 버전 공유드려요. A안은 3단계, B안은 스와이프형이에요
태호: 저는 B안이 나은 것 같네요. 개발 공수는 비슷합니다
나: 저도 B안에 한 표요. 다만 첫 화면 문구는 좀 다듬어야 할 듯해요
수진: 문구는 마케팅쪽 확인 받아볼게요
태호: 그리고 v3.2 브랜치에 로그인 리팩토링 올려뒀습니다. 리뷰 부탁드려요
나: 넵 오늘 중으로 볼게요
수진: 목요일 QA 일정은 확정된 건가요?
태호: 네, 목요일 오후 2시부터고 QA팀 두 분 들어오십니다
나: 그럼 수요일까지는 온보딩 플로우 머지돼야겠네요
태호: 푸시 알림 권한 요청 타이밍도 이번에 바꾸나요?
수진: 네, 첫 실행 말고 두 번째 세션에서 띄우는 걸로 기획 확정됐어요
태호: 오케이 반영하겠습니다
수진: 아 그리고 아이콘 에셋 오늘 밤에 제플린에 올려둘게요
태호: 감사합니다 ㅎㅎ",점검 공지에 앱 푸시도 나가나요? 고객센터 쪽에 미리 공유해두면 좋을 것 같아요,v25,,,,work_app,work_infra,hard,group,formal,plain
549,v25_mkt_0,matched_v25,적절,11,"다연: 인플루언서 리스트 1차로 추려서 시트에 올렸어요
나: 오 빠르네요. 뷰티 쪽 비중이 좀 높던데 의도한 거예요?
다연: 네, 초반엔 뷰티 위주로 가고 2주차에 라이프스타일로 확장하려고요
나: 금요일 라이브 커머스 리허설은 몇 시예요?
다연: 오후 4시요. 스튜디오는 예약해뒀어요
다연: 아 그리고 예산 300에서 320으로 늘었어요. 팀장님 컨펌 받았습니다
나: 잘됐네요. 그럼 마이크로 인플루언서 두 명 더 추가할까요?
다연: 좋아요. 후보 있으면 시트에 넣어주세요
나: 넵. 협찬 가이드 문서도 오늘 초안 공유할게요
다연: 라이브 때 쓸 샘플은 내일 창고에서 도착 예정이에요
다연: 대본은 제가 목요일까지 정리할게요",협찬 가이드 초안 올렸어요. 해시태그 필수 문구만 다연님이 한 번 봐주세요,v25,,,,mkt,mkt,-,1:1,formal,plain
550,v25_mkt_0,misdirect_v25,부적절,11,"선배: 이번 백엔드 포지션 서류 12명 들어왔어요
나: 생각보다 많네요. 1차 스크리닝 나눠서 할까요?
선배: 좋아요. 제가 앞 6명 볼게요
나: 그럼 저는 뒤 6명 보고 내일까지 코멘트 남길게요
선배: 과제 평가 기준표도 이번에 손보면 좋겠어요. 지난번엔 채점 편차가 컸어서
나: 항목별 배점을 더 잘게 나누는 방향으로 초안 잡아볼게요
선배: 수요일 2시 면접은 확정됐고, 면접관은 저랑 팀장님이에요
나: 회의실은 제가 예약해둘게요
선배: 지원자 한 분이 일정 변경을 요청했는데, 목요일 오전 가능한지 물어봐줄래요?
나: 넵, 메일 보내고 결과 공유드릴게요
선배: 고마워요. 채용 채널별 유입도 이번 주에 한 번 정리해봐요",협찬 가이드 초안 올렸어요. 해시태그 필수 문구만 다연님이 한 번 봐주세요,v25,,,,hire,mkt,hard,1:1,formal,plain
551,v25_hire_0,matched_v25,적절,11,"선배: 이번 백엔드 포지션 서류 12명 들어왔어요
나: 생각보다 많네요. 1차 스크리닝 나눠서 할까요?
선배: 좋아요. 제가 앞 6명 볼게요
나: 그럼 저는 뒤 6명 보고 내일까지 코멘트 남길게요
선배: 과제 평가 기준표도 이번에 손보면 좋겠어요. 지난번엔 채점 편차가 컸어서
나: 항목별 배점을 더 잘게 나누는 방향으로 초안 잡아볼게요
선배: 수요일 2시 면접은 확정됐고, 면접관은 저랑 팀장님이에요
나: 회의실은 제가 예약해둘게요
선배: 지원자 한 분이 일정 변경을 요청했는데, 목요일 오전 가능한지 물어봐줄래요?
나: 넵, 메일 보내고 결과 공유드릴게요
선배: 고마워요. 채용 채널별 유입도 이번 주에 한 번 정리해봐요",뒤 6명 스크리닝 끝냈어요. 두 분은 과제 없이 바로 면접 가도 될 것 같아요,v25,,,,hire,hire,-,1:1,formal,plain
552,v25_hire_0,misdirect_v25,부적절,11,"다연: 인플루언서 리스트 1차로 추려서 시트에 올렸어요
나: 오 빠르네요. 뷰티 쪽 비중이 좀 높던데 의도한 거예요?
다연: 네, 초반엔 뷰티 위주로 가고 2주차에 라이프스타일로 확장하려고요
나: 금요일 라이브 커머스 리허설은 몇 시예요?
다연: 오후 4시요. 스튜디오는 예약해뒀어요
다연: 아 그리고 예산 300에서 320으로 늘었어요. 팀장님 컨펌 받았습니다
나: 잘됐네요. 그럼 마이크로 인플루언서 두 명 더 추가할까요?
다연: 좋아요. 후보 있으면 시트에 넣어주세요
나: 넵. 협찬 가이드 문서도 오늘 초안 공유할게요
다연: 라이브 때 쓸 샘플은 내일 창고에서 도착 예정이에요
다연: 대본은 제가 목요일까지 정리할게요",뒤 6명 스크리닝 끝냈어요. 두 분은 과제 없이 바로 면접 가도 될 것 같아요,v25,,,,mkt,hire,hard,1:1,formal,plain
553,v25_mkt_1,matched_v25,적절,11,"다연: 인플루언서 리스트 1차로 추려서 시트에 올렸어요
나: 오 빠르네요. 뷰티 쪽 비중이 좀 높던데 의도한 거예요?
다연: 네, 초반엔 뷰티 위주로 가고 2주차에 라이프스타일로 확장하려고요
나: 금요일 라이브 커머스 리허설은 몇 시예요?
다연: 오후 4시요. 스튜디오는 예약해뒀어요
다연: 아 그리고 예산 300에서 320으로 늘었어요. 팀장님 컨펌 받았습니다
나: 잘됐네요. 그럼 마이크로 인플루언서 두 명 더 추가할까요?
다연: 좋아요. 후보 있으면 시트에 넣어주세요
나: 넵. 협찬 가이드 문서도 오늘 초안 공유할게요
다연: 라이브 때 쓸 샘플은 내일 창고에서 도착 예정이에요
다연: 대본은 제가 목요일까지 정리할게요",마이크로 후보 두 명 시트에 추가했어요. 팔로워는 적은데 참여율이 좋아요,v25,,,,mkt,mkt,-,1:1,formal,plain
554,v25_mkt_1,misdirect_v25,부적절,11,"선배: 이번 백엔드 포지션 서류 12명 들어왔어요
나: 생각보다 많네요. 1차 스크리닝 나눠서 할까요?
선배: 좋아요. 제가 앞 6명 볼게요
나: 그럼 저는 뒤 6명 보고 내일까지 코멘트 남길게요
선배: 과제 평가 기준표도 이번에 손보면 좋겠어요. 지난번엔 채점 편차가 컸어서
나: 항목별 배점을 더 잘게 나누는 방향으로 초안 잡아볼게요
선배: 수요일 2시 면접은 확정됐고, 면접관은 저랑 팀장님이에요
나: 회의실은 제가 예약해둘게요
선배: 지원자 한 분이 일정 변경을 요청했는데, 목요일 오전 가능한지 물어봐줄래요?
나: 넵, 메일 보내고 결과 공유드릴게요
선배: 고마워요. 채용 채널별 유입도 이번 주에 한 번 정리해봐요",마이크로 후보 두 명 시트에 추가했어요. 팔로워는 적은데 참여율이 좋아요,v25,,,,hire,mkt,hard,1:1,formal,plain
555,v25_hire_1,matched_v25,적절,11,"선배: 이번 백엔드 포지션 서류 12명 들어왔어요
나: 생각보다 많네요. 1차 스크리닝 나눠서 할까요?
선배: 좋아요. 제가 앞 6명 볼게요
나: 그럼 저는 뒤 6명 보고 내일까지 코멘트 남길게요
선배: 과제 평가 기준표도 이번에 손보면 좋겠어요. 지난번엔 채점 편차가 컸어서
나: 항목별 배점을 더 잘게 나누는 방향으로 초안 잡아볼게요
선배: 수요일 2시 면접은 확정됐고, 면접관은 저랑 팀장님이에요
나: 회의실은 제가 예약해둘게요
선배: 지원자 한 분이 일정 변경을 요청했는데, 목요일 오전 가능한지 물어봐줄래요?
나: 넵, 메일 보내고 결과 공유드릴게요
선배: 고마워요. 채용 채널별 유입도 이번 주에 한 번 정리해봐요",평가 기준표 초안 공유드려요. 코드 품질 배점을 40으로 올려봤어요,v25,,,,hire,hire,-,1:1,formal,plain
556,v25_hire_1,misdirect_v25,부적절,11,"다연: 인플루언서 리스트 1차로 추려서 시트에 올렸어요
나: 오 빠르네요. 뷰티 쪽 비중이 좀 높던데 의도한 거예요?
다연: 네, 초반엔 뷰티 위주로 가고 2주차에 라이프스타일로 확장하려고요
나: 금요일 라이브 커머스 리허설은 몇 시예요?
다연: 오후 4시요. 스튜디오는 예약해뒀어요
다연: 아 그리고 예산 300에서 320으로 늘었어요. 팀장님 컨펌 받았습니다
나: 잘됐네요. 그럼 마이크로 인플루언서 두 명 더 추가할까요?
다연: 좋아요. 후보 있으면 시트에 넣어주세요
나: 넵. 협찬 가이드 문서도 오늘 초안 공유할게요
다연: 라이브 때 쓸 샘플은 내일 창고에서 도착 예정이에요
다연: 대본은 제가 목요일까지 정리할게요",평가 기준표 초안 공유드려요. 코드 품질 배점을 40으로 올려봤어요,v25,,,,mkt,hire,hard,1:1,formal,plain
557,v25_mkt_2,matched_v25,적절,11,"다연: 인플루언서 리스트 1차로 추려서 시트에 올렸어요
나: 오 빠르네요. 뷰티 쪽 비중이 좀 높던데 의도한 거예요?
다연: 네, 초반엔 뷰티 위주로 가고 2주차에 라이프스타일로 확장하려고요
나: 금요일 라이브 커머스 리허설은 몇 시예요?
다연: 오후 4시요. 스튜디오는 예약해뒀어요
다연: 아 그리고 예산 300에서 320으로 늘었어요. 팀장님 컨펌 받았습니다
나: 잘됐네요. 그럼 마이크로 인플루언서 두 명 더 추가할까요?
다연: 좋아요. 후보 있으면 시트에 넣어주세요
나: 넵. 협찬 가이드 문서도 오늘 초안 공유할게요
다연: 라이브 때 쓸 샘플은 내일 창고에서 도착 예정이에요
다연: 대본은 제가 목요일까지 정리할게요",금요일 리허설 전에 샘플 상태 같이 확인해요. 배송 오면 알려주세요,v25,,,,mkt,mkt,-,1:1,formal,plain
558,v25_mkt_2,misdirect_v25,부적절,11,"선배: 이번 백엔드 포지션 서류 12명 들어왔어요
나: 생각보다 많네요. 1차 스크리닝 나눠서 할까요?
선배: 좋아요. 제가 앞 6명 볼게요
나: 그럼 저는 뒤 6명 보고 내일까지 코멘트 남길게요
선배: 과제 평가 기준표도 이번에 손보면 좋겠어요. 지난번엔 채점 편차가 컸어서
나: 항목별 배점을 더 잘게 나누는 방향으로 초안 잡아볼게요
선배: 수요일 2시 면접은 확정됐고, 면접관은 저랑 팀장님이에요
나: 회의실은 제가 예약해둘게요
선배: 지원자 한 분이 일정 변경을 요청했는데, 목요일 오전 가능한지 물어봐줄래요?
나: 넵, 메일 보내고 결과 공유드릴게요
선배: 고마워요. 채용 채널별 유입도 이번 주에 한 번 정리해봐요",금요일 리허설 전에 샘플 상태 같이 확인해요. 배송 오면 알려주세요,v25,,,,hire,mkt,hard,1:1,formal,plain
559,v25_hire_2,matched_v25,적절,11,"선배: 이번 백엔드 포지션 서류 12명 들어왔어요
나: 생각보다 많네요. 1차 스크리닝 나눠서 할까요?
선배: 좋아요. 제가 앞 6명 볼게요
나: 그럼 저는 뒤 6명 보고 내일까지 코멘트 남길게요
선배: 과제 평가 기준표도 이번에 손보면 좋겠어요. 지난번엔 채점 편차가 컸어서
나: 항목별 배점을 더 잘게 나누는 방향으로 초안 잡아볼게요
선배: 수요일 2시 면접은 확정됐고, 면접관은 저랑 팀장님이에요
나: 회의실은 제가 예약해둘게요
선배: 지원자 한 분이 일정 변경을 요청했는데, 목요일 오전 가능한지 물어봐줄래요?
나: 넵, 메일 보내고 결과 공유드릴게요
선배: 고마워요. 채용 채널별 유입도 이번 주에 한 번 정리해봐요",지원자분 목요일 오전 가능하다고 답 왔어요. 10시로 잡을까요?,v25,,,,hire,hire,-,1:1,formal,plain
560,v25_hire_2,misdirect_v25,부적절,11,"다연: 인플루언서 리스트 1차로 추려서 시트에 올렸어요
나: 오 빠르네요. 뷰티 쪽 비중이 좀 높던데 의도한 거예요?
다연: 네, 초반엔 뷰티 위주로 가고 2주차에 라이프스타일로 확장하려고요
나: 금요일 라이브 커머스 리허설은 몇 시예요?
다연: 오후 4시요. 스튜디오는 예약해뒀어요
다연: 아 그리고 예산 300에서 320으로 늘었어요. 팀장님 컨펌 받았습니다
나: 잘됐네요. 그럼 마이크로 인플루언서 두 명 더 추가할까요?
다연: 좋아요. 후보 있으면 시트에 넣어주세요
나: 넵. 협찬 가이드 문서도 오늘 초안 공유할게요
다연: 라이브 때 쓸 샘플은 내일 창고에서 도착 예정이에요
다연: 대본은 제가 목요일까지 정리할게요",지원자분 목요일 오전 가능하다고 답 왔어요. 10시로 잡을까요?,v25,,,,mkt,hire,hard,1:1,formal,plain
561,v25_mkt_3,matched_v25,적절,11,"다연: 인플루언서 리스트 1차로 추려서 시트에 올렸어요
나: 오 빠르네요. 뷰티 쪽 비중이 좀 높던데 의도한 거예요?
다연: 네, 초반엔 뷰티 위주로 가고 2주차에 라이프스타일로 확장하려고요
나: 금요일 라이브 커머스 리허설은 몇 시예요?
다연: 오후 4시요. 스튜디오는 예약해뒀어요
다연: 아 그리고 예산 300에서 320으로 늘었어요. 팀장님 컨펌 받았습니다
나: 잘됐네요. 그럼 마이크로 인플루언서 두 명 더 추가할까요?
다연: 좋아요. 후보 있으면 시트에 넣어주세요
나: 넵. 협찬 가이드 문서도 오늘 초안 공유할게요
다연: 라이브 때 쓸 샘플은 내일 창고에서 도착 예정이에요
다연: 대본은 제가 목요일까지 정리할게요",라이브 대본에 늘어난 예산으로 경품 하나 더 넣는 건 어때요?,v25,,,,mkt,mkt,-,1:1,formal,plain
562,v25_mkt_3,misdirect_v25,부적절,11,"선배: 이번 백엔드 포지션 서류 12명 들어왔어요
나: 생각보다 많네요. 1차 스크리닝 나눠서 할까요?
선배: 좋아요. 제가 앞 6명 볼게요
나: 그럼 저는 뒤 6명 보고 내일까지 코멘트 남길게요
선배: 과제 평가 기준표도 이번에 손보면 좋겠어요. 지난번엔 채점 편차가 컸어서
나: 항목별 배점을 더 잘게 나누는 방향으로 초안 잡아볼게요
선배: 수요일 2시 면접은 확정됐고, 면접관은 저랑 팀장님이에요
나: 회의실은 제가 예약해둘게요
선배: 지원자 한 분이 일정 변경을 요청했는데, 목요일 오전 가능한지 물어봐줄래요?
나: 넵, 메일 보내고 결과 공유드릴게요
선배: 고마워요. 채용 채널별 유입도 이번 주에 한 번 정리해봐요",라이브 대본에 늘어난 예산으로 경품 하나 더 넣는 건 어때요?,v25,,,,hire,mkt,hard,1:1,formal,plain
563,v25_hire_3,matched_v25,적절,11,"선배: 이번 백엔드 포지션 서류 12명 들어왔어요
나: 생각보다 많네요. 1차 스크리닝 나눠서 할까요?
선배: 좋아요. 제가 앞 6명 볼게요
나: 그럼 저는 뒤 6명 보고 내일까지 코멘트 남길게요
선배: 과제 평가 기준표도 이번에 손보면 좋겠어요. 지난번엔 채점 편차가 컸어서
나: 항목별 배점을 더 잘게 나누는 방향으로 초안 잡아볼게요
선배: 수요일 2시 면접은 확정됐고, 면접관은 저랑 팀장님이에요
나: 회의실은 제가 예약해둘게요
선배: 지원자 한 분이 일정 변경을 요청했는데, 목요일 오전 가능한지 물어봐줄래요?
나: 넵, 메일 보내고 결과 공유드릴게요
선배: 고마워요. 채용 채널별 유입도 이번 주에 한 번 정리해봐요",수요일 2시 면접 회의실은 3층 B로 예약했습니다,v25,,,,hire,hire,-,1:1,formal,plain
564,v25_hire_3,misdirect_v25,부적절,11,"다연: 인플루언서 리스트 1차로 추려서 시트에 올렸어요
나: 오 빠르네요. 뷰티 쪽 비중이 좀 높던데 의도한 거예요?
다연: 네, 초반엔 뷰티 위주로 가고 2주차에 라이프스타일로 확장하려고요
나: 금요일 라이브 커머스 리허설은 몇 시예요?
다연: 오후 4시요. 스튜디오는 예약해뒀어요
다연: 아 그리고 예산 300에서 320으로 늘었어요. 팀장님 컨펌 받았습니다
나: 잘됐네요. 그럼 마이크로 인플루언서 두 명 더 추가할까요?
다연: 좋아요. 후보 있으면 시트에 넣어주세요
나: 넵. 협찬 가이드 문서도 오늘 초안 공유할게요
다연: 라이브 때 쓸 샘플은 내일 창고에서 도착 예정이에요
다연: 대본은 제가 목요일까지 정리할게요",수요일 2시 면접 회의실은 3층 B로 예약했습니다,v25,,,,mkt,hire,hard,1:1,formal,plain
565,v25_mkt_4,matched_v25,적절,11,"다연: 인플루언서 리스트 1차로 추려서 시트에 올렸어요
나: 오 빠르네요. 뷰티 쪽 비중이 좀 높던데 의도한 거예요?
다연: 네, 초반엔 뷰티 위주로 가고 2주차에 라이프스타일로 확장하려고요
나: 금요일 라이브 커머스 리허설은 몇 시예요?
다연: 오후 4시요. 스튜디오는 예약해뒀어요
다연: 아 그리고 예산 300에서 320으로 늘었어요. 팀장님 컨펌 받았습니다
나: 잘됐네요. 그럼 마이크로 인플루언서 두 명 더 추가할까요?
다연: 좋아요. 후보 있으면 시트에 넣어주세요
나: 넵. 협찬 가이드 문서도 오늘 초안 공유할게요
다연: 라이브 때 쓸 샘플은 내일 창고에서 도착 예정이에요
다연: 대본은 제가 목요일까지 정리할게요",뷰티 인플루언서 중에 지난번 협업했던 분은 단가 다시 받아볼게요,v25,,,,mkt,mkt,-,1:1,formal,plain
566,v25_mkt_4,misdirect_v25,부적절,11,"선배: 이번 백엔드 포지션 서류 12명 들어왔어요
나: 생각보다 많네요. 1차 스크리닝 나눠서 할까요?
선배: 좋아요. 제가 앞 6명 볼게요
나: 그럼 저는 뒤 6명 보고 내일까지 코멘트 남길게요
선배: 과제 평가 기준표도 이번에 손보면 좋겠어요. 지난번엔 채점 편차가 컸어서
나: 항목별 배점을 더 잘게 나누는 방향으로 초안 잡아볼게요
선배: 수요일 2시 면접은 확정됐고, 면접관은 저랑 팀장님이에요
나: 회의실은 제가 예약해둘게요
선배: 지원자 한 분이 일정 변경을 요청했는데, 목요일 오전 가능한지 물어봐줄래요?
나: 넵, 메일 보내고 결과 공유드릴게요
선배: 고마워요. 채용 채널별 유입도 이번 주에 한 번 정리해봐요",뷰티 인플루언서 중에 지난번 협업했던 분은 단가 다시 받아볼게요,v25,,,,hire,mkt,hard,1:1,formal,plain
567,v25_hire_4,matched_v25,적절,11,"선배: 이번 백엔드 포지션 서류 12명 들어왔어요
나: 생각보다 많네요. 1차 스크리닝 나눠서 할까요?
선배: 좋아요. 제가 앞 6명 볼게요
나: 그럼 저는 뒤 6명 보고 내일까지 코멘트 남길게요
선배: 과제 평가 기준표도 이번에 손보면 좋겠어요. 지난번엔 채점 편차가 컸어서
나: 항목별 배점을 더 잘게 나누는 방향으로 초안 잡아볼게요
선배: 수요일 2시 면접은 확정됐고, 면접관은 저랑 팀장님이에요
나: 회의실은 제가 예약해둘게요
선배: 지원자 한 분이 일정 변경을 요청했는데, 목요일 오전 가능한지 물어봐줄래요?
나: 넵, 메일 보내고 결과 공유드릴게요
선배: 고마워요. 채용 채널별 유입도 이번 주에 한 번 정리해봐요",채널별 유입 정리해보니 추천 입사가 절반이네요. 리퍼럴 보상 안내 다시 띄울까요?,v25,,,,hire,hire,-,1:1,formal,plain
568,v25_hire_4,misdirect_v25,부적절,11,"다연: 인플루언서 리스트 1차로 추려서 시트에 올렸어요
나: 오 빠르네요. 뷰티 쪽 비중이 좀 높던데 의도한 거예요?
다연: 네, 초반엔 뷰티 위주로 가고 2주차에 라이프스타일로 확장하려고요
나: 금요일 라이브 커머스 리허설은 몇 시예요?
다연: 오후 4시요. 스튜디오는 예약해뒀어요
다연: 아 그리고 예산 300에서 320으로 늘었어요. 팀장님 컨펌 받았습니다
나: 잘됐네요. 그럼 마이크로 인플루언서 두 명 더 추가할까요?
다연: 좋아요. 후보 있으면 시트에 넣어주세요
나: 넵. 협찬 가이드 문서도 오늘 초안 공유할게요
다연: 라이브 때 쓸 샘플은 내일 창고에서 도착 예정이에요
다연: 대본은 제가 목요일까지 정리할게요",채널별 유입 정리해보니 추천 입사가 절반이네요. 리퍼럴 보상 안내 다시 띄울까요?,v25,,,,mkt,hire,hard,1:1,formal,plain
569,v25_mkt_5,matched_v25,적절,11,"다연: 인플루언서 리스트 1차로 추려서 시트에 올렸어요
나: 오 빠르네요. 뷰티 쪽 비중이 좀 높던데 의도한 거예요?
다연: 네, 초반엔 뷰티 위주로 가고 2주차에 라이프스타일로 확장하려고요
나: 금요일 라이브 커머스 리허설은 몇 시예요?
다연: 오후 4시요. 스튜디오는 예약해뒀어요
다연: 아 그리고 예산 300에서 320으로 늘었어요. 팀장님 컨펌 받았습니다
나: 잘됐네요. 그럼 마이크로 인플루언서 두 명 더 추가할까요?
다연: 좋아요. 후보 있으면 시트에 넣어주세요
나: 넵. 협찬 가이드 문서도 오늘 초안 공유할게요
다연: 라이브 때 쓸 샘플은 내일 창고에서 도착 예정이에요
다연: 대본은 제가 목요일까지 정리할게요",스튜디오 예약 확인증 저한테도 공유해줄래요? 품의 올릴 때 첨부해야 해서요,v25,,,,mkt,mkt,-,1:1,formal,plain
570,v25_mkt_5,misdirect_v25,부적절,11,"선배: 이번 백엔드 포지션 서류 12명 들어왔어요
나: 생각보다 많네요. 1차 스크리닝 나눠서 할까요?
선배: 좋아요. 제가 앞 6명 볼게요
나: 그럼 저는 뒤 6명 보고 내일까지 코멘트 남길게요
선배: 과제 평가 기준표도 이번에 손보면 좋겠어요. 지난번엔 채점 편차가 컸어서
나: 항목별 배점을 더 잘게 나누는 방향으로 초안 잡아볼게요
선배: 수요일 2시 면접은 확정됐고, 면접관은 저랑 팀장님이에요
나: 회의실은 제가 예약해둘게요
선배: 지원자 한 분이 일정 변경을 요청했는데, 목요일 오전 가능한지 물어봐줄래요?
나: 넵, 메일 보내고 결과 공유드릴게요
선배: 고마워요. 채용 채널별 유입도 이번 주에 한 번 정리해봐요",스튜디오 예약 확인증 저한테도 공유해줄래요? 품의 올릴 때 첨부해야 해서요,v25,,,,hire,mkt,hard,1:1,formal,plain
571,v25_hire_5,matched_v25,적절,11,"선배: 이번 백엔드 포지션 서류 12명 들어왔어요
나: 생각보다 많네요. 1차 스크리닝 나눠서 할까요?
선배: 좋아요. 제가 앞 6명 볼게요
나: 그럼 저는 뒤 6명 보고 내일까지 코멘트 남길게요
선배: 과제 평가 기준표도 이번에 손보면 좋겠어요. 지난번엔 채점 편차가 컸어서
나: 항목별 배점을 더 잘게 나누는 방향으로 초안 잡아볼게요
선배: 수요일 2시 면접은 확정됐고, 면접관은 저랑 팀장님이에요
나: 회의실은 제가 예약해둘게요
선배: 지원자 한 분이 일정 변경을 요청했는데, 목요일 오전 가능한지 물어봐줄래요?
나: 넵, 메일 보내고 결과 공유드릴게요
선배: 고마워요. 채용 채널별 유입도 이번 주에 한 번 정리해봐요",지원자 서류 중에 포트폴리오 링크 깨진 분이 있어서 재요청해뒀어요,v25,,,,hire,hire,-,1:1,formal,plain
572,v25_hire_5,misdirect_v25,부적절,11,"다연: 인플루언서 리스트 1차로 추려서 시트에 올렸어요
나: 오 빠르네요. 뷰티 쪽 비중이 좀 높던데 의도한 거예요?
다연: 네, 초반엔 뷰티 위주로 가고 2주차에 라이프스타일로 확장하려고요
나: 금요일 라이브 커머스 리허설은 몇 시예요?
다연: 오후 4시요. 스튜디오는 예약해뒀어요
다연: 아 그리고 예산 300에서 320으로 늘었어요. 팀장님 컨펌 받았습니다
나: 잘됐네요. 그럼 마이크로 인플루언서 두 명 더 추가할까요?
다연: 좋아요. 후보 있으면 시트에 넣어주세요
나: 넵. 협찬 가이드 문서도 오늘 초안 공유할게요
다연: 라이브 때 쓸 샘플은 내일 창고에서 도착 예정이에요
다연: 대본은 제가 목요일까지 정리할게요",지원자 서류 중에 포트폴리오 링크 깨진 분이 있어서 재요청해뒀어요,v25,,,,mkt,hire,hard,1:1,formal,plain
573,v25_mkt_6,matched_v25,적절,11,"다연: 인플루언서 리스트 1차로 추려서 시트에 올렸어요
나: 오 빠르네요. 뷰티 쪽 비중이 좀 높던데 의도한 거예요?
다연: 네, 초반엔 뷰티 위주로 가고 2주차에 라이프스타일로 확장하려고요
나: 금요일 라이브 커머스 리허설은 몇 시예요?
다연: 오후 4시요. 스튜디오는 예약해뒀어요
다연: 아 그리고 예산 300에서 320으로 늘었어요. 팀장님 컨펌 받았습니다
나: 잘됐네요. 그럼 마이크로 인플루언서 두 명 더 추가할까요?
다연: 좋아요. 후보 있으면 시트에 넣어주세요
나: 넵. 협찬 가이드 문서도 오늘 초안 공유할게요
다연: 라이브 때 쓸 샘플은 내일 창고에서 도착 예정이에요
다연: 대본은 제가 목요일까지 정리할게요",2주차 라이프스타일 확장 리스트는 다음 주 화요일까지 뽑아볼게요,v25,,,,mkt,mkt,-,1:1,formal,plain
574,v25_mkt_6,misdirect_v25,부적절,11,"선배: 이번 백엔드 포지션 서류 12명 들어왔어요
나: 생각보다 많네요. 1차 스크리닝 나눠서 할까요?
선배: 좋아요. 제가 앞 6명 볼게요
나: 그럼 저는 뒤 6명 보고 내일까지 코멘트 남길게요
선배: 과제 평가 기준표도 이번에 손보면 좋겠어요. 지난번엔 채점 편차가 컸어서
나: 항목별 배점을 더 잘게 나누는 방향으로 초안 잡아볼게요
선배: 수요일 2시 면접은 확정됐고, 면접관은 저랑 팀장님이에요
나: 회의실은 제가 예약해둘게요
선배: 지원자 한 분이 일정 변경을 요청했는데, 목요일 오전 가능한지 물어봐줄래요?
나: 넵, 메일 보내고 결과 공유드릴게요
선배: 고마워요. 채용 채널별 유입도 이번 주에 한 번 정리해봐요",2주차 라이프스타일 확장 리스트는 다음 주 화요일까지 뽑아볼게요,v25,,,,hire,mkt,hard,1:1,formal,plain
575,v25_hire_6,matched_v25,적절,11,"선배: 이번 백엔드 포지션 서류 12명 들어왔어요
나: 생각보다 많네요. 1차 스크리닝 나눠서 할까요?
선배: 좋아요. 제가 앞 6명 볼게요
나: 그럼 저는 뒤 6명 보고 내일까지 코멘트 남길게요
선배: 과제 평가 기준표도 이번에 손보면 좋겠어요. 지난번엔 채점 편차가 컸어서
나: 항목별 배점을 더 잘게 나누는 방향으로 초안 잡아볼게요
선배: 수요일 2시 면접은 확정됐고, 면접관은 저랑 팀장님이에요
나: 회의실은 제가 예약해둘게요
선배: 지원자 한 분이 일정 변경을 요청했는데, 목요일 오전 가능한지 물어봐줄래요?
나: 넵, 메일 보내고 결과 공유드릴게요
선배: 고마워요. 채용 채널별 유입도 이번 주에 한 번 정리해봐요",면접 질문지도 기준표 항목에 맞춰서 업데이트해둘게요,v25,,,,hire,hire,-,1:1,formal,plain
576,v25_hire_6,misdirect_v25,부적절,11,"다연: 인플루언서 리스트 1차로 추려서 시트에 올렸어요
나: 오 빠르네요. 뷰티 쪽 비중이 좀 높던데 의도한 거예요?
다연: 네, 초반엔 뷰티 위주로 가고 2주차에 라이프스타일로 확장하려고요
나: 금요일 라이브 커머스 리허설은 몇 시예요?
다연: 오후 4시요. 스튜디오는 예약해뒀어요
다연: 아 그리고 예산 300에서 320으로 늘었어요. 팀장님 컨펌 받았습니다
나: 잘됐네요. 그럼 마이크로 인플루언서 두 명 더 추가할까요?
다연: 좋아요. 후보 있으면 시트에 넣어주세요
나: 넵. 협찬 가이드 문서도 오늘 초안 공유할게요
다연: 라이브 때 쓸 샘플은 내일 창고에서 도착 예정이에요
다연: 대본은 제가 목요일까지 정리할게요",면접 질문지도 기준표 항목에 맞춰서 업데이트해둘게요,v25,,,,mkt,hire,hard,1:1,formal,plain
577,v25_teamproj_0,matched_v25,적절,14,"민지: 설문 결과 정리 끝났어! 응답 214개 모임
준호: 오 생각보다 많이 모였네요
나: 고생했어 ㅋㅋ 그래프는 내가 만들게
민지: 목차는 지난번에 정한 대로 4파트로 가는 거지?
준호: 네, 저는 3파트 사례분석 맡을게요
나: 그럼 난 1, 2파트 초안 잡을게
민지: 화요일 리허설 전까지 각자 파트 PPT 올리기로 해요
준호: 발표는 누가 해요?
민지: 교수님이 전원 발표라고 하셨어 ㅠㅠ 파트별로 나눠서 하자
나: ㅋㅋㅋ 어쩔 수 없지
준호: 템플릿은 제가 깔끔한 거 찾아둘게요
민지: 참고문헌 양식 APA로 통일하는 거 잊지 마!
준호: 넵넵
민지: 그럼 화요일 6시 도서관에서 보자",설문 그래프 5개 만들어서 공유폴더에 올렸어 ㅋㅋ 색만 템플릿에 맞춰줘,v25,,,,teamproj,teamproj,-,group,casual,kakao
578,v25_teamproj_0,misdirect_v25,부적절,13,"소연: 부스 위치 확정됐어! 대운동장 입구 쪽 B7
재민: 오 명당이네 ㅋㅋ
나: 현수막 시안은 어제 올린 걸로 가는 거지?
소연: 응 그걸로 인쇄 맡기자. 금요일까지 나온대
재민: 물품 구매 리스트 정리했는데 예산 5만원 초과야 ㅠㅠ
소연: 어디서 줄이지... 앞치마를 빌리는 걸로 바꿀까?
나: 학생회에서 빌려준다고 했던 것 같은데 물어볼게
재민: 금요일 설치는 몇 시부터야?
소연: 오후 3시부터 가능하대. 수업 없는 사람 위주로 오면 될 듯
재민: 나 3시 수업이라 4시 반에 갈게 ㅠ
소연: ㅇㅋㅇㅋ 부스 운영 시간표는 내가 폼으로 돌릴게
나: 잔돈이랑 계산용 QR도 준비해야 해
소연: 맞다, 그건 회계한테 말해둘게",설문 그래프 5개 만들어서 공유폴더에 올렸어 ㅋㅋ 색만 템플릿에 맞춰줘,v25,,,,club,teamproj,hard,group,casual,kakao
579,v25_club_0,matched_v25,적절,13,"소연: 부스 위치 확정됐어! 대운동장 입구 쪽 B7
재민: 오 명당이네 ㅋㅋ
나: 현수막 시안은 어제 올린 걸로 가는 거지?
소연: 응 그걸로 인쇄 맡기자. 금요일까지 나온대
재민: 물품 구매 리스트 정리했는데 예산 5만원 초과야 ㅠㅠ
소연: 어디서 줄이지... 앞치마를 빌리는 걸로 바꿀까?
나: 학생회에서 빌려준다고 했던 것 같은데 물어볼게
재민: 금요일 설치는 몇 시부터야?
소연: 오후 3시부터 가능하대. 수업 없는 사람 위주로 오면 될 듯
재민: 나 3시 수업이라 4시 반에 갈게 ㅠ
소연: ㅇㅋㅇㅋ 부스 운영 시간표는 내가 폼으로 돌릴게
나: 잔돈이랑 계산용 QR도 준비해야 해
소연: 맞다, 그건 회계한테 말해둘게",학생회에 물어봤는데 앞치마 10장 빌려준대! 예산 문제 해결 ㅋㅋ,v25,,,,club,club,-,group,casual,kakao
580,v25_club_0,misdirect_v25,부적절,14,"민지: 설문 결과 정리 끝났어! 응답 214개 모임
준호: 오 생각보다 많이 모였네요
나: 고생했어 ㅋㅋ 그래프는 내가 만들게
민지: 목차는 지난번에 정한 대로 4파트로 가는 거지?
준호: 네, 저는 3파트 사례분석 맡을게요
나: 그럼 난 1, 2파트 초안 잡을게
민지: 화요일 리허설 전까지 각자 파트 PPT 올리기로 해요
준호: 발표는 누가 해요?
민지: 교수님이 전원 발표라고 하셨어 ㅠㅠ 파트별로 나눠서 하자
나: ㅋㅋㅋ 어쩔 수 없지
준호: 템플릿은 제가 깔끔한 거 찾아둘게요
민지: 참고문헌 양식 APA로 통일하는 거 잊지 마!
준호: 넵넵
민지: 그럼 화요일 6시 도서관에서 보자",학생회에 물어봤는데 앞치마 10장 빌려준대! 예산 문제 해결 ㅋㅋ,v25,,,,teamproj,club,hard,group,casual,kakao
581,v25_teamproj_1,matched_v25,적절,14,"민지: 설문 결과 정리 끝났어! 응답 214개 모임
준호: 오 생각보다 많이 모였네요
나: 고생했어 ㅋㅋ 그래프는 내가 만들게
민지: 목차는 지난번에 정한 대로 4파트로 가는 거지?
준호: 네, 저는 3파트 사례분석 맡을게요
나: 그럼 난 1, 2파트 초안 잡을게
민지: 화요일 리허설 전까지 각자 파트 PPT 올리기로 해요
준호: 발표는 누가 해요?
민지: 교수님이 전원 발표라고 하셨어 ㅠㅠ 파트별로 나눠서 하자
나: ㅋㅋㅋ 어쩔 수 없지
준호: 템플릿은 제가 깔끔한 거 찾아둘게요
민지: 참고문헌 양식 APA로 통일하는 거 잊지 마!
준호: 넵넵
민지: 그럼 화요일 6시 도서관에서 보자",1파트 초안 올렸는데 서론이 좀 길어서 리허설 때 같이 줄여보자,v25,,,,teamproj,teamproj,-,group,casual,kakao
582,v25_teamproj_1,misdirect_v25,부적절,13,"소연: 부스 위치 확정됐어! 대운동장 입구 쪽 B7
재민: 오 명당이네 ㅋㅋ
나: 현수막 시안은 어제 올린 걸로 가는 거지?
소연: 응 그걸로 인쇄 맡기자. 금요일까지 나온대
재민: 물품 구매 리스트 정리했는데 예산 5만원 초과야 ㅠㅠ
소연: 어디서 줄이지... 앞치마를 빌리는 걸로 바꿀까?
나: 학생회에서 빌려준다고 했던 것 같은데 물어볼게
재민: 금요일 설치는 몇 시부터야?
소연: 오후 3시부터 가능하대. 수업 없는 사람 위주로 오면 될 듯
재민: 나 3시 수업이라 4시 반에 갈게 ㅠ
소연: ㅇㅋㅇㅋ 부스 운영 시간표는 내가 폼으로 돌릴게
나: 잔돈이랑 계산용 QR도 준비해야 해
소연: 맞다, 그건 회계한테 말해둘게",1파트 초안 올렸는데 서론이 좀 길어서 리허설 때 같이 줄여보자,v25,,,,club,teamproj,hard,group,casual,kakao
583,v25_club_1,matched_v25,적절,13,"소연: 부스 위치 확정됐어! 대운동장 입구 쪽 B7
재민: 오 명당이네 ㅋㅋ
나: 현수막 시안은 어제 올린 걸로 가는 거지?
소연: 응 그걸로 인쇄 맡기자. 금요일까지 나온대
재민: 물품 구매 리스트 정리했는데 예산 5만원 초과야 ㅠㅠ
소연: 어디서 줄이지... 앞치마를 빌리는 걸로 바꿀까?
나: 학생회에서 빌려준다고 했던 것 같은데 물어볼게
재민: 금요일 설치는 몇 시부터야?
소연: 오후 3시부터 가능하대. 수업 없는 사람 위주로 오면 될 듯
재민: 나 3시 수업이라 4시 반에 갈게 ㅠ
소연: ㅇㅋㅇㅋ 부스 운영 시간표는 내가 폼으로 돌릴게
나: 잔돈이랑 계산용 QR도 준비해야 해
소연: 맞다, 그건 회계한테 말해둘게","금요일 3시 설치 나 갈 수 있어, 짐은 동방에서 미리 옮겨두자",v25,,,,club,club,-,group,casual,kakao
584,v25_club_1,misdirect_v25,부적절,14,"민지: 설문 결과 정리 끝났어! 응답 214개 모임
준호: 오 생각보다 많이 모였네요
나: 고생했어 ㅋㅋ 그래프는 내가 만들게
민지: 목차는 지난번에 정한 대로 4파트로 가는 거지?
준호: 네, 저는 3파트 사례분석 맡을게요
나: 그럼 난 1, 2파트 초안 잡을게
민지: 화요일 리허설 전까지 각자 파트 PPT 올리기로 해요
준호: 발표는 누가 해요?
민지: 교수님이 전원 발표라고 하셨어 ㅠㅠ 파트별로 나눠서 하자
나: ㅋㅋㅋ 어쩔 수 없지
준호: 템플릿은 제가 깔끔한 거 찾아둘게요
민지: 참고문헌 양식 APA로 통일하는 거 잊지 마!
준호: 넵넵
민지: 그럼 화요일 6시 도서관에서 보자","금요일 3시 설치 나 갈 수 있어, 짐은 동방에서 미리 옮겨두자",v25,,,,teamproj,club,hard,group,casual,kakao
585,v25_teamproj_2,matched_v25,적절,14,"민지: 설문 결과 정리 끝났어! 응답 214개 모임
준호: 오 생각보다 많이 모였네요
나: 고생했어 ㅋㅋ 그래프는 내가 만들게
민지: 목차는 지난번에 정한 대로 4파트로 가는 거지?
준호: 네, 저는 3파트 사례분석 맡을게요
나: 그럼 난 1, 2파트 초안 잡을게
민지: 화요일 리허설 전까지 각자 파트 PPT 올리기로 해요
준호: 발표는 누가 해요?
민지: 교수님이 전원 발표라고 하셨어 ㅠㅠ 파트별로 나눠서 하자
나: ㅋㅋㅋ 어쩔 수 없지
준호: 템플릿은 제가 깔끔한 거 찾아둘게요
민지: 참고문헌 양식 APA로 통일하는 거 잊지 마!
준호: 넵넵
민지: 그럼 화요일 6시 도서관에서 보자","화요일 리허설할 스터디룸 내가 예약해둘게, 3번방 잡았어",v25,,,,teamproj,teamproj,-,group,casual,kakao
586,v25_teamproj_2,misdirect_v25,부적절,13,"소연: 부스 위치 확정됐어! 대운동장 입구 쪽 B7
재민: 오 명당이네 ㅋㅋ
나: 현수막 시안은 어제 올린 걸로 가는 거지?
소연: 응 그걸로 인쇄 맡기자. 금요일까지 나온대
재민: 물품 구매 리스트 정리했는데 예산 5만원 초과야 ㅠㅠ
소연: 어디서 줄이지... 앞치마를 빌리는 걸로 바꿀까?
나: 학생회에서 빌려준다고 했던 것 같은데 물어볼게
재민: 금요일 설치는 몇 시부터야?
소연: 오후 3시부터 가능하대. 수업 없는 사람 위주로 오면 될 듯
재민: 나 3시 수업이라 4시 반에 갈게 ㅠ
소연: ㅇㅋㅇㅋ 부스 운영 시간표는 내가 폼으로 돌릴게
나: 잔돈이랑 계산용 QR도 준비해야 해
소연: 맞다, 그건 회계한테 말해둘게","화요일 리허설할 스터디룸 내가 예약해둘게, 3번방 잡았어",v25,,,,club,teamproj,hard,group,casual,kakao
587,v25_club_2,matched_v25,적절,13,"소연: 부스 위치 확정됐어! 대운동장 입구 쪽 B7
재민: 오 명당이네 ㅋㅋ
나: 현수막 시안은 어제 올린 걸로 가는 거지?
소연: 응 그걸로 인쇄 맡기자. 금요일까지 나온대
재민: 물품 구매 리스트 정리했는데 예산 5만원 초과야 ㅠㅠ
소연: 어디서 줄이지... 앞치마를 빌리는 걸로 바꿀까?
나: 학생회에서 빌려준다고 했던 것 같은데 물어볼게
재민: 금요일 설치는 몇 시부터야?
소연: 오후 3시부터 가능하대. 수업 없는 사람 위주로 오면 될 듯
재민: 나 3시 수업이라 4시 반에 갈게 ㅠ
소연: ㅇㅋㅇㅋ 부스 운영 시간표는 내가 폼으로 돌릴게
나: 잔돈이랑 계산용 QR도 준비해야 해
소연: 맞다, 그건 회계한테 말해둘게",현수막 인쇄 접수했어. 금요일 오전 수령으로 걸어둠,v25,,,,club,club,-,group,casual,kakao
588,v25_club_2,misdirect_v25,부적절,14,"민지: 설문 결과 정리 끝났어! 응답 214개 모임
준호: 오 생각보다 많이 모였네요
나: 고생했어 ㅋㅋ 그래프는 내가 만들게
민지: 목차는 지난번에 정한 대로 4파트로 가는 거지?
준호: 네, 저는 3파트 사례분석 맡을게요
나: 그럼 난 1, 2파트 초안 잡을게
민지: 화요일 리허설 전까지 각자 파트 PPT 올리기로 해요
준호: 발표는 누가 해요?
민지: 교수님이 전원 발표라고 하셨어 ㅠㅠ 파트별로 나눠서 하자
나: ㅋㅋㅋ 어쩔 수 없지
준호: 템플릿은 제가 깔끔한 거 찾아둘게요
민지: 참고문헌 양식 APA로 통일하는 거 잊지 마!
준호: 넵넵
민지: 그럼 화요일 6시 도서관에서 보자",현수막 인쇄 접수했어. 금요일 오전 수령으로 걸어둠,v25,,,,teamproj,club,hard,group,casual,kakao
589,v25_teamproj_3,matched_v25,적절,14,"민지: 설문 결과 정리 끝났어! 응답 214개 모임
준호: 오 생각보다 많이 모였네요
나: 고생했어 ㅋㅋ 그래프는 내가 만들게
민지: 목차는 지난번에 정한 대로 4파트로 가는 거지?
준호: 네, 저는 3파트 사례분석 맡을게요
나: 그럼 난 1, 2파트 초안 잡을게
민지: 화요일 리허설 전까지 각자 파트 PPT 올리기로 해요
준호: 발표는 누가 해요?
민지: 교수님이 전원 발표라고 하셨어 ㅠㅠ 파트별로 나눠서 하자
나: ㅋㅋㅋ 어쩔 수 없지
준호: 템플릿은 제가 깔끔한 거 찾아둘게요
민지: 참고문헌 양식 APA로 통일하는 거 잊지 마!
준호: 넵넵
민지: 그럼 화요일 6시 도서관에서 보자",준호가 찾은 템플릿 좋다 ㅋㅋ 나도 그걸로 옮길게,v25,,,,teamproj,teamproj,-,group,casual,kakao
590,v25_teamproj_3,misdirect_v25,부적절,13,"소연: 부스 위치 확정됐어! 대운동장 입구 쪽 B7
재민: 오 명당이네 ㅋㅋ
나: 현수막 시안은 어제 올린 걸로 가는 거지?
소연: 응 그걸로 인쇄 맡기자. 금요일까지 나온대
재민: 물품 구매 리스트 정리했는데 예산 5만원 초과야 ㅠㅠ
소연: 어디서 줄이지... 앞치마를 빌리는 걸로 바꿀까?
나: 학생회에서 빌려준다고 했던 것 같은데 물어볼게
재민: 금요일 설치는 몇 시부터야?
소연: 오후 3시부터 가능하대. 수업 없는 사람 위주로 오면 될 듯
재민: 나 3시 수업이라 4시 반에 갈게 ㅠ
소연: ㅇㅋㅇㅋ 부스 운영 시간표는 내가 폼으로 돌릴게
나: 잔돈이랑 계산용 QR도 준비해야 해
소연: 맞다, 그건 회계한테 말해둘게",준호가 찾은 템플릿 좋다 ㅋㅋ 나도 그걸로 옮길게,v25,,,,club,teamproj,hard,group,casual,kakao
591,v25_club_3,matched_v25,적절,13,"소연: 부스 위치 확정됐어! 대운동장 입구 쪽 B7
재민: 오 명당이네 ㅋㅋ
나: 현수막 시안은 어제 올린 걸로 가는 거지?
소연: 응 그걸로 인쇄 맡기자. 금요일까지 나온대
재민: 물품 구매 리스트 정리했는데 예산 5만원 초과야 ㅠㅠ
소연: 어디서 줄이지... 앞치마를 빌리는 걸로 바꿀까?
나: 학생회에서 빌려준다고 했던 것 같은데 물어볼게
재민: 금요일 설치는 몇 시부터야?
소연: 오후 3시부터 가능하대. 수업 없는 사람 위주로 오면 될 듯
재민: 나 3시 수업이라 4시 반에 갈게 ㅠ
소연: ㅇㅋㅇㅋ 부스 운영 시간표는 내가 폼으로 돌릴게
나: 잔돈이랑 계산용 QR도 준비해야 해
소연: 맞다, 그건 회계한테 말해둘게","부스 운영 시간표 폼 나도 제출했어, 토요일 오전으로 넣음",v25,,,,club,club,-,group,casual,kakao
592,v25_club_3,misdirect_v25,부적절,14,"민지: 설문 결과 정리 끝났어! 응답 214개 모임
준호: 오 생각보다 많이 모였네요
나: 고생했어 ㅋㅋ 그래프는 내가 만들게
민지: 목차는 지난번에 정한 대로 4파트로 가는 거지?
준호: 네, 저는 3파트 사례분석 맡을게요
나: 그럼 난 1, 2파트 초안 잡을게
민지: 화요일 리허설 전까지 각자 파트 PPT 올리기로 해요
준호: 발표는 누가 해요?
민지: 교수님이 전원 발표라고 하셨어 ㅠㅠ 파트별로 나눠서 하자
나: ㅋㅋㅋ 어쩔 수 없지
준호: 템플릿은 제가 깔끔한 거 찾아둘게요
민지: 참고문헌 양식 APA로 통일하는 거 잊지 마!
준호: 넵넵
민지: 그럼 화요일 6시 도서관에서 보자","부스 운영 시간표 폼 나도 제출했어, 토요일 오전으로 넣음",v25,,,,teamproj,club,hard,group,casual,kakao
593,v25_teamproj_4,matched_v25,적절,14,"민지: 설문 결과 정리 끝났어! 응답 214개 모임
준호: 오 생각보다 많이 모였네요
나: 고생했어 ㅋㅋ 그래프는 내가 만들게
민지: 목차는 지난번에 정한 대로 4파트로 가는 거지?
준호: 네, 저는 3파트 사례분석 맡을게요
나: 그럼 난 1, 2파트 초안 잡을게
민지: 화요일 리허설 전까지 각자 파트 PPT 올리기로 해요
준호: 발표는 누가 해요?
민지: 교수님이 전원 발표라고 하셨어 ㅠㅠ 파트별로 나눠서 하자
나: ㅋㅋㅋ 어쩔 수 없지
준호: 템플릿은 제가 깔끔한 거 찾아둘게요
민지: 참고문헌 양식 APA로 통일하는 거 잊지 마!
준호: 넵넵
민지: 그럼 화요일 6시 도서관에서 보자","APA 양식 헷갈리면 학교 도서관 가이드 링크 있어, 방에 올려둘게",v25,,,,teamproj,teamproj,-,group,casual,kakao
594,v25_teamproj_4,misdirect_v25,부적절,13,"소연: 부스 위치 확정됐어! 대운동장 입구 쪽 B7
재민: 오 명당이네 ㅋㅋ
나: 현수막 시안은 어제 올린 걸로 가는 거지?
소연: 응 그걸로 인쇄 맡기자. 금요일까지 나온대
재민: 물품 구매 리스트 정리했는데 예산 5만원 초과야 ㅠㅠ
소연: 어디서 줄이지... 앞치마를 빌리는 걸로 바꿀까?
나: 학생회에서 빌려준다고 했던 것 같은데 물어볼게
재민: 금요일 설치는 몇 시부터야?
소연: 오후 3시부터 가능하대. 수업 없는 사람 위주로 오면 될 듯
재민: 나 3시 수업이라 4시 반에 갈게 ㅠ
소연: ㅇㅋㅇㅋ 부스 운영 시간표는 내가 폼으로 돌릴게
나: 잔돈이랑 계산용 QR도 준비해야 해
소연: 맞다, 그건 회계한테 말해둘게","APA 양식 헷갈리면 학교 도서관 가이드 링크 있어, 방에 올려둘게",v25,,,,club,teamproj,hard,group,casual,kakao
595,v25_club_4,matched_v25,적절,13,"소연: 부스 위치 확정됐어! 대운동장 입구 쪽 B7
재민: 오 명당이네 ㅋㅋ
나: 현수막 시안은 어제 올린 걸로 가는 거지?
소연: 응 그걸로 인쇄 맡기자. 금요일까지 나온대
재민: 물품 구매 리스트 정리했는데 예산 5만원 초과야 ㅠㅠ
소연: 어디서 줄이지... 앞치마를 빌리는 걸로 바꿀까?
나: 학생회에서 빌려준다고 했던 것 같은데 물어볼게
재민: 금요일 설치는 몇 시부터야?
소연: 오후 3시부터 가능하대. 수업 없는 사람 위주로 오면 될 듯
재민: 나 3시 수업이라 4시 반에 갈게 ㅠ
소연: ㅇㅋㅇㅋ 부스 운영 시간표는 내가 폼으로 돌릴게
나: 잔돈이랑 계산용 QR도 준비해야 해
소연: 맞다, 그건 회계한테 말해둘게","QR 결제는 회계 계좌로 만들어달라고 했어, 내일 나온대",v25,,,,club,club,-,group,casual,kakao
596,v25_club_4,misdirect_v25,부적절,14,"민지: 설문 결과 정리 끝났어! 응답 214개 모임
준호: 오 생각보다 많이 모였네요
나: 고생했어 ㅋㅋ 그래프는 내가 만들게
민지: 목차는 지난번에 정한 대로 4파트로 가는 거지?
준호: 네, 저는 3파트 사례분석 맡을게요
나: 그럼 난 1, 2파트 초안 잡을게
민지: 화요일 리허설 전까지 각자 파트 PPT 올리기로 해요
준호: 발표는 누가 해요?
민지: 교수님이 전원 발표라고 하셨어 ㅠㅠ 파트별로 나눠서 하자
나: ㅋㅋㅋ 어쩔 수 없지
준호: 템플릿은 제가 깔끔한 거 찾아둘게요
민지: 참고문헌 양식 APA로 통일하는 거 잊지 마!
준호: 넵넵
민지: 그럼 화요일 6시 도서관에서 보자","QR 결제는 회계 계좌로 만들어달라고 했어, 내일 나온대",v25,,,,teamproj,club,hard,group,casual,kakao
597,v25_teamproj_5,matched_v25,적절,14,"민지: 설문 결과 정리 끝났어! 응답 214개 모임
준호: 오 생각보다 많이 모였네요
나: 고생했어 ㅋㅋ 그래프는 내가 만들게
민지: 목차는 지난번에 정한 대로 4파트로 가는 거지?
준호: 네, 저는 3파트 사례분석 맡을게요
나: 그럼 난 1, 2파트 초안 잡을게
민지: 화요일 리허설 전까지 각자 파트 PPT 올리기로 해요
준호: 발표는 누가 해요?
민지: 교수님이 전원 발표라고 하셨어 ㅠㅠ 파트별로 나눠서 하자
나: ㅋㅋㅋ 어쩔 수 없지
준호: 템플릿은 제가 깔끔한 거 찾아둘게요
민지: 참고문헌 양식 APA로 통일하는 거 잊지 마!
준호: 넵넵
민지: 그럼 화요일 6시 도서관에서 보자",2파트에 설문 교차분석 넣으면 좋을 것 같은데 민지가 원본 시트 공유해줄래?,v25,,,,teamproj,teamproj,-,group,casual,kakao
598,v25_teamproj_5,misdirect_v25,부적절,13,"소연: 부스 위치 확정됐어! 대운동장 입구 쪽 B7
재민: 오 명당이네 ㅋㅋ
나: 현수막 시안은 어제 올린 걸로 가는 거지?
소연: 응 그걸로 인쇄 맡기자. 금요일까지 나온대
재민: 물품 구매 리스트 정리했는데 예산 5만원 초과야 ㅠㅠ
소연: 어디서 줄이지... 앞치마를 빌리는 걸로 바꿀까?
나: 학생회에서 빌려준다고 했던 것 같은데 물어볼게
재민: 금요일 설치는 몇 시부터야?
소연: 오후 3시부터 가능하대. 수업 없는 사람 위주로 오면 될 듯
재민: 나 3시 수업이라 4시 반에 갈게 ㅠ
소연: ㅇㅋㅇㅋ 부스 운영 시간표는 내가 폼으로 돌릴게
나: 잔돈이랑 계산용 QR도 준비해야 해
소연: 맞다, 그건 회계한테 말해둘게",2파트에 설문 교차분석 넣으면 좋을 것 같은데 민지가 원본 시트 공유해줄래?,v25,,,,club,teamproj,hard,group,casual,kakao
599,v25_club_5,matched_v25,적절,13,"소연: 부스 위치 확정됐어! 대운동장 입구 쪽 B7
재민: 오 명당이네 ㅋㅋ
나: 현수막 시안은 어제 올린 걸로 가는 거지?
소연: 응 그걸로 인쇄 맡기자. 금요일까지 나온대
재민: 물품 구매 리스트 정리했는데 예산 5만원 초과야 ㅠㅠ
소연: 어디서 줄이지... 앞치마를 빌리는 걸로 바꿀까?
나: 학생회에서 빌려준다고 했던 것 같은데 물어볼게
재민: 금요일 설치는 몇 시부터야?
소연: 오후 3시부터 가능하대. 수업 없는 사람 위주로 오면 될 듯
재민: 나 3시 수업이라 4시 반에 갈게 ㅠ
소연: ㅇㅋㅇㅋ 부스 운영 시간표는 내가 폼으로 돌릴게
나: 잔돈이랑 계산용 QR도 준비해야 해
소연: 맞다, 그건 회계한테 말해둘게","B7이면 전기 쓸 수 있는지 확인해야 해, 온장고 돌려야 하잖아",v25,,,,club,club,-,group,casual,kakao
600,v25_club_5,misdirect_v25,부적절,14,"민지: 설문 결과 정리 끝났어! 응답 214개 모임
준호: 오 생각보다 많이 모였네요
나: 고생했어 ㅋㅋ 그래프는 내가 만들게
민지: 목차는 지난번에 정한 대로 4파트로 가는 거지?
준호: 네, 저는 3파트 사례분석 맡을게요
나: 그럼 난 1, 2파트 초안 잡을게
민지: 화요일 리허설 전까지 각자 파트 PPT 올리기로 해요
준호: 발표는 누가 해요?
민지: 교수님이 전원 발표라고 하셨어 ㅠㅠ 파트별로 나눠서 하자
나: ㅋㅋㅋ 어쩔 수 없지
준호: 템플릿은 제가 깔끔한 거 찾아둘게요
민지: 참고문헌 양식 APA로 통일하는 거 잊지 마!
준호: 넵넵
민지: 그럼 화요일 6시 도서관에서 보자","B7이면 전기 쓸 수 있는지 확인해야 해, 온장고 돌려야 하잖아",v25,,,,teamproj,club,hard,group,casual,kakao
601,v25_teamproj_6,matched_v25,적절,14,"민지: 설문 결과 정리 끝났어! 응답 214개 모임
준호: 오 생각보다 많이 모였네요
나: 고생했어 ㅋㅋ 그래프는 내가 만들게
민지: 목차는 지난번에 정한 대로 4파트로 가는 거지?
준호: 네, 저는 3파트 사례분석 맡을게요
나: 그럼 난 1, 2파트 초안 잡을게
민지: 화요일 리허설 전까지 각자 파트 PPT 올리기로 해요
준호: 발표는 누가 해요?
민지: 교수님이 전원 발표라고 하셨어 ㅠㅠ 파트별로 나눠서 하자
나: ㅋㅋㅋ 어쩔 수 없지
준호: 템플릿은 제가 깔끔한 거 찾아둘게요
민지: 참고문헌 양식 APA로 통일하는 거 잊지 마!
준호: 넵넵
민지: 그럼 화요일 6시 도서관에서 보자","리허설 때 타이머 재면서 하자, 파트당 4분 넘으면 줄여야 해",v25,,,,teamproj,teamproj,-,group,casual,kakao
602,v25_teamproj_6,misdirect_v25,부적절,13,"소연: 부스 위치 확정됐어! 대운동장 입구 쪽 B7
재민: 오 명당이네 ㅋㅋ
나: 현수막 시안은 어제 올린 걸로 가는 거지?
소연: 응 그걸로 인쇄 맡기자. 금요일까지 나온대
재민: 물품 구매 리스트 정리했는데 예산 5만원 초과야 ㅠㅠ
소연: 어디서 줄이지... 앞치마를 빌리는 걸로 바꿀까?
나: 학생회에서 빌려준다고 했던 것 같은데 물어볼게
재민: 금요일 설치는 몇 시부터야?
소연: 오후 3시부터 가능하대. 수업 없는 사람 위주로 오면 될 듯
재민: 나 3시 수업이라 4시 반에 갈게 ㅠ
소연: ㅇㅋㅇㅋ 부스 운영 시간표는 내가 폼으로 돌릴게
나: 잔돈이랑 계산용 QR도 준비해야 해
소연: 맞다, 그건 회계한테 말해둘게","리허설 때 타이머 재면서 하자, 파트당 4분 넘으면 줄여야 해",v25,,,,club,teamproj,hard,group,casual,kakao
603,v25_club_6,matched_v25,적절,13,"소연: 부스 위치 확정됐어! 대운동장 입구 쪽 B7
재민: 오 명당이네 ㅋㅋ
나: 현수막 시안은 어제 올린 걸로 가는 거지?
소연: 응 그걸로 인쇄 맡기자. 금요일까지 나온대
재민: 물품 구매 리스트 정리했는데 예산 5만원 초과야 ㅠㅠ
소연: 어디서 줄이지... 앞치마를 빌리는 걸로 바꿀까?
나: 학생회에서 빌려준다고 했던 것 같은데 물어볼게
재민: 금요일 설치는 몇 시부터야?
소연: 오후 3시부터 가능하대. 수업 없는 사람 위주로 오면 될 듯
재민: 나 3시 수업이라 4시 반에 갈게 ㅠ
소연: ㅇㅋㅇㅋ 부스 운영 시간표는 내가 폼으로 돌릴게
나: 잔돈이랑 계산용 QR도 준비해야 해
소연: 맞다, 그건 회계한테 말해둘게","홍보 스토리는 내가 목요일에 올릴게, 현수막 시안에서 사진 두 장만 쓸게",v25,,,,club,club,-,group,casual,kakao
604,v25_club_6,misdirect_v25,부적절,14,"민지: 설문 결과 정리 끝났어! 응답 214개 모임
준호: 오 생각보다 많이 모였네요
나: 고생했어 ㅋㅋ 그래프는 내가 만들게
민지: 목차는 지난번에 정한 대로 4파트로 가는 거지?
준호: 네, 저는 3파트 사례분석 맡을게요
나: 그럼 난 1, 2파트 초안 잡을게
민지: 화요일 리허설 전까지 각자 파트 PPT 올리기로 해요
준호: 발표는 누가 해요?
민지: 교수님이 전원 발표라고 하셨어 ㅠㅠ 파트별로 나눠서 하자
나: ㅋㅋㅋ 어쩔 수 없지
준호: 템플릿은 제가 깔끔한 거 찾아둘게요
민지: 참고문헌 양식 APA로 통일하는 거 잊지 마!
준호: 넵넵
민지: 그럼 화요일 6시 도서관에서 보자","홍보 스토리는 내가 목요일에 올릴게, 현수막 시안에서 사진 두 장만 쓸게",v25,,,,teamproj,club,hard,group,casual,kakao
605,v25_trip_0,matched_v25,적절,15,"유나: 얘들아 항공권 지금 특가 떴어!!
세진: 헐 얼마
유나: 왕복 6만 8천원, 다음 달 둘째 주
세진: 미쳤다 바로 사자
나: ㄱㄱ 나 연차 그 주로 낼게
유나: ㅇㅋ 그럼 내가 셋 다 잡아도 돼? 돈은 나중에 보내줘
세진: 응응 부탁해!!
유나: 결제 완료 ㅋㅋㅋ 금요일 아침 출발, 일요일 밤 도착이야
나: 최고다 진짜 ㅋㅋㅋ
세진: 숙소는 애월 쪽으로 볼까? 지난번에 협재는 가봤으니까
유나: 좋아 오션뷰로 찾아보자
세진: 렌터카는 내가 알아볼게, 경차면 충분하지?
나: ㅇㅇ 충분 우리 짐도 별로 없잖아
유나: 흑돼지 맛집은 미리 예약해야 한대! 리스트 공유할게
세진: 벌써 설렌다 ㅋㅋㅋ",연차 승인됐다!! 제주 가는 금요일 새벽부터 자유의 몸 ㅋㅋㅋ,v25,,,,trip,trip,-,group,casual,kakao
606,v25_trip_0,misdirect_v25,부적절,11,"총무: 이번 일요일 북한산 정기산행 공지합니다~
영진: 코스는 어디로 가나요?
총무: 우이동에서 백운대 찍고 내려오는 걸로요. 4시간 정도 봅니다
영진: 좋네요 ㅎㅎ 몇 시 집결이에요?
총무: 북한산우이역 2번 출구, 아침 8시요
나: 참석합니다! 오랜만에 백운대네요
총무: 하산 후에 두부집 예약해둘게요 ㅎㅎ
영진: 캬 그 집 파전이죠
총무: 일요일 오후에 비 예보가 조금 있어서 우비 챙겨오세요
나: 넵 확인했습니다
총무: 신입 두 분도 오시니까 다들 잘 챙겨주세요~",연차 승인됐다!! 제주 가는 금요일 새벽부터 자유의 몸 ㅋㅋㅋ,v25,,,,hike,trip,hard,group,formal,plain
607,v25_hike_0,matched_v25,적절,11,"총무: 이번 일요일 북한산 정기산행 공지합니다~
영진: 코스는 어디로 가나요?
총무: 우이동에서 백운대 찍고 내려오는 걸로요. 4시간 정도 봅니다
영진: 좋네요 ㅎㅎ 몇 시 집결이에요?
총무: 북한산우이역 2번 출구, 아침 8시요
나: 참석합니다! 오랜만에 백운대네요
총무: 하산 후에 두부집 예약해둘게요 ㅎㅎ
영진: 캬 그 집 파전이죠
총무: 일요일 오후에 비 예보가 조금 있어서 우비 챙겨오세요
나: 넵 확인했습니다
총무: 신입 두 분도 오시니까 다들 잘 챙겨주세요~",스틱 여분 있으면 신입분들 빌려드리게 두 개 챙겨갈게요,v25,,,,hike,hike,-,group,formal,plain
608,v25_hike_0,misdirect_v25,부적절,15,"유나: 얘들아 항공권 지금 특가 떴어!!
세진: 헐 얼마
유나: 왕복 6만 8천원, 다음 달 둘째 주
세진: 미쳤다 바로 사자
나: ㄱㄱ 나 연차 그 주로 낼게
유나: ㅇㅋ 그럼 내가 셋 다 잡아도 돼? 돈은 나중에 보내줘
세진: 응응 부탁해!!
유나: 결제 완료 ㅋㅋㅋ 금요일 아침 출발, 일요일 밤 도착이야
나: 최고다 진짜 ㅋㅋㅋ
세진: 숙소는 애월 쪽으로 볼까? 지난번에 협재는 가봤으니까
유나: 좋아 오션뷰로 찾아보자
세진: 렌터카는 내가 알아볼게, 경차면 충분하지?
나: ㅇㅇ 충분 우리 짐도 별로 없잖아
유나: 흑돼지 맛집은 미리 예약해야 한대! 리스트 공유할게
세진: 벌써 설렌다 ㅋㅋㅋ",스틱 여분 있으면 신입분들 빌려드리게 두 개 챙겨갈게요,v25,,,,trip,hike,hard,group,casual,kakao
609,v25_trip_1,matched_v25,적절,15,"유나: 얘들아 항공권 지금 특가 떴어!!
세진: 헐 얼마
유나: 왕복 6만 8천원, 다음 달 둘째 주
세진: 미쳤다 바로 사자
나: ㄱㄱ 나 연차 그 주로 낼게
유나: ㅇㅋ 그럼 내가 셋 다 잡아도 돼? 돈은 나중에 보내줘
세진: 응응 부탁해!!
유나: 결제 완료 ㅋㅋㅋ 금요일 아침 출발, 일요일 밤 도착이야
나: 최고다 진짜 ㅋㅋㅋ
세진: 숙소는 애월 쪽으로 볼까? 지난번에 협재는 가봤으니까
유나: 좋아 오션뷰로 찾아보자
세진: 렌터카는 내가 알아볼게, 경차면 충분하지?
나: ㅇㅇ 충분 우리 짐도 별로 없잖아
유나: 흑돼지 맛집은 미리 예약해야 한대! 리스트 공유할게
세진: 벌써 설렌다 ㅋㅋㅋ",유나야 항공권값 방금 보냈어~ 확인해줘,v25,,,,trip,trip,-,group,casual,kakao
610,v25_trip_1,misdirect_v25,부적절,11,"총무: 이번 일요일 북한산 정기산행 공지합니다~
영진: 코스는 어디로 가나요?
총무: 우이동에서 백운대 찍고 내려오는 걸로요. 4시간 정도 봅니다
영진: 좋네요 ㅎㅎ 몇 시 집결이에요?
총무: 북한산우이역 2번 출구, 아침 8시요
나: 참석합니다! 오랜만에 백운대네요
총무: 하산 후에 두부집 예약해둘게요 ㅎㅎ
영진: 캬 그 집 파전이죠
총무: 일요일 오후에 비 예보가 조금 있어서 우비 챙겨오세요
나: 넵 확인했습니다
총무: 신입 두 분도 오시니까 다들 잘 챙겨주세요~",유나야 항공권값 방금 보냈어~ 확인해줘,v25,,,,hike,trip,hard,group,formal,plain
611,v25_hike_1,matched_v25,적절,11,"총무: 이번 일요일 북한산 정기산행 공지합니다~
영진: 코스는 어디로 가나요?
총무: 우이동에서 백운대 찍고 내려오는 걸로요. 4시간 정도 봅니다
영진: 좋네요 ㅎㅎ 몇 시 집결이에요?
총무: 북한산우이역 2번 출구, 아침 8시요
나: 참석합니다! 오랜만에 백운대네요
총무: 하산 후에 두부집 예약해둘게요 ㅎㅎ
영진: 캬 그 집 파전이죠
총무: 일요일 오후에 비 예보가 조금 있어서 우비 챙겨오세요
나: 넵 확인했습니다
총무: 신입 두 분도 오시니까 다들 잘 챙겨주세요~","8시 집결 확인했습니다, 저는 7시 50분까지 우이역에 가 있을게요",v25,,,,hike,hike,-,group,formal,plain
612,v25_hike_1,misdirect_v25,부적절,15,"유나: 얘들아 항공권 지금 특가 떴어!!
세진: 헐 얼마
유나: 왕복 6만 8천원, 다음 달 둘째 주
세진: 미쳤다 바로 사자
나: ㄱㄱ 나 연차 그 주로 낼게
유나: ㅇㅋ 그럼 내가 셋 다 잡아도 돼? 돈은 나중에 보내줘
세진: 응응 부탁해!!
유나: 결제 완료 ㅋㅋㅋ 금요일 아침 출발, 일요일 밤 도착이야
나: 최고다 진짜 ㅋㅋㅋ
세진: 숙소는 애월 쪽으로 볼까? 지난번에 협재는 가봤으니까
유나: 좋아 오션뷰로 찾아보자
세진: 렌터카는 내가 알아볼게, 경차면 충분하지?
나: ㅇㅇ 충분 우리 짐도 별로 없잖아
유나: 흑돼지 맛집은 미리 예약해야 한대! 리스트 공유할게
세진: 벌써 설렌다 ㅋㅋㅋ","8시 집결 확인했습니다, 저는 7시 50분까지 우이역에 가 있을게요",v25,,,,trip,hike,hard,group,casual,kakao
613,v25_trip_2,matched_v25,적절,15,"유나: 얘들아 항공권 지금 특가 떴어!!
세진: 헐 얼마
유나: 왕복 6만 8천원, 다음 달 둘째 주
세진: 미쳤다 바로 사자
나: ㄱㄱ 나 연차 그 주로 낼게
유나: ㅇㅋ 그럼 내가 셋 다 잡아도 돼? 돈은 나중에 보내줘
세진: 응응 부탁해!!
유나: 결제 완료 ㅋㅋㅋ 금요일 아침 출발, 일요일 밤 도착이야
나: 최고다 진짜 ㅋㅋㅋ
세진: 숙소는 애월 쪽으로 볼까? 지난번에 협재는 가봤으니까
유나: 좋아 오션뷰로 찾아보자
세진: 렌터카는 내가 알아볼게, 경차면 충분하지?
나: ㅇㅇ 충분 우리 짐도 별로 없잖아
유나: 흑돼지 맛집은 미리 예약해야 한대! 리스트 공유할게
세진: 벌써 설렌다 ㅋㅋㅋ","애월 숙소 후보 3개 찾음!! 링크 올릴게, 다 오션뷰야",v25,,,,trip,trip,-,group,casual,kakao
614,v25_trip_2,misdirect_v25,부적절,11,"총무: 이번 일요일 북한산 정기산행 공지합니다~
영진: 코스는 어디로 가나요?
총무: 우이동에서 백운대 찍고 내려오는 걸로요. 4시간 정도 봅니다
영진: 좋네요 ㅎㅎ 몇 시 집결이에요?
총무: 북한산우이역 2번 출구, 아침 8시요
나: 참석합니다! 오랜만에 백운대네요
총무: 하산 후에 두부집 예약해둘게요 ㅎㅎ
영진: 캬 그 집 파전이죠
총무: 일요일 오후에 비 예보가 조금 있어서 우비 챙겨오세요
나: 넵 확인했습니다
총무: 신입 두 분도 오시니까 다들 잘 챙겨주세요~","애월 숙소 후보 3개 찾음!! 링크 올릴게, 다 오션뷰야",v25,,,,hike,trip,hard,group,formal,plain
615,v25_hike_2,matched_v25,적절,11,"총무: 이번 일요일 북한산 정기산행 공지합니다~
영진: 코스는 어디로 가나요?
총무: 우이동에서 백운대 찍고 내려오는 걸로요. 4시간 정도 봅니다
영진: 좋네요 ㅎㅎ 몇 시 집결이에요?
총무: 북한산우이역 2번 출구, 아침 8시요
나: 참석합니다! 오랜만에 백운대네요
총무: 하산 후에 두부집 예약해둘게요 ㅎㅎ
영진: 캬 그 집 파전이죠
총무: 일요일 오후에 비 예보가 조금 있어서 우비 챙겨오세요
나: 넵 확인했습니다
총무: 신입 두 분도 오시니까 다들 잘 챙겨주세요~","두부집 인원에 저 +1 해주세요, 동생이 같이 가고 싶다네요",v25,,,,hike,hike,-,group,formal,plain
616,v25_hike_2,misdirect_v25,부적절,15,"유나: 얘들아 항공권 지금 특가 떴어!!
세진: 헐 얼마
유나: 왕복 6만 8천원, 다음 달 둘째 주
세진: 미쳤다 바로 사자
나: ㄱㄱ 나 연차 그 주로 낼게
유나: ㅇㅋ 그럼 내가 셋 다 잡아도 돼? 돈은 나중에 보내줘
세진: 응응 부탁해!!
유나: 결제 완료 ㅋㅋㅋ 금요일 아침 출발, 일요일 밤 도착이야
나: 최고다 진짜 ㅋㅋㅋ
세진: 숙소는 애월 쪽으로 볼까? 지난번에 협재는 가봤으니까
유나: 좋아 오션뷰로 찾아보자
세진: 렌터카는 내가 알아볼게, 경차면 충분하지?
나: ㅇㅇ 충분 우리 짐도 별로 없잖아
유나: 흑돼지 맛집은 미리 예약해야 한대! 리스트 공유할게
세진: 벌써 설렌다 ㅋㅋㅋ","두부집 인원에 저 +1 해주세요, 동생이 같이 가고 싶다네요",v25,,,,trip,hike,hard,group,casual,kakao
617,v25_trip_3,matched_v25,적절,15,"유나: 얘들아 항공권 지금 특가 떴어!!
세진: 헐 얼마
유나: 왕복 6만 8천원, 다음 달 둘째 주
세진: 미쳤다 바로 사자
나: ㄱㄱ 나 연차 그 주로 낼게
유나: ㅇㅋ 그럼 내가 셋 다 잡아도 돼? 돈은 나중에 보내줘
세진: 응응 부탁해!!
유나: 결제 완료 ㅋㅋㅋ 금요일 아침 출발, 일요일 밤 도착이야
나: 최고다 진짜 ㅋㅋㅋ
세진: 숙소는 애월 쪽으로 볼까? 지난번에 협재는 가봤으니까
유나: 좋아 오션뷰로 찾아보자
세진: 렌터카는 내가 알아볼게, 경차면 충분하지?
나: ㅇㅇ 충분 우리 짐도 별로 없잖아
유나: 흑돼지 맛집은 미리 예약해야 한대! 리스트 공유할게
세진: 벌써 설렌다 ㅋㅋㅋ","흑돼지집은 토요일 저녁으로 예약하자, 리스트에서 두 번째 집 어때",v25,,,,trip,trip,-,group,casual,kakao
618,v25_trip_3,misdirect_v25,부적절,11,"총무: 이번 일요일 북한산 정기산행 공지합니다~
영진: 코스는 어디로 가나요?
총무: 우이동에서 백운대 찍고 내려오는 걸로요. 4시간 정도 봅니다
영진: 좋네요 ㅎㅎ 몇 시 집결이에요?
총무: 북한산우이역 2번 출구, 아침 8시요
나: 참석합니다! 오랜만에 백운대네요
총무: 하산 후에 두부집 예약해둘게요 ㅎㅎ
영진: 캬 그 집 파전이죠
총무: 일요일 오후에 비 예보가 조금 있어서 우비 챙겨오세요
나: 넵 확인했습니다
총무: 신입 두 분도 오시니까 다들 잘 챙겨주세요~","흑돼지집은 토요일 저녁으로 예약하자, 리스트에서 두 번째 집 어때",v25,,,,hike,trip,hard,group,formal,plain
619,v25_hike_3,matched_v25,적절,11,"총무: 이번 일요일 북한산 정기산행 공지합니다~
영진: 코스는 어디로 가나요?
총무: 우이동에서 백운대 찍고 내려오는 걸로요. 4시간 정도 봅니다
영진: 좋네요 ㅎㅎ 몇 시 집결이에요?
총무: 북한산우이역 2번 출구, 아침 8시요
나: 참석합니다! 오랜만에 백운대네요
총무: 하산 후에 두부집 예약해둘게요 ㅎㅎ
영진: 캬 그 집 파전이죠
총무: 일요일 오후에 비 예보가 조금 있어서 우비 챙겨오세요
나: 넵 확인했습니다
총무: 신입 두 분도 오시니까 다들 잘 챙겨주세요~","우비 말고 바람막이도 챙기는 게 좋겠어요, 백운대 정상은 바람이 셉니다",v25,,,,hike,hike,-,group,formal,plain
620,v25_hike_3,misdirect_v25,부적절,15,"유나: 얘들아 항공권 지금 특가 떴어!!
세진: 헐 얼마
유나: 왕복 6만 8천원, 다음 달 둘째 주
세진: 미쳤다 바로 사자
나: ㄱㄱ 나 연차 그 주로 낼게
유나: ㅇㅋ 그럼 내가 셋 다 잡아도 돼? 돈은 나중에 보내줘
세진: 응응 부탁해!!
유나: 결제 완료 ㅋㅋㅋ 금요일 아침 출발, 일요일 밤 도착이야
나: 최고다 진짜 ㅋㅋㅋ
세진: 숙소는 애월 쪽으로 볼까? 지난번에 협재는 가봤으니까
유나: 좋아 오션뷰로 찾아보자
세진: 렌터카는 내가 알아볼게, 경차면 충분하지?
나: ㅇㅇ 충분 우리 짐도 별로 없잖아
유나: 흑돼지 맛집은 미리 예약해야 한대! 리스트 공유할게
세진: 벌써 설렌다 ㅋㅋㅋ","우비 말고 바람막이도 챙기는 게 좋겠어요, 백운대 정상은 바람이 셉니다",v25,,,,trip,hike,hard,group,casual,kakao
621,v25_trip_4,matched_v25,적절,15,"유나: 얘들아 항공권 지금 특가 떴어!!
세진: 헐 얼마
유나: 왕복 6만 8천원, 다음 달 둘째 주
세진: 미쳤다 바로 사자
나: ㄱㄱ 나 연차 그 주로 낼게
유나: ㅇㅋ 그럼 내가 셋 다 잡아도 돼? 돈은 나중에 보내줘
세진: 응응 부탁해!!
유나: 결제 완료 ㅋㅋㅋ 금요일 아침 출발, 일요일 밤 도착이야
나: 최고다 진짜 ㅋㅋㅋ
세진: 숙소는 애월 쪽으로 볼까? 지난번에 협재는 가봤으니까
유나: 좋아 오션뷰로 찾아보자
세진: 렌터카는 내가 알아볼게, 경차면 충분하지?
나: ㅇㅇ 충분 우리 짐도 별로 없잖아
유나: 흑돼지 맛집은 미리 예약해야 한대! 리스트 공유할게
세진: 벌써 설렌다 ㅋㅋㅋ",우도도 갈까? 일요일 오전에 배 타면 시간 될 것 같은데,v25,,,,trip,trip,-,group,casual,kakao
622,v25_trip_4,misdirect_v25,부적절,11,"총무: 이번 일요일 북한산 정기산행 공지합니다~
영진: 코스는 어디로 가나요?
총무: 우이동에서 백운대 찍고 내려오는 걸로요. 4시간 정도 봅니다
영진: 좋네요 ㅎㅎ 몇 시 집결이에요?
총무: 북한산우이역 2번 출구, 아침 8시요
나: 참석합니다! 오랜만에 백운대네요
총무: 하산 후에 두부집 예약해둘게요 ㅎㅎ
영진: 캬 그 집 파전이죠
총무: 일요일 오후에 비 예보가 조금 있어서 우비 챙겨오세요
나: 넵 확인했습니다
총무: 신입 두 분도 오시니까 다들 잘 챙겨주세요~",우도도 갈까? 일요일 오전에 배 타면 시간 될 것 같은데,v25,,,,hike,trip,hard,group,formal,plain
623,v25_hike_4,matched_v25,적절,11,"총무: 이번 일요일 북한산 정기산행 공지합니다~
영진: 코스는 어디로 가나요?
총무: 우이동에서 백운대 찍고 내려오는 걸로요. 4시간 정도 봅니다
영진: 좋네요 ㅎㅎ 몇 시 집결이에요?
총무: 북한산우이역 2번 출구, 아침 8시요
나: 참석합니다! 오랜만에 백운대네요
총무: 하산 후에 두부집 예약해둘게요 ㅎㅎ
영진: 캬 그 집 파전이죠
총무: 일요일 오후에 비 예보가 조금 있어서 우비 챙겨오세요
나: 넵 확인했습니다
총무: 신입 두 분도 오시니까 다들 잘 챙겨주세요~",지난 산행 사진 정리해서 방에 올렸어요~ 필요하신 분 저장하세요,v25,,,,hike,hike,-,group,formal,plain
624,v25_hike_4,misdirect_v25,부적절,15,"유나: 얘들아 항공권 지금 특가 떴어!!
세진: 헐 얼마
유나: 왕복 6만 8천원, 다음 달 둘째 주
세진: 미쳤다 바로 사자
나: ㄱㄱ 나 연차 그 주로 낼게
유나: ㅇㅋ 그럼 내가 셋 다 잡아도 돼? 돈은 나중에 보내줘
세진: 응응 부탁해!!
유나: 결제 완료 ㅋㅋㅋ 금요일 아침 출발, 일요일 밤 도착이야
나: 최고다 진짜 ㅋㅋㅋ
세진: 숙소는 애월 쪽으로 볼까? 지난번에 협재는 가봤으니까
유나: 좋아 오션뷰로 찾아보자
세진: 렌터카는 내가 알아볼게, 경차면 충분하지?
나: ㅇㅇ 충분 우리 짐도 별로 없잖아
유나: 흑돼지 맛집은 미리 예약해야 한대! 리스트 공유할게
세진: 벌써 설렌다 ㅋㅋㅋ",지난 산행 사진 정리해서 방에 올렸어요~ 필요하신 분 저장하세요,v25,,,,trip,hike,hard,group,casual,kakao
625,v25_trip_5,matched_v25,적절,15,"유나: 얘들아 항공권 지금 특가 떴어!!
세진: 헐 얼마
유나: 왕복 6만 8천원, 다음 달 둘째 주
세진: 미쳤다 바로 사자
나: ㄱㄱ 나 연차 그 주로 낼게
유나: ㅇㅋ 그럼 내가 셋 다 잡아도 돼? 돈은 나중에 보내줘
세진: 응응 부탁해!!
유나: 결제 완료 ㅋㅋㅋ 금요일 아침 출발, 일요일 밤 도착이야
나: 최고다 진짜 ㅋㅋㅋ
세진: 숙소는 애월 쪽으로 볼까? 지난번에 협재는 가봤으니까
유나: 좋아 오션뷰로 찾아보자
세진: 렌터카는 내가 알아볼게, 경차면 충분하지?
나: ㅇㅇ 충분 우리 짐도 별로 없잖아
유나: 흑돼지 맛집은 미리 예약해야 한대! 리스트 공유할게
세진: 벌써 설렌다 ㅋㅋㅋ",렌터카 세진이가 알아본다고 했지? 보험은 완전자차로 하자,v25,,,,trip,trip,-,group,casual,kakao
626,v25_trip_5,misdirect_v25,부적절,11,"총무: 이번 일요일 북한산 정기산행 공지합니다~
영진: 코스는 어디로 가나요?
총무: 우이동에서 백운대 찍고 내려오는 걸로요. 4시간 정도 봅니다
영진: 좋네요 ㅎㅎ 몇 시 집결이에요?
총무: 북한산우이역 2번 출구, 아침 8시요
나: 참석합니다! 오랜만에 백운대네요
총무: 하산 후에 두부집 예약해둘게요 ㅎㅎ
영진: 캬 그 집 파전이죠
총무: 일요일 오후에 비 예보가 조금 있어서 우비 챙겨오세요
나: 넵 확인했습니다
총무: 신입 두 분도 오시니까 다들 잘 챙겨주세요~",렌터카 세진이가 알아본다고 했지? 보험은 완전자차로 하자,v25,,,,hike,trip,hard,group,formal,plain
627,v25_hike_5,matched_v25,적절,11,"총무: 이번 일요일 북한산 정기산행 공지합니다~
영진: 코스는 어디로 가나요?
총무: 우이동에서 백운대 찍고 내려오는 걸로요. 4시간 정도 봅니다
영진: 좋네요 ㅎㅎ 몇 시 집결이에요?
총무: 북한산우이역 2번 출구, 아침 8시요
나: 참석합니다! 오랜만에 백운대네요
총무: 하산 후에 두부집 예약해둘게요 ㅎㅎ
영진: 캬 그 집 파전이죠
총무: 일요일 오후에 비 예보가 조금 있어서 우비 챙겨오세요
나: 넵 확인했습니다
총무: 신입 두 분도 오시니까 다들 잘 챙겨주세요~",하산은 도선사 쪽인가요? 무릎이 안 좋아서 완만한 코스면 좋아서요,v25,,,,hike,hike,-,group,formal,plain
628,v25_hike_5,misdirect_v25,부적절,15,"유나: 얘들아 항공권 지금 특가 떴어!!
세진: 헐 얼마
유나: 왕복 6만 8천원, 다음 달 둘째 주
세진: 미쳤다 바로 사자
나: ㄱㄱ 나 연차 그 주로 낼게
유나: ㅇㅋ 그럼 내가 셋 다 잡아도 돼? 돈은 나중에 보내줘
세진: 응응 부탁해!!
유나: 결제 완료 ㅋㅋㅋ 금요일 아침 출발, 일요일 밤 도착이야
나: 최고다 진짜 ㅋㅋㅋ
세진: 숙소는 애월 쪽으로 볼까? 지난번에 협재는 가봤으니까
유나: 좋아 오션뷰로 찾아보자
세진: 렌터카는 내가 알아볼게, 경차면 충분하지?
나: ㅇㅇ 충분 우리 짐도 별로 없잖아
유나: 흑돼지 맛집은 미리 예약해야 한대! 리스트 공유할게
세진: 벌써 설렌다 ㅋㅋㅋ",하산은 도선사 쪽인가요? 무릎이 안 좋아서 완만한 코스면 좋아서요,v25,,,,trip,hike,hard,group,casual,kakao
629,v25_trip_6,matched_v25,적절,15,"유나: 얘들아 항공권 지금 특가 떴어!!
세진: 헐 얼마
유나: 왕복 6만 8천원, 다음 달 둘째 주
세진: 미쳤다 바로 사자
나: ㄱㄱ 나 연차 그 주로 낼게
유나: ㅇㅋ 그럼 내가 셋 다 잡아도 돼? 돈은 나중에 보내줘
세진: 응응 부탁해!!
유나: 결제 완료 ㅋㅋㅋ 금요일 아침 출발, 일요일 밤 도착이야
나: 최고다 진짜 ㅋㅋㅋ
세진: 숙소는 애월 쪽으로 볼까? 지난번에 협재는 가봤으니까
유나: 좋아 오션뷰로 찾아보자
세진: 렌터카는 내가 알아볼게, 경차면 충분하지?
나: ㅇㅇ 충분 우리 짐도 별로 없잖아
유나: 흑돼지 맛집은 미리 예약해야 한대! 리스트 공유할게
세진: 벌써 설렌다 ㅋㅋㅋ",캐리어 하나로 짐 합칠 사람 ㅋㅋ 나 백팩만 갈 거야,v25,,,,trip,trip,-,group,casual,kakao
630,v25_trip_6,misdirect_v25,부적절,11,"총무: 이번 일요일 북한산 정기산행 공지합니다~
영진: 코스는 어디로 가나요?
총무: 우이동에서 백운대 찍고 내려오는 걸로요. 4시간 정도 봅니다
영진: 좋네요 ㅎㅎ 몇 시 집결이에요?
총무: 북한산우이역 2번 출구, 아침 8시요
나: 참석합니다! 오랜만에 백운대네요
총무: 하산 후에 두부집 예약해둘게요 ㅎㅎ
영진: 캬 그 집 파전이죠
총무: 일요일 오후에 비 예보가 조금 있어서 우비 챙겨오세요
나: 넵 확인했습니다
총무: 신입 두 분도 오시니까 다들 잘 챙겨주세요~",캐리어 하나로 짐 합칠 사람 ㅋㅋ 나 백팩만 갈 거야,v25,,,,hike,trip,hard,group,formal,plain
631,v25_hike_6,matched_v25,적절,11,"총무: 이번 일요일 북한산 정기산행 공지합니다~
영진: 코스는 어디로 가나요?
총무: 우이동에서 백운대 찍고 내려오는 걸로요. 4시간 정도 봅니다
영진: 좋네요 ㅎㅎ 몇 시 집결이에요?
총무: 북한산우이역 2번 출구, 아침 8시요
나: 참석합니다! 오랜만에 백운대네요
총무: 하산 후에 두부집 예약해둘게요 ㅎㅎ
영진: 캬 그 집 파전이죠
총무: 일요일 오후에 비 예보가 조금 있어서 우비 챙겨오세요
나: 넵 확인했습니다
총무: 신입 두 분도 오시니까 다들 잘 챙겨주세요~",간식으로 에너지바 넉넉히 사갈게요 ㅎㅎ,v25,,,,hike,hike,-,group,formal,plain
632,v25_hike_6,misdirect_v25,부적절,15,"유나: 얘들아 항공권 지금 특가 떴어!!
세진: 헐 얼마
유나: 왕복 6만 8천원, 다음 달 둘째 주
세진: 미쳤다 바로 사자
나: ㄱㄱ 나 연차 그 주로 낼게
유나: ㅇㅋ 그럼 내가 셋 다 잡아도 돼? 돈은 나중에 보내줘
세진: 응응 부탁해!!
유나: 결제 완료 ㅋㅋㅋ 금요일 아침 출발, 일요일 밤 도착이야
나: 최고다 진짜 ㅋㅋㅋ
세진: 숙소는 애월 쪽으로 볼까? 지난번에 협재는 가봤으니까
유나: 좋아 오션뷰로 찾아보자
세진: 렌터카는 내가 알아볼게, 경차면 충분하지?
나: ㅇㅇ 충분 우리 짐도 별로 없잖아
유나: 흑돼지 맛집은 미리 예약해야 한대! 리스트 공유할게
세진: 벌써 설렌다 ㅋㅋㅋ",간식으로 에너지바 넉넉히 사갈게요 ㅎㅎ,v25,,,,trip,hike,hard,group,casual,kakao
633,v25_family_0,matched_v25,적절,12,"엄마: 이번 주말에 김장할 건데 다들 몇 시에 올 수 있니
동생: 나는 토요일 아침에 갈게~
아빠: 배추는 금요일에 절여놓을게
나: 나도 토요일 오전까지 갈게요
엄마: 그래, 점심은 수육 삶아줄게
동생: 앗싸 ㅋㅋㅋ
엄마: 그리고 다음 주 아빠 생신 식당 어디로 할지 정해야 해
동생: 지난번 그 한정식집 어때? 아빠 좋아하셨잖아
나: 거기 좋았지, 내가 예약해볼게요
아빠: 비싼 데 말고 아무데나 괜찮다
엄마: 무슨 소리예요, 생신인데 ㅋㅋ
동생: 언니가 예약하면 나는 케이크 준비할게!",한정식집 다음 주 토요일 저녁 6시로 예약했어요~ 룸으로 잡음,v25,,,,family,family,-,group,casual,kakao
634,v25_family_0,misdirect_v25,부적절,11,"태윤: 얘들아 다음 주 토요일에 한 번 뭉치자
서준: 오 좋다 얼마 만이냐
민아: 나 그날 오후엔 되는데 저녁은 몇 시?
태윤: 7시쯤? 신촌 어때, 다 중간이잖아
서준: 신촌 ㅇㅋ 그 닭갈비집 아직 있나 ㅋㅋ
민아: 있어 ㅋㅋㅋ 지난달에 지나가다 봤어
태윤: 그럼 거기서 보고 2차는 가서 정하자
서준: 근데 지혜도 부를까? 걔 요즘 연락 되냐
민아: 내가 물어볼게! 아마 될걸
태윤: ㅇㅋ 그럼 일단 토요일 7시 신촌 확정
민아: 캘린더에 박아둔다 ㅋㅋ",한정식집 다음 주 토요일 저녁 6시로 예약했어요~ 룸으로 잡음,v25,,,,alumni,family,medium,group,casual,kakao
635,v25_alumni_0,matched_v25,적절,11,"태윤: 얘들아 다음 주 토요일에 한 번 뭉치자
서준: 오 좋다 얼마 만이냐
민아: 나 그날 오후엔 되는데 저녁은 몇 시?
태윤: 7시쯤? 신촌 어때, 다 중간이잖아
서준: 신촌 ㅇㅋ 그 닭갈비집 아직 있나 ㅋㅋ
민아: 있어 ㅋㅋㅋ 지난달에 지나가다 봤어
태윤: 그럼 거기서 보고 2차는 가서 정하자
서준: 근데 지혜도 부를까? 걔 요즘 연락 되냐
민아: 내가 물어볼게! 아마 될걸
태윤: ㅇㅋ 그럼 일단 토요일 7시 신촌 확정
민아: 캘린더에 박아둔다 ㅋㅋ",토요일 7시 ㅇㅋ!! 나 그날 낮에 일 있어서 좀 늦으면 먼저 시작해,v25,,,,alumni,alumni,-,group,casual,kakao
636,v25_alumni_0,misdirect_v25,부적절,12,"엄마: 이번 주말에 김장할 건데 다들 몇 시에 올 수 있니
동생: 나는 토요일 아침에 갈게~
아빠: 배추는 금요일에 절여놓을게
나: 나도 토요일 오전까지 갈게요
엄마: 그래, 점심은 수육 삶아줄게
동생: 앗싸 ㅋㅋㅋ
엄마: 그리고 다음 주 아빠 생신 식당 어디로 할지 정해야 해
동생: 지난번 그 한정식집 어때? 아빠 좋아하셨잖아
나: 거기 좋았지, 내가 예약해볼게요
아빠: 비싼 데 말고 아무데나 괜찮다
엄마: 무슨 소리예요, 생신인데 ㅋㅋ
동생: 언니가 예약하면 나는 케이크 준비할게!",토요일 7시 ㅇㅋ!! 나 그날 낮에 일 있어서 좀 늦으면 먼저 시작해,v25,,,,family,alumni,medium,group,casual,kakao
637,v25_family_1,matched_v25,적절,12,"엄마: 이번 주말에 김장할 건데 다들 몇 시에 올 수 있니
동생: 나는 토요일 아침에 갈게~
아빠: 배추는 금요일에 절여놓을게
나: 나도 토요일 오전까지 갈게요
엄마: 그래, 점심은 수육 삶아줄게
동생: 앗싸 ㅋㅋㅋ
엄마: 그리고 다음 주 아빠 생신 식당 어디로 할지 정해야 해
동생: 지난번 그 한정식집 어때? 아빠 좋아하셨잖아
나: 거기 좋았지, 내가 예약해볼게요
아빠: 비싼 데 말고 아무데나 괜찮다
엄마: 무슨 소리예요, 생신인데 ㅋㅋ
동생: 언니가 예약하면 나는 케이크 준비할게!","김장 때 고무장갑 새 거 사갈게요, 작년에 다 찢어졌잖아 ㅋㅋ",v25,,,,family,family,-,group,casual,kakao
638,v25_family_1,misdirect_v25,부적절,11,"태윤: 얘들아 다음 주 토요일에 한 번 뭉치자
서준: 오 좋다 얼마 만이냐
민아: 나 그날 오후엔 되는데 저녁은 몇 시?
태윤: 7시쯤? 신촌 어때, 다 중간이잖아
서준: 신촌 ㅇㅋ 그 닭갈비집 아직 있나 ㅋㅋ
민아: 있어 ㅋㅋㅋ 지난달에 지나가다 봤어
태윤: 그럼 거기서 보고 2차는 가서 정하자
서준: 근데 지혜도 부를까? 걔 요즘 연락 되냐
민아: 내가 물어볼게! 아마 될걸
태윤: ㅇㅋ 그럼 일단 토요일 7시 신촌 확정
민아: 캘린더에 박아둔다 ㅋㅋ","김장 때 고무장갑 새 거 사갈게요, 작년에 다 찢어졌잖아 ㅋㅋ",v25,,,,alumni,family,medium,group,casual,kakao
639,v25_alumni_1,matched_v25,적절,11,"태윤: 얘들아 다음 주 토요일에 한 번 뭉치자
서준: 오 좋다 얼마 만이냐
민아: 나 그날 오후엔 되는데 저녁은 몇 시?
태윤: 7시쯤? 신촌 어때, 다 중간이잖아
서준: 신촌 ㅇㅋ 그 닭갈비집 아직 있나 ㅋㅋ
민아: 있어 ㅋㅋㅋ 지난달에 지나가다 봤어
태윤: 그럼 거기서 보고 2차는 가서 정하자
서준: 근데 지혜도 부를까? 걔 요즘 연락 되냐
민아: 내가 물어볼게! 아마 될걸
태윤: ㅇㅋ 그럼 일단 토요일 7시 신촌 확정
민아: 캘린더에 박아둔다 ㅋㅋ","닭갈비집 예약 내가 할게, 지혜 오면 5명으로 잡는다?",v25,,,,alumni,alumni,-,group,casual,kakao
640,v25_alumni_1,misdirect_v25,부적절,12,"엄마: 이번 주말에 김장할 건데 다들 몇 시에 올 수 있니
동생: 나는 토요일 아침에 갈게~
아빠: 배추는 금요일에 절여놓을게
나: 나도 토요일 오전까지 갈게요
엄마: 그래, 점심은 수육 삶아줄게
동생: 앗싸 ㅋㅋㅋ
엄마: 그리고 다음 주 아빠 생신 식당 어디로 할지 정해야 해
동생: 지난번 그 한정식집 어때? 아빠 좋아하셨잖아
나: 거기 좋았지, 내가 예약해볼게요
아빠: 비싼 데 말고 아무데나 괜찮다
엄마: 무슨 소리예요, 생신인데 ㅋㅋ
동생: 언니가 예약하면 나는 케이크 준비할게!","닭갈비집 예약 내가 할게, 지혜 오면 5명으로 잡는다?",v25,,,,family,alumni,medium,group,casual,kakao
641,v25_family_2,matched_v25,적절,12,"엄마: 이번 주말에 김장할 건데 다들 몇 시에 올 수 있니
동생: 나는 토요일 아침에 갈게~
아빠: 배추는 금요일에 절여놓을게
나: 나도 토요일 오전까지 갈게요
엄마: 그래, 점심은 수육 삶아줄게
동생: 앗싸 ㅋㅋㅋ
엄마: 그리고 다음 주 아빠 생신 식당 어디로 할지 정해야 해
동생: 지난번 그 한정식집 어때? 아빠 좋아하셨잖아
나: 거기 좋았지, 내가 예약해볼게요
아빠: 비싼 데 말고 아무데나 괜찮다
엄마: 무슨 소리예요, 생신인데 ㅋㅋ
동생: 언니가 예약하면 나는 케이크 준비할게!","엄마 수육 양념 좀 알려줘요, 나도 집에서 해보게",v25,,,,family,family,-,group,casual,kakao
642,v25_family_2,misdirect_v25,부적절,11,"태윤: 얘들아 다음 주 토요일에 한 번 뭉치자
서준: 오 좋다 얼마 만이냐
민아: 나 그날 오후엔 되는데 저녁은 몇 시?
태윤: 7시쯤? 신촌 어때, 다 중간이잖아
서준: 신촌 ㅇㅋ 그 닭갈비집 아직 있나 ㅋㅋ
민아: 있어 ㅋㅋㅋ 지난달에 지나가다 봤어
태윤: 그럼 거기서 보고 2차는 가서 정하자
서준: 근데 지혜도 부를까? 걔 요즘 연락 되냐
민아: 내가 물어볼게! 아마 될걸
태윤: ㅇㅋ 그럼 일단 토요일 7시 신촌 확정
민아: 캘린더에 박아둔다 ㅋㅋ","엄마 수육 양념 좀 알려줘요, 나도 집에서 해보게",v25,,,,alumni,family,medium,group,casual,kakao
643,v25_alumni_2,matched_v25,적절,11,"태윤: 얘들아 다음 주 토요일에 한 번 뭉치자
서준: 오 좋다 얼마 만이냐
민아: 나 그날 오후엔 되는데 저녁은 몇 시?
태윤: 7시쯤? 신촌 어때, 다 중간이잖아
서준: 신촌 ㅇㅋ 그 닭갈비집 아직 있나 ㅋㅋ
민아: 있어 ㅋㅋㅋ 지난달에 지나가다 봤어
태윤: 그럼 거기서 보고 2차는 가서 정하자
서준: 근데 지혜도 부를까? 걔 요즘 연락 되냐
민아: 내가 물어볼게! 아마 될걸
태윤: ㅇㅋ 그럼 일단 토요일 7시 신촌 확정
민아: 캘린더에 박아둔다 ㅋㅋ",지혜 온대?? 오면 진짜 완전체다 ㅋㅋㅋ,v25,,,,alumni,alumni,-,group,casual,kakao
644,v25_alumni_2,misdirect_v25,부적절,12,"엄마: 이번 주말에 김장할 건데 다들 몇 시에 올 수 있니
동생: 나는 토요일 아침에 갈게~
아빠: 배추는 금요일에 절여놓을게
나: 나도 토요일 오전까지 갈게요
엄마: 그래, 점심은 수육 삶아줄게
동생: 앗싸 ㅋㅋㅋ
엄마: 그리고 다음 주 아빠 생신 식당 어디로 할지 정해야 해
동생: 지난번 그 한정식집 어때? 아빠 좋아하셨잖아
나: 거기 좋았지, 내가 예약해볼게요
아빠: 비싼 데 말고 아무데나 괜찮다
엄마: 무슨 소리예요, 생신인데 ㅋㅋ
동생: 언니가 예약하면 나는 케이크 준비할게!",지혜 온대?? 오면 진짜 완전체다 ㅋㅋㅋ,v25,,,,family,alumni,medium,group,casual,kakao
645,v25_family_3,matched_v25,적절,12,"엄마: 이번 주말에 김장할 건데 다들 몇 시에 올 수 있니
동생: 나는 토요일 아침에 갈게~
아빠: 배추는 금요일에 절여놓을게
나: 나도 토요일 오전까지 갈게요
엄마: 그래, 점심은 수육 삶아줄게
동생: 앗싸 ㅋㅋㅋ
엄마: 그리고 다음 주 아빠 생신 식당 어디로 할지 정해야 해
동생: 지난번 그 한정식집 어때? 아빠 좋아하셨잖아
나: 거기 좋았지, 내가 예약해볼게요
아빠: 비싼 데 말고 아무데나 괜찮다
엄마: 무슨 소리예요, 생신인데 ㅋㅋ
동생: 언니가 예약하면 나는 케이크 준비할게!",토요일에 남는 김치통 두 개 가져갈게요,v25,,,,family,family,-,group,casual,kakao
646,v25_family_3,misdirect_v25,부적절,11,"태윤: 얘들아 다음 주 토요일에 한 번 뭉치자
서준: 오 좋다 얼마 만이냐
민아: 나 그날 오후엔 되는데 저녁은 몇 시?
태윤: 7시쯤? 신촌 어때, 다 중간이잖아
서준: 신촌 ㅇㅋ 그 닭갈비집 아직 있나 ㅋㅋ
민아: 있어 ㅋㅋㅋ 지난달에 지나가다 봤어
태윤: 그럼 거기서 보고 2차는 가서 정하자
서준: 근데 지혜도 부를까? 걔 요즘 연락 되냐
민아: 내가 물어볼게! 아마 될걸
태윤: ㅇㅋ 그럼 일단 토요일 7시 신촌 확정
민아: 캘린더에 박아둔다 ㅋㅋ",토요일에 남는 김치통 두 개 가져갈게요,v25,,,,alumni,family,medium,group,casual,kakao
647,v25_alumni_3,matched_v25,적절,11,"태윤: 얘들아 다음 주 토요일에 한 번 뭉치자
서준: 오 좋다 얼마 만이냐
민아: 나 그날 오후엔 되는데 저녁은 몇 시?
태윤: 7시쯤? 신촌 어때, 다 중간이잖아
서준: 신촌 ㅇㅋ 그 닭갈비집 아직 있나 ㅋㅋ
민아: 있어 ㅋㅋㅋ 지난달에 지나가다 봤어
태윤: 그럼 거기서 보고 2차는 가서 정하자
서준: 근데 지혜도 부를까? 걔 요즘 연락 되냐
민아: 내가 물어볼게! 아마 될걸
태윤: ㅇㅋ 그럼 일단 토요일 7시 신촌 확정
민아: 캘린더에 박아둔다 ㅋㅋ",2차는 닭갈비집 앞 볼링장 어때 ㅋㅋ 오랜만에 치자,v25,,,,alumni,alumni,-,group,casual,kakao
648,v25_alumni_3,misdirect_v25,부적절,12,"엄마: 이번 주말에 김장할 건데 다들 몇 시에 올 수 있니
동생: 나는 토요일 아침에 갈게~
아빠: 배추는 금요일에 절여놓을게
나: 나도 토요일 오전까지 갈게요
엄마: 그래, 점심은 수육 삶아줄게
동생: 앗싸 ㅋㅋㅋ
엄마: 그리고 다음 주 아빠 생신 식당 어디로 할지 정해야 해
동생: 지난번 그 한정식집 어때? 아빠 좋아하셨잖아
나: 거기 좋았지, 내가 예약해볼게요
아빠: 비싼 데 말고 아무데나 괜찮다
엄마: 무슨 소리예요, 생신인데 ㅋㅋ
동생: 언니가 예약하면 나는 케이크 준비할게!",2차는 닭갈비집 앞 볼링장 어때 ㅋㅋ 오랜만에 치자,v25,,,,family,alumni,medium,group,casual,kakao
649,v25_family_4,matched_v25,적절,12,"엄마: 이번 주말에 김장할 건데 다들 몇 시에 올 수 있니
동생: 나는 토요일 아침에 갈게~
아빠: 배추는 금요일에 절여놓을게
나: 나도 토요일 오전까지 갈게요
엄마: 그래, 점심은 수육 삶아줄게
동생: 앗싸 ㅋㅋㅋ
엄마: 그리고 다음 주 아빠 생신 식당 어디로 할지 정해야 해
동생: 지난번 그 한정식집 어때? 아빠 좋아하셨잖아
나: 거기 좋았지, 내가 예약해볼게요
아빠: 비싼 데 말고 아무데나 괜찮다
엄마: 무슨 소리예요, 생신인데 ㅋㅋ
동생: 언니가 예약하면 나는 케이크 준비할게!","아빠 생신 선물은 동생이랑 같이 준비하기로 했어요, 기대하세요 ㅋㅋ",v25,,,,family,family,-,group,casual,kakao
650,v25_family_4,misdirect_v25,부적절,11,"태윤: 얘들아 다음 주 토요일에 한 번 뭉치자
서준: 오 좋다 얼마 만이냐
민아: 나 그날 오후엔 되는데 저녁은 몇 시?
태윤: 7시쯤? 신촌 어때, 다 중간이잖아
서준: 신촌 ㅇㅋ 그 닭갈비집 아직 있나 ㅋㅋ
민아: 있어 ㅋㅋㅋ 지난달에 지나가다 봤어
태윤: 그럼 거기서 보고 2차는 가서 정하자
서준: 근데 지혜도 부를까? 걔 요즘 연락 되냐
민아: 내가 물어볼게! 아마 될걸
태윤: ㅇㅋ 그럼 일단 토요일 7시 신촌 확정
민아: 캘린더에 박아둔다 ㅋㅋ","아빠 생신 선물은 동생이랑 같이 준비하기로 했어요, 기대하세요 ㅋㅋ",v25,,,,alumni,family,medium,group,casual,kakao
651,v25_alumni_4,matched_v25,적절,11,"태윤: 얘들아 다음 주 토요일에 한 번 뭉치자
서준: 오 좋다 얼마 만이냐
민아: 나 그날 오후엔 되는데 저녁은 몇 시?
태윤: 7시쯤? 신촌 어때, 다 중간이잖아
서준: 신촌 ㅇㅋ 그 닭갈비집 아직 있나 ㅋㅋ
민아: 있어 ㅋㅋㅋ 지난달에 지나가다 봤어
태윤: 그럼 거기서 보고 2차는 가서 정하자
서준: 근데 지혜도 부를까? 걔 요즘 연락 되냐
민아: 내가 물어볼게! 아마 될걸
태윤: ㅇㅋ 그럼 일단 토요일 7시 신촌 확정
민아: 캘린더에 박아둔다 ㅋㅋ",나 폴라로이드 들고 간다 ㅋㅋ 고3 때처럼 단체샷 찍자,v25,,,,alumni,alumni,-,group,casual,kakao
652,v25_alumni_4,misdirect_v25,부적절,12,"엄마: 이번 주말에 김장할 건데 다들 몇 시에 올 수 있니
동생: 나는 토요일 아침에 갈게~
아빠: 배추는 금요일에 절여놓을게
나: 나도 토요일 오전까지 갈게요
엄마: 그래, 점심은 수육 삶아줄게
동생: 앗싸 ㅋㅋㅋ
엄마: 그리고 다음 주 아빠 생신 식당 어디로 할지 정해야 해
동생: 지난번 그 한정식집 어때? 아빠 좋아하셨잖아
나: 거기 좋았지, 내가 예약해볼게요
아빠: 비싼 데 말고 아무데나 괜찮다
엄마: 무슨 소리예요, 생신인데 ㅋㅋ
동생: 언니가 예약하면 나는 케이크 준비할게!",나 폴라로이드 들고 간다 ㅋㅋ 고3 때처럼 단체샷 찍자,v25,,,,family,alumni,medium,group,casual,kakao
653,v25_family_5,matched_v25,적절,12,"엄마: 이번 주말에 김장할 건데 다들 몇 시에 올 수 있니
동생: 나는 토요일 아침에 갈게~
아빠: 배추는 금요일에 절여놓을게
나: 나도 토요일 오전까지 갈게요
엄마: 그래, 점심은 수육 삶아줄게
동생: 앗싸 ㅋㅋㅋ
엄마: 그리고 다음 주 아빠 생신 식당 어디로 할지 정해야 해
동생: 지난번 그 한정식집 어때? 아빠 좋아하셨잖아
나: 거기 좋았지, 내가 예약해볼게요
아빠: 비싼 데 말고 아무데나 괜찮다
엄마: 무슨 소리예요, 생신인데 ㅋㅋ
동생: 언니가 예약하면 나는 케이크 준비할게!",금요일에 배추 절이는 거 도와드리러 저녁에 잠깐 들를게요,v25,,,,family,family,-,group,casual,kakao
654,v25_family_5,misdirect_v25,부적절,11,"태윤: 얘들아 다음 주 토요일에 한 번 뭉치자
서준: 오 좋다 얼마 만이냐
민아: 나 그날 오후엔 되는데 저녁은 몇 시?
태윤: 7시쯤? 신촌 어때, 다 중간이잖아
서준: 신촌 ㅇㅋ 그 닭갈비집 아직 있나 ㅋㅋ
민아: 있어 ㅋㅋㅋ 지난달에 지나가다 봤어
태윤: 그럼 거기서 보고 2차는 가서 정하자
서준: 근데 지혜도 부를까? 걔 요즘 연락 되냐
민아: 내가 물어볼게! 아마 될걸
태윤: ㅇㅋ 그럼 일단 토요일 7시 신촌 확정
민아: 캘린더에 박아둔다 ㅋㅋ",금요일에 배추 절이는 거 도와드리러 저녁에 잠깐 들를게요,v25,,,,alumni,family,medium,group,casual,kakao
655,v25_alumni_5,matched_v25,적절,11,"태윤: 얘들아 다음 주 토요일에 한 번 뭉치자
서준: 오 좋다 얼마 만이냐
민아: 나 그날 오후엔 되는데 저녁은 몇 시?
태윤: 7시쯤? 신촌 어때, 다 중간이잖아
서준: 신촌 ㅇㅋ 그 닭갈비집 아직 있나 ㅋㅋ
민아: 있어 ㅋㅋㅋ 지난달에 지나가다 봤어
태윤: 그럼 거기서 보고 2차는 가서 정하자
서준: 근데 지혜도 부를까? 걔 요즘 연락 되냐
민아: 내가 물어볼게! 아마 될걸
태윤: ㅇㅋ 그럼 일단 토요일 7시 신촌 확정
민아: 캘린더에 박아둔다 ㅋㅋ",신촌역 3번 출구에서 6시 50분에 만나서 같이 들어가자,v25,,,,alumni,alumni,-,group,casual,kakao
656,v25_alumni_5,misdirect_v25,부적절,12,"엄마: 이번 주말에 김장할 건데 다들 몇 시에 올 수 있니
동생: 나는 토요일 아침에 갈게~
아빠: 배추는 금요일에 절여놓을게
나: 나도 토요일 오전까지 갈게요
엄마: 그래, 점심은 수육 삶아줄게
동생: 앗싸 ㅋㅋㅋ
엄마: 그리고 다음 주 아빠 생신 식당 어디로 할지 정해야 해
동생: 지난번 그 한정식집 어때? 아빠 좋아하셨잖아
나: 거기 좋았지, 내가 예약해볼게요
아빠: 비싼 데 말고 아무데나 괜찮다
엄마: 무슨 소리예요, 생신인데 ㅋㅋ
동생: 언니가 예약하면 나는 케이크 준비할게!",신촌역 3번 출구에서 6시 50분에 만나서 같이 들어가자,v25,,,,family,alumni,medium,group,casual,kakao
657,v25_family_6,matched_v25,적절,12,"엄마: 이번 주말에 김장할 건데 다들 몇 시에 올 수 있니
동생: 나는 토요일 아침에 갈게~
아빠: 배추는 금요일에 절여놓을게
나: 나도 토요일 오전까지 갈게요
엄마: 그래, 점심은 수육 삶아줄게
동생: 앗싸 ㅋㅋㅋ
엄마: 그리고 다음 주 아빠 생신 식당 어디로 할지 정해야 해
동생: 지난번 그 한정식집 어때? 아빠 좋아하셨잖아
나: 거기 좋았지, 내가 예약해볼게요
아빠: 비싼 데 말고 아무데나 괜찮다
엄마: 무슨 소리예요, 생신인데 ㅋㅋ
동생: 언니가 예약하면 나는 케이크 준비할게!",케이크는 동생이 한다니까 나는 생신 때 꽃 사갈게 ㅋㅋ,v25,,,,family,family,-,group,casual,kakao
658,v25_family_6,misdirect_v25,부적절,11,"태윤: 얘들아 다음 주 토요일에 한 번 뭉치자
서준: 오 좋다 얼마 만이냐
민아: 나 그날 오후엔 되는데 저녁은 몇 시?
태윤: 7시쯤? 신촌 어때, 다 중간이잖아
서준: 신촌 ㅇㅋ 그 닭갈비집 아직 있나 ㅋㅋ
민아: 있어 ㅋㅋㅋ 지난달에 지나가다 봤어
태윤: 그럼 거기서 보고 2차는 가서 정하자
서준: 근데 지혜도 부를까? 걔 요즘 연락 되냐
민아: 내가 물어볼게! 아마 될걸
태윤: ㅇㅋ 그럼 일단 토요일 7시 신촌 확정
민아: 캘린더에 박아둔다 ㅋㅋ",케이크는 동생이 한다니까 나는 생신 때 꽃 사갈게 ㅋㅋ,v25,,,,alumni,family,medium,group,casual,kakao
659,v25_alumni_6,matched_v25,적절,11,"태윤: 얘들아 다음 주 토요일에 한 번 뭉치자
서준: 오 좋다 얼마 만이냐
민아: 나 그날 오후엔 되는데 저녁은 몇 시?
태윤: 7시쯤? 신촌 어때, 다 중간이잖아
서준: 신촌 ㅇㅋ 그 닭갈비집 아직 있나 ㅋㅋ
민아: 있어 ㅋㅋㅋ 지난달에 지나가다 봤어
태윤: 그럼 거기서 보고 2차는 가서 정하자
서준: 근데 지혜도 부를까? 걔 요즘 연락 되냐
민아: 내가 물어볼게! 아마 될걸
태윤: ㅇㅋ 그럼 일단 토요일 7시 신촌 확정
민아: 캘린더에 박아둔다 ㅋㅋ",이번에 모이면 겨울에 당일치기 여행 가는 것도 얘기해보자,v25,,,,alumni,alumni,-,group,casual,kakao
660,v25_alumni_6,misdirect_v25,부적절,12,"엄마: 이번 주말에 김장할 건데 다들 몇 시에 올 수 있니
동생: 나는 토요일 아침에 갈게~
아빠: 배추는 금요일에 절여놓을게
나: 나도 토요일 오전까지 갈게요
엄마: 그래, 점심은 수육 삶아줄게
동생: 앗싸 ㅋㅋㅋ
엄마: 그리고 다음 주 아빠 생신 식당 어디로 할지 정해야 해
동생: 지난번 그 한정식집 어때? 아빠 좋아하셨잖아
나: 거기 좋았지, 내가 예약해볼게요
아빠: 비싼 데 말고 아무데나 괜찮다
엄마: 무슨 소리예요, 생신인데 ㅋㅋ
동생: 언니가 예약하면 나는 케이크 준비할게!",이번에 모이면 겨울에 당일치기 여행 가는 것도 얘기해보자,v25,,,,family,alumni,medium,group,casual,kakao
661,v25_bff_0,matched_v25,적절,12,"하늘: 야 소개팅남한테 답장 왔어!!!
나: ㅋㅋㅋㅋ 뭐래뭐래
하늘: 주말에 시간 되냐고 물어봄
나: 오 적극적인데? 너는 저번에 만나보니 어땠어
하늘: 대화는 잘 통했어, 근데 확신이 안 서 ㅠㅠ
나: 두 번은 만나봐야 알지, 첫 만남으로 어케 알아 ㅋㅋ
하늘: 그치?? 근데 주말에 보자는 건 좀 빠른가
나: 빠르긴 뭐가 빨라, 좋으니까 보자는 거지
하늘: 아 몰라 떨려 ㅋㅋㅋ 뭐라고 답하지
나: 솔직하게 토요일 좋다고 해~
하늘: ㅇㅋ 보낸다?? 보냈어!!
하늘: 헐 바로 답장 옴, 토요일 2시에 성수동에서 보재!! 나 뭐 입지 진짜",성수동이면 그 편집샵 거리네 ㅋㅋ 저번에 산 초록 원피스 입어,v25,,,,bff,bff,-,1:1,casual,kakao
662,v25_bff_0,misdirect_v25,부적절,11,"형: 야 너 자취방 에어컨 고쳤냐
나: 아직 ㅠㅠ 주인아저씨한테 말했는데 감감무소식
형: 이 더위에 그게 뭐냐 ㅋㅋ 빨리 다시 연락해봐
나: 오늘 다시 전화해보려고
형: 안 되면 엄마한테 말해, 계약서에 수리 의무 있을걸
나: ㅇㅋ 확인해볼게
형: 다음 주에 본가 올 거지? 엄마가 물어보시던데
나: 가야지, 토요일에 가려고
형: 잘됐네 나도 토요일에 가. 같이 저녁 먹겠다
형: 올 때 엄마 안경 새로 한 거 갖다드려야 해서 너한테 맡길게
형: 금요일에 퀵으로 보낼 테니까 받으면 톡 줘",성수동이면 그 편집샵 거리네 ㅋㅋ 저번에 산 초록 원피스 입어,v25,,,,bro,bff,medium,1:1,casual,kakao
663,v25_bro_0,matched_v25,적절,11,"형: 야 너 자취방 에어컨 고쳤냐
나: 아직 ㅠㅠ 주인아저씨한테 말했는데 감감무소식
형: 이 더위에 그게 뭐냐 ㅋㅋ 빨리 다시 연락해봐
나: 오늘 다시 전화해보려고
형: 안 되면 엄마한테 말해, 계약서에 수리 의무 있을걸
나: ㅇㅋ 확인해볼게
형: 다음 주에 본가 올 거지? 엄마가 물어보시던데
나: 가야지, 토요일에 가려고
형: 잘됐네 나도 토요일에 가. 같이 저녁 먹겠다
형: 올 때 엄마 안경 새로 한 거 갖다드려야 해서 너한테 맡길게
형: 금요일에 퀵으로 보낼 테니까 받으면 톡 줘",주인아저씨한테 다시 전화했더니 내일 에어컨 기사님 보내준대 ㅋㅋ 드디어,v25,,,,bro,bro,-,1:1,casual,kakao
664,v25_bro_0,misdirect_v25,부적절,12,"하늘: 야 소개팅남한테 답장 왔어!!!
나: ㅋㅋㅋㅋ 뭐래뭐래
하늘: 주말에 시간 되냐고 물어봄
나: 오 적극적인데? 너는 저번에 만나보니 어땠어
하늘: 대화는 잘 통했어, 근데 확신이 안 서 ㅠㅠ
나: 두 번은 만나봐야 알지, 첫 만남으로 어케 알아 ㅋㅋ
하늘: 그치?? 근데 주말에 보자는 건 좀 빠른가
나: 빠르긴 뭐가 빨라, 좋으니까 보자는 거지
하늘: 아 몰라 떨려 ㅋㅋㅋ 뭐라고 답하지
나: 솔직하게 토요일 좋다고 해~
하늘: ㅇㅋ 보낸다?? 보냈어!!
하늘: 헐 바로 답장 옴, 토요일 2시에 성수동에서 보재!! 나 뭐 입지 진짜",주인아저씨한테 다시 전화했더니 내일 에어컨 기사님 보내준대 ㅋㅋ 드디어,v25,,,,bff,bro,medium,1:1,casual,kakao
665,v25_bff_1,matched_v25,적절,12,"하늘: 야 소개팅남한테 답장 왔어!!!
나: ㅋㅋㅋㅋ 뭐래뭐래
하늘: 주말에 시간 되냐고 물어봄
나: 오 적극적인데? 너는 저번에 만나보니 어땠어
하늘: 대화는 잘 통했어, 근데 확신이 안 서 ㅠㅠ
나: 두 번은 만나봐야 알지, 첫 만남으로 어케 알아 ㅋㅋ
하늘: 그치?? 근데 주말에 보자는 건 좀 빠른가
나: 빠르긴 뭐가 빨라, 좋으니까 보자는 거지
하늘: 아 몰라 떨려 ㅋㅋㅋ 뭐라고 답하지
나: 솔직하게 토요일 좋다고 해~
하늘: ㅇㅋ 보낸다?? 보냈어!!
하늘: 헐 바로 답장 옴, 토요일 2시에 성수동에서 보재!! 나 뭐 입지 진짜",떨지 말고 소개팅남한테 질문 많이 해~ 너 긴장하면 말 빨라지는 거 알지 ㅋㅋ,v25,,,,bff,bff,-,1:1,casual,kakao
666,v25_bff_1,misdirect_v25,부적절,11,"형: 야 너 자취방 에어컨 고쳤냐
나: 아직 ㅠㅠ 주인아저씨한테 말했는데 감감무소식
형: 이 더위에 그게 뭐냐 ㅋㅋ 빨리 다시 연락해봐
나: 오늘 다시 전화해보려고
형: 안 되면 엄마한테 말해, 계약서에 수리 의무 있을걸
나: ㅇㅋ 확인해볼게
형: 다음 주에 본가 올 거지? 엄마가 물어보시던데
나: 가야지, 토요일에 가려고
형: 잘됐네 나도 토요일에 가. 같이 저녁 먹겠다
형: 올 때 엄마 안경 새로 한 거 갖다드려야 해서 너한테 맡길게
형: 금요일에 퀵으로 보낼 테니까 받으면 톡 줘",떨지 말고 소개팅남한테 질문 많이 해~ 너 긴장하면 말 빨라지는 거 알지 ㅋㅋ,v25,,,,bro,bff,medium,1:1,casual,kakao
667,v25_bro_1,matched_v25,적절,11,"형: 야 너 자취방 에어컨 고쳤냐
나: 아직 ㅠㅠ 주인아저씨한테 말했는데 감감무소식
형: 이 더위에 그게 뭐냐 ㅋㅋ 빨리 다시 연락해봐
나: 오늘 다시 전화해보려고
형: 안 되면 엄마한테 말해, 계약서에 수리 의무 있을걸
나: ㅇㅋ 확인해볼게
형: 다음 주에 본가 올 거지? 엄마가 물어보시던데
나: 가야지, 토요일에 가려고
형: 잘됐네 나도 토요일에 가. 같이 저녁 먹겠다
형: 올 때 엄마 안경 새로 한 거 갖다드려야 해서 너한테 맡길게
형: 금요일에 퀵으로 보낼 테니까 받으면 톡 줘","퀵 도착했어, 엄마 안경 잘 받아뒀음. 토요일에 갖고 갈게",v25,,,,bro,bro,-,1:1,casual,kakao
668,v25_bro_1,misdirect_v25,부적절,12,"하늘: 야 소개팅남한테 답장 왔어!!!
나: ㅋㅋㅋㅋ 뭐래뭐래
하늘: 주말에 시간 되냐고 물어봄
나: 오 적극적인데? 너는 저번에 만나보니 어땠어
하늘: 대화는 잘 통했어, 근데 확신이 안 서 ㅠㅠ
나: 두 번은 만나봐야 알지, 첫 만남으로 어케 알아 ㅋㅋ
하늘: 그치?? 근데 주말에 보자는 건 좀 빠른가
나: 빠르긴 뭐가 빨라, 좋으니까 보자는 거지
하늘: 아 몰라 떨려 ㅋㅋㅋ 뭐라고 답하지
나: 솔직하게 토요일 좋다고 해~
하늘: ㅇㅋ 보낸다?? 보냈어!!
하늘: 헐 바로 답장 옴, 토요일 2시에 성수동에서 보재!! 나 뭐 입지 진짜","퀵 도착했어, 엄마 안경 잘 받아뒀음. 토요일에 갖고 갈게",v25,,,,bff,bro,medium,1:1,casual,kakao
669,v25_bff_2,matched_v25,적절,12,"하늘: 야 소개팅남한테 답장 왔어!!!
나: ㅋㅋㅋㅋ 뭐래뭐래
하늘: 주말에 시간 되냐고 물어봄
나: 오 적극적인데? 너는 저번에 만나보니 어땠어
하늘: 대화는 잘 통했어, 근데 확신이 안 서 ㅠㅠ
나: 두 번은 만나봐야 알지, 첫 만남으로 어케 알아 ㅋㅋ
하늘: 그치?? 근데 주말에 보자는 건 좀 빠른가
나: 빠르긴 뭐가 빨라, 좋으니까 보자는 거지
하늘: 아 몰라 떨려 ㅋㅋㅋ 뭐라고 답하지
나: 솔직하게 토요일 좋다고 해~
하늘: ㅇㅋ 보낸다?? 보냈어!!
하늘: 헐 바로 답장 옴, 토요일 2시에 성수동에서 보재!! 나 뭐 입지 진짜","소개팅 끝나고 바로 나한테 전화해, 후기 들어야 됨 ㅋㅋㅋ",v25,,,,bff,bff,-,1:1,casual,kakao
670,v25_bff_2,misdirect_v25,부적절,11,"형: 야 너 자취방 에어컨 고쳤냐
나: 아직 ㅠㅠ 주인아저씨한테 말했는데 감감무소식
형: 이 더위에 그게 뭐냐 ㅋㅋ 빨리 다시 연락해봐
나: 오늘 다시 전화해보려고
형: 안 되면 엄마한테 말해, 계약서에 수리 의무 있을걸
나: ㅇㅋ 확인해볼게
형: 다음 주에 본가 올 거지? 엄마가 물어보시던데
나: 가야지, 토요일에 가려고
형: 잘됐네 나도 토요일에 가. 같이 저녁 먹겠다
형: 올 때 엄마 안경 새로 한 거 갖다드려야 해서 너한테 맡길게
형: 금요일에 퀵으로 보낼 테니까 받으면 톡 줘","소개팅 끝나고 바로 나한테 전화해, 후기 들어야 됨 ㅋㅋㅋ",v25,,,,bro,bff,medium,1:1,casual,kakao
671,v25_bro_2,matched_v25,적절,11,"형: 야 너 자취방 에어컨 고쳤냐
나: 아직 ㅠㅠ 주인아저씨한테 말했는데 감감무소식
형: 이 더위에 그게 뭐냐 ㅋㅋ 빨리 다시 연락해봐
나: 오늘 다시 전화해보려고
형: 안 되면 엄마한테 말해, 계약서에 수리 의무 있을걸
나: ㅇㅋ 확인해볼게
형: 다음 주에 본가 올 거지? 엄마가 물어보시던데
나: 가야지, 토요일에 가려고
형: 잘됐네 나도 토요일에 가. 같이 저녁 먹겠다
형: 올 때 엄마 안경 새로 한 거 갖다드려야 해서 너한테 맡길게
형: 금요일에 퀵으로 보낼 테니까 받으면 톡 줘",토요일 본가 몇 시에 출발해? 시간 맞으면 터미널에서 같이 가자,v25,,,,bro,bro,-,1:1,casual,kakao
672,v25_bro_2,misdirect_v25,부적절,12,"하늘: 야 소개팅남한테 답장 왔어!!!
나: ㅋㅋㅋㅋ 뭐래뭐래
하늘: 주말에 시간 되냐고 물어봄
나: 오 적극적인데? 너는 저번에 만나보니 어땠어
하늘: 대화는 잘 통했어, 근데 확신이 안 서 ㅠㅠ
나: 두 번은 만나봐야 알지, 첫 만남으로 어케 알아 ㅋㅋ
하늘: 그치?? 근데 주말에 보자는 건 좀 빠른가
나: 빠르긴 뭐가 빨라, 좋으니까 보자는 거지
하늘: 아 몰라 떨려 ㅋㅋㅋ 뭐라고 답하지
나: 솔직하게 토요일 좋다고 해~
하늘: ㅇㅋ 보낸다?? 보냈어!!
하늘: 헐 바로 답장 옴, 토요일 2시에 성수동에서 보재!! 나 뭐 입지 진짜",토요일 본가 몇 시에 출발해? 시간 맞으면 터미널에서 같이 가자,v25,,,,bff,bro,medium,1:1,casual,kakao
673,v25_bff_3,matched_v25,적절,12,"하늘: 야 소개팅남한테 답장 왔어!!!
나: ㅋㅋㅋㅋ 뭐래뭐래
하늘: 주말에 시간 되냐고 물어봄
나: 오 적극적인데? 너는 저번에 만나보니 어땠어
하늘: 대화는 잘 통했어, 근데 확신이 안 서 ㅠㅠ
나: 두 번은 만나봐야 알지, 첫 만남으로 어케 알아 ㅋㅋ
하늘: 그치?? 근데 주말에 보자는 건 좀 빠른가
나: 빠르긴 뭐가 빨라, 좋으니까 보자는 거지
하늘: 아 몰라 떨려 ㅋㅋㅋ 뭐라고 답하지
나: 솔직하게 토요일 좋다고 해~
하늘: ㅇㅋ 보낸다?? 보냈어!!
하늘: 헐 바로 답장 옴, 토요일 2시에 성수동에서 보재!! 나 뭐 입지 진짜",토요일 잘되면 다음 주에 우리 만나서 자세히 풀어놔라 ㅋㅋ,v25,,,,bff,bff,-,1:1,casual,kakao
674,v25_bff_3,misdirect_v25,부적절,11,"형: 야 너 자취방 에어컨 고쳤냐
나: 아직 ㅠㅠ 주인아저씨한테 말했는데 감감무소식
형: 이 더위에 그게 뭐냐 ㅋㅋ 빨리 다시 연락해봐
나: 오늘 다시 전화해보려고
형: 안 되면 엄마한테 말해, 계약서에 수리 의무 있을걸
나: ㅇㅋ 확인해볼게
형: 다음 주에 본가 올 거지? 엄마가 물어보시던데
나: 가야지, 토요일에 가려고
형: 잘됐네 나도 토요일에 가. 같이 저녁 먹겠다
형: 올 때 엄마 안경 새로 한 거 갖다드려야 해서 너한테 맡길게
형: 금요일에 퀵으로 보낼 테니까 받으면 톡 줘",토요일 잘되면 다음 주에 우리 만나서 자세히 풀어놔라 ㅋㅋ,v25,,,,bro,bff,medium,1:1,casual,kakao
675,v25_bro_3,matched_v25,적절,11,"형: 야 너 자취방 에어컨 고쳤냐
나: 아직 ㅠㅠ 주인아저씨한테 말했는데 감감무소식
형: 이 더위에 그게 뭐냐 ㅋㅋ 빨리 다시 연락해봐
나: 오늘 다시 전화해보려고
형: 안 되면 엄마한테 말해, 계약서에 수리 의무 있을걸
나: ㅇㅋ 확인해볼게
형: 다음 주에 본가 올 거지? 엄마가 물어보시던데
나: 가야지, 토요일에 가려고
형: 잘됐네 나도 토요일에 가. 같이 저녁 먹겠다
형: 올 때 엄마 안경 새로 한 거 갖다드려야 해서 너한테 맡길게
형: 금요일에 퀵으로 보낼 테니까 받으면 톡 줘","계약서 봤는데 수리 의무 집주인한테 있더라, 문자로 박아뒀어 ㅋㅋ",v25,,,,bro,bro,-,1:1,casual,kakao
676,v25_bro_3,misdirect_v25,부적절,12,"하늘: 야 소개팅남한테 답장 왔어!!!
나: ㅋㅋㅋㅋ 뭐래뭐래
하늘: 주말에 시간 되냐고 물어봄
나: 오 적극적인데? 너는 저번에 만나보니 어땠어
하늘: 대화는 잘 통했어, 근데 확신이 안 서 ㅠㅠ
나: 두 번은 만나봐야 알지, 첫 만남으로 어케 알아 ㅋㅋ
하늘: 그치?? 근데 주말에 보자는 건 좀 빠른가
나: 빠르긴 뭐가 빨라, 좋으니까 보자는 거지
하늘: 아 몰라 떨려 ㅋㅋㅋ 뭐라고 답하지
나: 솔직하게 토요일 좋다고 해~
하늘: ㅇㅋ 보낸다?? 보냈어!!
하늘: 헐 바로 답장 옴, 토요일 2시에 성수동에서 보재!! 나 뭐 입지 진짜","계약서 봤는데 수리 의무 집주인한테 있더라, 문자로 박아뒀어 ㅋㅋ",v25,,,,bff,bro,medium,1:1,casual,kakao
677,v25_bff_4,matched_v25,적절,12,"하늘: 야 소개팅남한테 답장 왔어!!!
나: ㅋㅋㅋㅋ 뭐래뭐래
하늘: 주말에 시간 되냐고 물어봄
나: 오 적극적인데? 너는 저번에 만나보니 어땠어
하늘: 대화는 잘 통했어, 근데 확신이 안 서 ㅠㅠ
나: 두 번은 만나봐야 알지, 첫 만남으로 어케 알아 ㅋㅋ
하늘: 그치?? 근데 주말에 보자는 건 좀 빠른가
나: 빠르긴 뭐가 빨라, 좋으니까 보자는 거지
하늘: 아 몰라 떨려 ㅋㅋㅋ 뭐라고 답하지
나: 솔직하게 토요일 좋다고 해~
하늘: ㅇㅋ 보낸다?? 보냈어!!
하늘: 헐 바로 답장 옴, 토요일 2시에 성수동에서 보재!! 나 뭐 입지 진짜","그 사람 인스타 다시 보내줘봐, 이 언니가 관상 봐줄게 ㅋㅋㅋ",v25,,,,bff,bff,-,1:1,casual,kakao
678,v25_bff_4,misdirect_v25,부적절,11,"형: 야 너 자취방 에어컨 고쳤냐
나: 아직 ㅠㅠ 주인아저씨한테 말했는데 감감무소식
형: 이 더위에 그게 뭐냐 ㅋㅋ 빨리 다시 연락해봐
나: 오늘 다시 전화해보려고
형: 안 되면 엄마한테 말해, 계약서에 수리 의무 있을걸
나: ㅇㅋ 확인해볼게
형: 다음 주에 본가 올 거지? 엄마가 물어보시던데
나: 가야지, 토요일에 가려고
형: 잘됐네 나도 토요일에 가. 같이 저녁 먹겠다
형: 올 때 엄마 안경 새로 한 거 갖다드려야 해서 너한테 맡길게
형: 금요일에 퀵으로 보낼 테니까 받으면 톡 줘","그 사람 인스타 다시 보내줘봐, 이 언니가 관상 봐줄게 ㅋㅋㅋ",v25,,,,bro,bff,medium,1:1,casual,kakao
679,v25_bro_4,matched_v25,적절,11,"형: 야 너 자취방 에어컨 고쳤냐
나: 아직 ㅠㅠ 주인아저씨한테 말했는데 감감무소식
형: 이 더위에 그게 뭐냐 ㅋㅋ 빨리 다시 연락해봐
나: 오늘 다시 전화해보려고
형: 안 되면 엄마한테 말해, 계약서에 수리 의무 있을걸
나: ㅇㅋ 확인해볼게
형: 다음 주에 본가 올 거지? 엄마가 물어보시던데
나: 가야지, 토요일에 가려고
형: 잘됐네 나도 토요일에 가. 같이 저녁 먹겠다
형: 올 때 엄마 안경 새로 한 거 갖다드려야 해서 너한테 맡길게
형: 금요일에 퀵으로 보낼 테니까 받으면 톡 줘",본가 갈 때 수박 하나 사갈까? 형이랑 반반 내자,v25,,,,bro,bro,-,1:1,casual,kakao
680,v25_bro_4,misdirect_v25,부적절,12,"하늘: 야 소개팅남한테 답장 왔어!!!
나: ㅋㅋㅋㅋ 뭐래뭐래
하늘: 주말에 시간 되냐고 물어봄
나: 오 적극적인데? 너는 저번에 만나보니 어땠어
하늘: 대화는 잘 통했어, 근데 확신이 안 서 ㅠㅠ
나: 두 번은 만나봐야 알지, 첫 만남으로 어케 알아 ㅋㅋ
하늘: 그치?? 근데 주말에 보자는 건 좀 빠른가
나: 빠르긴 뭐가 빨라, 좋으니까 보자는 거지
하늘: 아 몰라 떨려 ㅋㅋㅋ 뭐라고 답하지
나: 솔직하게 토요일 좋다고 해~
하늘: ㅇㅋ 보낸다?? 보냈어!!
하늘: 헐 바로 답장 옴, 토요일 2시에 성수동에서 보재!! 나 뭐 입지 진짜",본가 갈 때 수박 하나 사갈까? 형이랑 반반 내자,v25,,,,bff,bro,medium,1:1,casual,kakao
681,v25_bff_5,matched_v25,적절,12,"하늘: 야 소개팅남한테 답장 왔어!!!
나: ㅋㅋㅋㅋ 뭐래뭐래
하늘: 주말에 시간 되냐고 물어봄
나: 오 적극적인데? 너는 저번에 만나보니 어땠어
하늘: 대화는 잘 통했어, 근데 확신이 안 서 ㅠㅠ
나: 두 번은 만나봐야 알지, 첫 만남으로 어케 알아 ㅋㅋ
하늘: 그치?? 근데 주말에 보자는 건 좀 빠른가
나: 빠르긴 뭐가 빨라, 좋으니까 보자는 거지
하늘: 아 몰라 떨려 ㅋㅋㅋ 뭐라고 답하지
나: 솔직하게 토요일 좋다고 해~
하늘: ㅇㅋ 보낸다?? 보냈어!!
하늘: 헐 바로 답장 옴, 토요일 2시에 성수동에서 보재!! 나 뭐 입지 진짜","2시면 밥보단 카페겠네, 성수 브런치집 리스트 보내줄까",v25,,,,bff,bff,-,1:1,casual,kakao
682,v25_bff_5,misdirect_v25,부적절,11,"형: 야 너 자취방 에어컨 고쳤냐
나: 아직 ㅠㅠ 주인아저씨한테 말했는데 감감무소식
형: 이 더위에 그게 뭐냐 ㅋㅋ 빨리 다시 연락해봐
나: 오늘 다시 전화해보려고
형: 안 되면 엄마한테 말해, 계약서에 수리 의무 있을걸
나: ㅇㅋ 확인해볼게
형: 다음 주에 본가 올 거지? 엄마가 물어보시던데
나: 가야지, 토요일에 가려고
형: 잘됐네 나도 토요일에 가. 같이 저녁 먹겠다
형: 올 때 엄마 안경 새로 한 거 갖다드려야 해서 너한테 맡길게
형: 금요일에 퀵으로 보낼 테니까 받으면 톡 줘","2시면 밥보단 카페겠네, 성수 브런치집 리스트 보내줄까",v25,,,,bro,bff,medium,1:1,casual,kakao
683,v25_bro_5,matched_v25,적절,11,"형: 야 너 자취방 에어컨 고쳤냐
나: 아직 ㅠㅠ 주인아저씨한테 말했는데 감감무소식
형: 이 더위에 그게 뭐냐 ㅋㅋ 빨리 다시 연락해봐
나: 오늘 다시 전화해보려고
형: 안 되면 엄마한테 말해, 계약서에 수리 의무 있을걸
나: ㅇㅋ 확인해볼게
형: 다음 주에 본가 올 거지? 엄마가 물어보시던데
나: 가야지, 토요일에 가려고
형: 잘됐네 나도 토요일에 가. 같이 저녁 먹겠다
형: 올 때 엄마 안경 새로 한 거 갖다드려야 해서 너한테 맡길게
형: 금요일에 퀵으로 보낼 테니까 받으면 톡 줘","엄마한테는 에어컨 얘기 하지 마라, 또 걱정하셔 ㅋㅋ",v25,,,,bro,bro,-,1:1,casual,kakao
684,v25_bro_5,misdirect_v25,부적절,12,"하늘: 야 소개팅남한테 답장 왔어!!!
나: ㅋㅋㅋㅋ 뭐래뭐래
하늘: 주말에 시간 되냐고 물어봄
나: 오 적극적인데? 너는 저번에 만나보니 어땠어
하늘: 대화는 잘 통했어, 근데 확신이 안 서 ㅠㅠ
나: 두 번은 만나봐야 알지, 첫 만남으로 어케 알아 ㅋㅋ
하늘: 그치?? 근데 주말에 보자는 건 좀 빠른가
나: 빠르긴 뭐가 빨라, 좋으니까 보자는 거지
하늘: 아 몰라 떨려 ㅋㅋㅋ 뭐라고 답하지
나: 솔직하게 토요일 좋다고 해~
하늘: ㅇㅋ 보낸다?? 보냈어!!
하늘: 헐 바로 답장 옴, 토요일 2시에 성수동에서 보재!! 나 뭐 입지 진짜","엄마한테는 에어컨 얘기 하지 마라, 또 걱정하셔 ㅋㅋ",v25,,,,bff,bro,medium,1:1,casual,kakao
685,v25_bff_6,matched_v25,적절,12,"하늘: 야 소개팅남한테 답장 왔어!!!
나: ㅋㅋㅋㅋ 뭐래뭐래
하늘: 주말에 시간 되냐고 물어봄
나: 오 적극적인데? 너는 저번에 만나보니 어땠어
하늘: 대화는 잘 통했어, 근데 확신이 안 서 ㅠㅠ
나: 두 번은 만나봐야 알지, 첫 만남으로 어케 알아 ㅋㅋ
하늘: 그치?? 근데 주말에 보자는 건 좀 빠른가
나: 빠르긴 뭐가 빨라, 좋으니까 보자는 거지
하늘: 아 몰라 떨려 ㅋㅋㅋ 뭐라고 답하지
나: 솔직하게 토요일 좋다고 해~
하늘: ㅇㅋ 보낸다?? 보냈어!!
하늘: 헐 바로 답장 옴, 토요일 2시에 성수동에서 보재!! 나 뭐 입지 진짜",확신은 만나면서 생기는 거야~ 부담 갖지 말고 다녀와,v25,,,,bff,bff,-,1:1,casual,kakao
686,v25_bff_6,misdirect_v25,부적절,11,"형: 야 너 자취방 에어컨 고쳤냐
나: 아직 ㅠㅠ 주인아저씨한테 말했는데 감감무소식
형: 이 더위에 그게 뭐냐 ㅋㅋ 빨리 다시 연락해봐
나: 오늘 다시 전화해보려고
형: 안 되면 엄마한테 말해, 계약서에 수리 의무 있을걸
나: ㅇㅋ 확인해볼게
형: 다음 주에 본가 올 거지? 엄마가 물어보시던데
나: 가야지, 토요일에 가려고
형: 잘됐네 나도 토요일에 가. 같이 저녁 먹겠다
형: 올 때 엄마 안경 새로 한 거 갖다드려야 해서 너한테 맡길게
형: 금요일에 퀵으로 보낼 테니까 받으면 톡 줘",확신은 만나면서 생기는 거야~ 부담 갖지 말고 다녀와,v25,,,,bro,bff,medium,1:1,casual,kakao
687,v25_bro_6,matched_v25,적절,11,"형: 야 너 자취방 에어컨 고쳤냐
나: 아직 ㅠㅠ 주인아저씨한테 말했는데 감감무소식
형: 이 더위에 그게 뭐냐 ㅋㅋ 빨리 다시 연락해봐
나: 오늘 다시 전화해보려고
형: 안 되면 엄마한테 말해, 계약서에 수리 의무 있을걸
나: ㅇㅋ 확인해볼게
형: 다음 주에 본가 올 거지? 엄마가 물어보시던데
나: 가야지, 토요일에 가려고
형: 잘됐네 나도 토요일에 가. 같이 저녁 먹겠다
형: 올 때 엄마 안경 새로 한 거 갖다드려야 해서 너한테 맡길게
형: 금요일에 퀵으로 보낼 테니까 받으면 톡 줘",자취방 너무 더워서 다음 달엔 선풍기 하나 더 살까 고민 중 ㅋㅋ,v25,,,,bro,bro,-,1:1,casual,kakao
688,v25_bro_6,misdirect_v25,부적절,12,"하늘: 야 소개팅남한테 답장 왔어!!!
나: ㅋㅋㅋㅋ 뭐래뭐래
하늘: 주말에 시간 되냐고 물어봄
나: 오 적극적인데? 너는 저번에 만나보니 어땠어
하늘: 대화는 잘 통했어, 근데 확신이 안 서 ㅠㅠ
나: 두 번은 만나봐야 알지, 첫 만남으로 어케 알아 ㅋㅋ
하늘: 그치?? 근데 주말에 보자는 건 좀 빠른가
나: 빠르긴 뭐가 빨라, 좋으니까 보자는 거지
하늘: 아 몰라 떨려 ㅋㅋㅋ 뭐라고 답하지
나: 솔직하게 토요일 좋다고 해~
하늘: ㅇㅋ 보낸다?? 보냈어!!
하늘: 헐 바로 답장 옴, 토요일 2시에 성수동에서 보재!! 나 뭐 입지 진짜",자취방 너무 더워서 다음 달엔 선풍기 하나 더 살까 고민 중 ㅋㅋ,v25,,,,bff,bro,medium,1:1,casual,kakao
689,v25_study_0,matched_v25,적절,11,"지훈: 이번 주 문제는 백준 골드 그래프 3개로 정했습니다
예린: 흑흑 그래프 약한데 ㅠㅠ 좋아요 도전
나: 저번 DP보다는 낫겠죠 ㅋㅋ
지훈: 일요일 모각코는 2시 강남 스터디카페 맞죠?
예린: 네! 지난번 그 지하 말고 5층으로 예약했어요
나: 오 5층 좋죠, 콘센트 많던데
지훈: 풀이 공유는 토요일 밤까지 노션에 올려주세요
예린: 넵 저는 파이썬으로 올릴게요
지훈: 다음 달부터는 모의 코테도 격주로 한 번씩 해봐요
나: 좋아요, 프로그래머스 모의테스트 기능 쓰면 될 것 같아요
예린: 그럼 이번 주도 화이팅입니다 💪","두 번째 문제 다익스트라로 풀다가 시간초과 나서 우선순위 큐로 바꿨어요, 풀이 노션에 올렸습니다",v25,,,,study,study,-,group,formal,plain
690,v25_study_0,misdirect_v25,부적절,12,"도현: 오늘 10시 내전 ㄱ?
승우: ㄱㄱ 5명 모였음?
도현: 아직 4명, 한 명만 더 구하면 됨
나: 나 10시 콜
도현: ㅇㅋ 그럼 님만 오면 5인 완성
승우: 오늘은 칼바람 말고 협곡 가자
도현: ㅇㅇ 대신 포지션은 사다리 타기다
나: 나 정글만 아니면 됨 ㅋㅋ
승우: ㅋㅋㅋ 그럼 님이 정글 확정
나: 아 진짜 ㅋㅋㅋㅋ
도현: 농담이고 사다리 타자. 디코 10시에 들어와라
승우: 늦는 사람이 아이스크림 사기 ㅋㅋ","두 번째 문제 다익스트라로 풀다가 시간초과 나서 우선순위 큐로 바꿨어요, 풀이 노션에 올렸습니다",v25,,,,game,study,medium,group,casual,kakao
691,v25_game_0,matched_v25,적절,12,"도현: 오늘 10시 내전 ㄱ?
승우: ㄱㄱ 5명 모였음?
도현: 아직 4명, 한 명만 더 구하면 됨
나: 나 10시 콜
도현: ㅇㅋ 그럼 님만 오면 5인 완성
승우: 오늘은 칼바람 말고 협곡 가자
도현: ㅇㅇ 대신 포지션은 사다리 타기다
나: 나 정글만 아니면 됨 ㅋㅋ
승우: ㅋㅋㅋ 그럼 님이 정글 확정
나: 아 진짜 ㅋㅋㅋㅋ
도현: 농담이고 사다리 타자. 디코 10시에 들어와라
승우: 늦는 사람이 아이스크림 사기 ㅋㅋ",디코 들어왔다 ㅋㅋ 마이크 테스트 좀 해줘,v25,,,,game,game,-,group,casual,kakao
692,v25_game_0,misdirect_v25,부적절,11,"지훈: 이번 주 문제는 백준 골드 그래프 3개로 정했습니다
예린: 흑흑 그래프 약한데 ㅠㅠ 좋아요 도전
나: 저번 DP보다는 낫겠죠 ㅋㅋ
지훈: 일요일 모각코는 2시 강남 스터디카페 맞죠?
예린: 네! 지난번 그 지하 말고 5층으로 예약했어요
나: 오 5층 좋죠, 콘센트 많던데
지훈: 풀이 공유는 토요일 밤까지 노션에 올려주세요
예린: 넵 저는 파이썬으로 올릴게요
지훈: 다음 달부터는 모의 코테도 격주로 한 번씩 해봐요
나: 좋아요, 프로그래머스 모의테스트 기능 쓰면 될 것 같아요
예린: 그럼 이번 주도 화이팅입니다 💪",디코 들어왔다 ㅋㅋ 마이크 테스트 좀 해줘,v25,,,,study,game,medium,group,formal,plain
693,v25_study_1,matched_v25,적절,11,"지훈: 이번 주 문제는 백준 골드 그래프 3개로 정했습니다
예린: 흑흑 그래프 약한데 ㅠㅠ 좋아요 도전
나: 저번 DP보다는 낫겠죠 ㅋㅋ
지훈: 일요일 모각코는 2시 강남 스터디카페 맞죠?
예린: 네! 지난번 그 지하 말고 5층으로 예약했어요
나: 오 5층 좋죠, 콘센트 많던데
지훈: 풀이 공유는 토요일 밤까지 노션에 올려주세요
예린: 넵 저는 파이썬으로 올릴게요
지훈: 다음 달부터는 모의 코테도 격주로 한 번씩 해봐요
나: 좋아요, 프로그래머스 모의테스트 기능 쓰면 될 것 같아요
예린: 그럼 이번 주도 화이팅입니다 💪","일요일 모각코에 30분 정도 늦을 것 같아요, 먼저 시작하고 계세요",v25,,,,study,study,-,group,formal,plain
694,v25_study_1,misdirect_v25,부적절,12,"도현: 오늘 10시 내전 ㄱ?
승우: ㄱㄱ 5명 모였음?
도현: 아직 4명, 한 명만 더 구하면 됨
나: 나 10시 콜
도현: ㅇㅋ 그럼 님만 오면 5인 완성
승우: 오늘은 칼바람 말고 협곡 가자
도현: ㅇㅇ 대신 포지션은 사다리 타기다
나: 나 정글만 아니면 됨 ㅋㅋ
승우: ㅋㅋㅋ 그럼 님이 정글 확정
나: 아 진짜 ㅋㅋㅋㅋ
도현: 농담이고 사다리 타자. 디코 10시에 들어와라
승우: 늦는 사람이 아이스크림 사기 ㅋㅋ","일요일 모각코에 30분 정도 늦을 것 같아요, 먼저 시작하고 계세요",v25,,,,game,study,medium,group,casual,kakao
695,v25_game_1,matched_v25,적절,12,"도현: 오늘 10시 내전 ㄱ?
승우: ㄱㄱ 5명 모였음?
도현: 아직 4명, 한 명만 더 구하면 됨
나: 나 10시 콜
도현: ㅇㅋ 그럼 님만 오면 5인 완성
승우: 오늘은 칼바람 말고 협곡 가자
도현: ㅇㅇ 대신 포지션은 사다리 타기다
나: 나 정글만 아니면 됨 ㅋㅋ
승우: ㅋㅋㅋ 그럼 님이 정글 확정
나: 아 진짜 ㅋㅋㅋㅋ
도현: 농담이고 사다리 타자. 디코 10시에 들어와라
승우: 늦는 사람이 아이스크림 사기 ㅋㅋ",사다리 결과 미드 걸림 ㅋㅋㅋ 개꿀,v25,,,,game,game,-,group,casual,kakao
696,v25_game_1,misdirect_v25,부적절,11,"지훈: 이번 주 문제는 백준 골드 그래프 3개로 정했습니다
예린: 흑흑 그래프 약한데 ㅠㅠ 좋아요 도전
나: 저번 DP보다는 낫겠죠 ㅋㅋ
지훈: 일요일 모각코는 2시 강남 스터디카페 맞죠?
예린: 네! 지난번 그 지하 말고 5층으로 예약했어요
나: 오 5층 좋죠, 콘센트 많던데
지훈: 풀이 공유는 토요일 밤까지 노션에 올려주세요
예린: 넵 저는 파이썬으로 올릴게요
지훈: 다음 달부터는 모의 코테도 격주로 한 번씩 해봐요
나: 좋아요, 프로그래머스 모의테스트 기능 쓰면 될 것 같아요
예린: 그럼 이번 주도 화이팅입니다 💪",사다리 결과 미드 걸림 ㅋㅋㅋ 개꿀,v25,,,,study,game,medium,group,formal,plain
697,v25_study_2,matched_v25,적절,11,"지훈: 이번 주 문제는 백준 골드 그래프 3개로 정했습니다
예린: 흑흑 그래프 약한데 ㅠㅠ 좋아요 도전
나: 저번 DP보다는 낫겠죠 ㅋㅋ
지훈: 일요일 모각코는 2시 강남 스터디카페 맞죠?
예린: 네! 지난번 그 지하 말고 5층으로 예약했어요
나: 오 5층 좋죠, 콘센트 많던데
지훈: 풀이 공유는 토요일 밤까지 노션에 올려주세요
예린: 넵 저는 파이썬으로 올릴게요
지훈: 다음 달부터는 모의 코테도 격주로 한 번씩 해봐요
나: 좋아요, 프로그래머스 모의테스트 기능 쓰면 될 것 같아요
예린: 그럼 이번 주도 화이팅입니다 💪",모의 코테 첫 회는 다다음 주 토요일 어때요?,v25,,,,study,study,-,group,formal,plain
698,v25_study_2,misdirect_v25,부적절,12,"도현: 오늘 10시 내전 ㄱ?
승우: ㄱㄱ 5명 모였음?
도현: 아직 4명, 한 명만 더 구하면 됨
나: 나 10시 콜
도현: ㅇㅋ 그럼 님만 오면 5인 완성
승우: 오늘은 칼바람 말고 협곡 가자
도현: ㅇㅇ 대신 포지션은 사다리 타기다
나: 나 정글만 아니면 됨 ㅋㅋ
승우: ㅋㅋㅋ 그럼 님이 정글 확정
나: 아 진짜 ㅋㅋㅋㅋ
도현: 농담이고 사다리 타자. 디코 10시에 들어와라
승우: 늦는 사람이 아이스크림 사기 ㅋㅋ",모의 코테 첫 회는 다다음 주 토요일 어때요?,v25,,,,game,study,medium,group,casual,kakao
699,v25_game_2,matched_v25,적절,12,"도현: 오늘 10시 내전 ㄱ?
승우: ㄱㄱ 5명 모였음?
도현: 아직 4명, 한 명만 더 구하면 됨
나: 나 10시 콜
도현: ㅇㅋ 그럼 님만 오면 5인 완성
승우: 오늘은 칼바람 말고 협곡 가자
도현: ㅇㅇ 대신 포지션은 사다리 타기다
나: 나 정글만 아니면 됨 ㅋㅋ
승우: ㅋㅋㅋ 그럼 님이 정글 확정
나: 아 진짜 ㅋㅋㅋㅋ
도현: 농담이고 사다리 타자. 디코 10시에 들어와라
승우: 늦는 사람이 아이스크림 사기 ㅋㅋ","한 판만 더 하자, 이대로는 못 잔다 진짜 ㅋㅋ",v25,,,,game,game,-,group,casual,kakao
700,v25_game_2,misdirect_v25,부적절,11,"지훈: 이번 주 문제는 백준 골드 그래프 3개로 정했습니다
예린: 흑흑 그래프 약한데 ㅠㅠ 좋아요 도전
나: 저번 DP보다는 낫겠죠 ㅋㅋ
지훈: 일요일 모각코는 2시 강남 스터디카페 맞죠?
예린: 네! 지난번 그 지하 말고 5층으로 예약했어요
나: 오 5층 좋죠, 콘센트 많던데
지훈: 풀이 공유는 토요일 밤까지 노션에 올려주세요
예린: 넵 저는 파이썬으로 올릴게요
지훈: 다음 달부터는 모의 코테도 격주로 한 번씩 해봐요
나: 좋아요, 프로그래머스 모의테스트 기능 쓰면 될 것 같아요
예린: 그럼 이번 주도 화이팅입니다 💪","한 판만 더 하자, 이대로는 못 잔다 진짜 ㅋㅋ",v25,,,,study,game,medium,group,formal,plain
701,v25_study_3,matched_v25,적절,11,"지훈: 이번 주 문제는 백준 골드 그래프 3개로 정했습니다
예린: 흑흑 그래프 약한데 ㅠㅠ 좋아요 도전
나: 저번 DP보다는 낫겠죠 ㅋㅋ
지훈: 일요일 모각코는 2시 강남 스터디카페 맞죠?
예린: 네! 지난번 그 지하 말고 5층으로 예약했어요
나: 오 5층 좋죠, 콘센트 많던데
지훈: 풀이 공유는 토요일 밤까지 노션에 올려주세요
예린: 넵 저는 파이썬으로 올릴게요
지훈: 다음 달부터는 모의 코테도 격주로 한 번씩 해봐요
나: 좋아요, 프로그래머스 모의테스트 기능 쓰면 될 것 같아요
예린: 그럼 이번 주도 화이팅입니다 💪","예린님 파이썬 풀이 보고 배웠어요, heapq 그렇게 쓰는 거 처음 봤네요 ㅋㅋ",v25,,,,study,study,-,group,formal,plain
702,v25_study_3,misdirect_v25,부적절,12,"도현: 오늘 10시 내전 ㄱ?
승우: ㄱㄱ 5명 모였음?
도현: 아직 4명, 한 명만 더 구하면 됨
나: 나 10시 콜
도현: ㅇㅋ 그럼 님만 오면 5인 완성
승우: 오늘은 칼바람 말고 협곡 가자
도현: ㅇㅇ 대신 포지션은 사다리 타기다
나: 나 정글만 아니면 됨 ㅋㅋ
승우: ㅋㅋㅋ 그럼 님이 정글 확정
나: 아 진짜 ㅋㅋㅋㅋ
도현: 농담이고 사다리 타자. 디코 10시에 들어와라
승우: 늦는 사람이 아이스크림 사기 ㅋㅋ","예린님 파이썬 풀이 보고 배웠어요, heapq 그렇게 쓰는 거 처음 봤네요 ㅋㅋ",v25,,,,game,study,medium,group,casual,kakao
703,v25_game_3,matched_v25,적절,12,"도현: 오늘 10시 내전 ㄱ?
승우: ㄱㄱ 5명 모였음?
도현: 아직 4명, 한 명만 더 구하면 됨
나: 나 10시 콜
도현: ㅇㅋ 그럼 님만 오면 5인 완성
승우: 오늘은 칼바람 말고 협곡 가자
도현: ㅇㅇ 대신 포지션은 사다리 타기다
나: 나 정글만 아니면 됨 ㅋㅋ
승우: ㅋㅋㅋ 그럼 님이 정글 확정
나: 아 진짜 ㅋㅋㅋㅋ
도현: 농담이고 사다리 타자. 디코 10시에 들어와라
승우: 늦는 사람이 아이스크림 사기 ㅋㅋ","내전 내일은 9시에 하자, 10시 시작하니까 너무 늦게 끝남 ㅠ",v25,,,,game,game,-,group,casual,kakao
704,v25_game_3,misdirect_v25,부적절,11,"지훈: 이번 주 문제는 백준 골드 그래프 3개로 정했습니다
예린: 흑흑 그래프 약한데 ㅠㅠ 좋아요 도전
나: 저번 DP보다는 낫겠죠 ㅋㅋ
지훈: 일요일 모각코는 2시 강남 스터디카페 맞죠?
예린: 네! 지난번 그 지하 말고 5층으로 예약했어요
나: 오 5층 좋죠, 콘센트 많던데
지훈: 풀이 공유는 토요일 밤까지 노션에 올려주세요
예린: 넵 저는 파이썬으로 올릴게요
지훈: 다음 달부터는 모의 코테도 격주로 한 번씩 해봐요
나: 좋아요, 프로그래머스 모의테스트 기능 쓰면 될 것 같아요
예린: 그럼 이번 주도 화이팅입니다 💪","내전 내일은 9시에 하자, 10시 시작하니까 너무 늦게 끝남 ㅠ",v25,,,,study,game,medium,group,formal,plain
705,v25_study_4,matched_v25,적절,11,"지훈: 이번 주 문제는 백준 골드 그래프 3개로 정했습니다
예린: 흑흑 그래프 약한데 ㅠㅠ 좋아요 도전
나: 저번 DP보다는 낫겠죠 ㅋㅋ
지훈: 일요일 모각코는 2시 강남 스터디카페 맞죠?
예린: 네! 지난번 그 지하 말고 5층으로 예약했어요
나: 오 5층 좋죠, 콘센트 많던데
지훈: 풀이 공유는 토요일 밤까지 노션에 올려주세요
예린: 넵 저는 파이썬으로 올릴게요
지훈: 다음 달부터는 모의 코테도 격주로 한 번씩 해봐요
나: 좋아요, 프로그래머스 모의테스트 기능 쓰면 될 것 같아요
예린: 그럼 이번 주도 화이팅입니다 💪",세 번째 그래프 문제 반례 찾았는데 노션 댓글로 남겨둘게요,v25,,,,study,study,-,group,formal,plain
706,v25_study_4,misdirect_v25,부적절,12,"도현: 오늘 10시 내전 ㄱ?
승우: ㄱㄱ 5명 모였음?
도현: 아직 4명, 한 명만 더 구하면 됨
나: 나 10시 콜
도현: ㅇㅋ 그럼 님만 오면 5인 완성
승우: 오늘은 칼바람 말고 협곡 가자
도현: ㅇㅇ 대신 포지션은 사다리 타기다
나: 나 정글만 아니면 됨 ㅋㅋ
승우: ㅋㅋㅋ 그럼 님이 정글 확정
나: 아 진짜 ㅋㅋㅋㅋ
도현: 농담이고 사다리 타자. 디코 10시에 들어와라
승우: 늦는 사람이 아이스크림 사기 ㅋㅋ",세 번째 그래프 문제 반례 찾았는데 노션 댓글로 남겨둘게요,v25,,,,game,study,medium,group,casual,kakao
707,v25_game_4,matched_v25,적절,12,"도현: 오늘 10시 내전 ㄱ?
승우: ㄱㄱ 5명 모였음?
도현: 아직 4명, 한 명만 더 구하면 됨
나: 나 10시 콜
도현: ㅇㅋ 그럼 님만 오면 5인 완성
승우: 오늘은 칼바람 말고 협곡 가자
도현: ㅇㅇ 대신 포지션은 사다리 타기다
나: 나 정글만 아니면 됨 ㅋㅋ
승우: ㅋㅋㅋ 그럼 님이 정글 확정
나: 아 진짜 ㅋㅋㅋㅋ
도현: 농담이고 사다리 타자. 디코 10시에 들어와라
승우: 늦는 사람이 아이스크림 사기 ㅋㅋ",승우 어제 산 스킨 뭐임? 이펙트 좋던데 ㅋㅋ,v25,,,,game,game,-,group,casual,kakao
708,v25_game_4,misdirect_v25,부적절,11,"지훈: 이번 주 문제는 백준 골드 그래프 3개로 정했습니다
예린: 흑흑 그래프 약한데 ㅠㅠ 좋아요 도전
나: 저번 DP보다는 낫겠죠 ㅋㅋ
지훈: 일요일 모각코는 2시 강남 스터디카페 맞죠?
예린: 네! 지난번 그 지하 말고 5층으로 예약했어요
나: 오 5층 좋죠, 콘센트 많던데
지훈: 풀이 공유는 토요일 밤까지 노션에 올려주세요
예린: 넵 저는 파이썬으로 올릴게요
지훈: 다음 달부터는 모의 코테도 격주로 한 번씩 해봐요
나: 좋아요, 프로그래머스 모의테스트 기능 쓰면 될 것 같아요
예린: 그럼 이번 주도 화이팅입니다 💪",승우 어제 산 스킨 뭐임? 이펙트 좋던데 ㅋㅋ,v25,,,,study,game,medium,group,formal,plain
709,v25_study_5,matched_v25,적절,11,"지훈: 이번 주 문제는 백준 골드 그래프 3개로 정했습니다
예린: 흑흑 그래프 약한데 ㅠㅠ 좋아요 도전
나: 저번 DP보다는 낫겠죠 ㅋㅋ
지훈: 일요일 모각코는 2시 강남 스터디카페 맞죠?
예린: 네! 지난번 그 지하 말고 5층으로 예약했어요
나: 오 5층 좋죠, 콘센트 많던데
지훈: 풀이 공유는 토요일 밤까지 노션에 올려주세요
예린: 넵 저는 파이썬으로 올릴게요
지훈: 다음 달부터는 모의 코테도 격주로 한 번씩 해봐요
나: 좋아요, 프로그래머스 모의테스트 기능 쓰면 될 것 같아요
예린: 그럼 이번 주도 화이팅입니다 💪","5층 예약 인원 3명으로 되어 있는지 확인 부탁해요, 지난번에 2명으로 잡혀서 곤란했잖아요",v25,,,,study,study,-,group,formal,plain
710,v25_study_5,misdirect_v25,부적절,12,"도현: 오늘 10시 내전 ㄱ?
승우: ㄱㄱ 5명 모였음?
도현: 아직 4명, 한 명만 더 구하면 됨
나: 나 10시 콜
도현: ㅇㅋ 그럼 님만 오면 5인 완성
승우: 오늘은 칼바람 말고 협곡 가자
도현: ㅇㅇ 대신 포지션은 사다리 타기다
나: 나 정글만 아니면 됨 ㅋㅋ
승우: ㅋㅋㅋ 그럼 님이 정글 확정
나: 아 진짜 ㅋㅋㅋㅋ
도현: 농담이고 사다리 타자. 디코 10시에 들어와라
승우: 늦는 사람이 아이스크림 사기 ㅋㅋ","5층 예약 인원 3명으로 되어 있는지 확인 부탁해요, 지난번에 2명으로 잡혀서 곤란했잖아요",v25,,,,game,study,medium,group,casual,kakao
711,v25_game_5,matched_v25,적절,12,"도현: 오늘 10시 내전 ㄱ?
승우: ㄱㄱ 5명 모였음?
도현: 아직 4명, 한 명만 더 구하면 됨
나: 나 10시 콜
도현: ㅇㅋ 그럼 님만 오면 5인 완성
승우: 오늘은 칼바람 말고 협곡 가자
도현: ㅇㅇ 대신 포지션은 사다리 타기다
나: 나 정글만 아니면 됨 ㅋㅋ
승우: ㅋㅋㅋ 그럼 님이 정글 확정
나: 아 진짜 ㅋㅋㅋㅋ
도현: 농담이고 사다리 타자. 디코 10시에 들어와라
승우: 늦는 사람이 아이스크림 사기 ㅋㅋ","5인 큐 돌리기 전에 티어 확인 좀, 나 어제 승급했다 ㅋㅋㅋ",v25,,,,game,game,-,group,casual,kakao
712,v25_game_5,misdirect_v25,부적절,11,"지훈: 이번 주 문제는 백준 골드 그래프 3개로 정했습니다
예린: 흑흑 그래프 약한데 ㅠㅠ 좋아요 도전
나: 저번 DP보다는 낫겠죠 ㅋㅋ
지훈: 일요일 모각코는 2시 강남 스터디카페 맞죠?
예린: 네! 지난번 그 지하 말고 5층으로 예약했어요
나: 오 5층 좋죠, 콘센트 많던데
지훈: 풀이 공유는 토요일 밤까지 노션에 올려주세요
예린: 넵 저는 파이썬으로 올릴게요
지훈: 다음 달부터는 모의 코테도 격주로 한 번씩 해봐요
나: 좋아요, 프로그래머스 모의테스트 기능 쓰면 될 것 같아요
예린: 그럼 이번 주도 화이팅입니다 💪","5인 큐 돌리기 전에 티어 확인 좀, 나 어제 승급했다 ㅋㅋㅋ",v25,,,,study,game,medium,group,formal,plain
713,v25_study_6,matched_v25,적절,11,"지훈: 이번 주 문제는 백준 골드 그래프 3개로 정했습니다
예린: 흑흑 그래프 약한데 ㅠㅠ 좋아요 도전
나: 저번 DP보다는 낫겠죠 ㅋㅋ
지훈: 일요일 모각코는 2시 강남 스터디카페 맞죠?
예린: 네! 지난번 그 지하 말고 5층으로 예약했어요
나: 오 5층 좋죠, 콘센트 많던데
지훈: 풀이 공유는 토요일 밤까지 노션에 올려주세요
예린: 넵 저는 파이썬으로 올릴게요
지훈: 다음 달부터는 모의 코테도 격주로 한 번씩 해봐요
나: 좋아요, 프로그래머스 모의테스트 기능 쓰면 될 것 같아요
예린: 그럼 이번 주도 화이팅입니다 💪","다음 주 문제는 제가 정해볼게요, 구현 쪽 어떠세요?",v25,,,,study,study,-,group,formal,plain
714,v25_study_6,misdirect_v25,부적절,12,"도현: 오늘 10시 내전 ㄱ?
승우: ㄱㄱ 5명 모였음?
도현: 아직 4명, 한 명만 더 구하면 됨
나: 나 10시 콜
도현: ㅇㅋ 그럼 님만 오면 5인 완성
승우: 오늘은 칼바람 말고 협곡 가자
도현: ㅇㅇ 대신 포지션은 사다리 타기다
나: 나 정글만 아니면 됨 ㅋㅋ
승우: ㅋㅋㅋ 그럼 님이 정글 확정
나: 아 진짜 ㅋㅋㅋㅋ
도현: 농담이고 사다리 타자. 디코 10시에 들어와라
승우: 늦는 사람이 아이스크림 사기 ㅋㅋ","다음 주 문제는 제가 정해볼게요, 구현 쪽 어떠세요?",v25,,,,game,study,medium,group,casual,kakao
715,v25_game_6,matched_v25,적절,12,"도현: 오늘 10시 내전 ㄱ?
승우: ㄱㄱ 5명 모였음?
도현: 아직 4명, 한 명만 더 구하면 됨
나: 나 10시 콜
도현: ㅇㅋ 그럼 님만 오면 5인 완성
승우: 오늘은 칼바람 말고 협곡 가자
도현: ㅇㅇ 대신 포지션은 사다리 타기다
나: 나 정글만 아니면 됨 ㅋㅋ
승우: ㅋㅋㅋ 그럼 님이 정글 확정
나: 아 진짜 ㅋㅋㅋㅋ
도현: 농담이고 사다리 타자. 디코 10시에 들어와라
승우: 늦는 사람이 아이스크림 사기 ㅋㅋ",아이스크림 내기 오늘도 유효냐 ㅋㅋ 나 지각 안 함,v25,,,,game,game,-,group,casual,kakao
716,v25_game_6,misdirect_v25,부적절,11,"지훈: 이번 주 문제는 백준 골드 그래프 3개로 정했습니다
예린: 흑흑 그래프 약한데 ㅠㅠ 좋아요 도전
나: 저번 DP보다는 낫겠죠 ㅋㅋ
지훈: 일요일 모각코는 2시 강남 스터디카페 맞죠?
예린: 네! 지난번 그 지하 말고 5층으로 예약했어요
나: 오 5층 좋죠, 콘센트 많던데
지훈: 풀이 공유는 토요일 밤까지 노션에 올려주세요
예린: 넵 저는 파이썬으로 올릴게요
지훈: 다음 달부터는 모의 코테도 격주로 한 번씩 해봐요
나: 좋아요, 프로그래머스 모의테스트 기능 쓰면 될 것 같아요
예린: 그럼 이번 주도 화이팅입니다 💪",아이스크림 내기 오늘도 유효냐 ㅋㅋ 나 지각 안 함,v25,,,,study,game,medium,group,formal,plain
717,v25_couple_0,matched_v25,적절,11,"연인: 자기 오늘 야근이야?
나: 응 ㅠㅠ 한 8시쯤 끝날 듯
연인: 고생이다 진짜 ㅠㅠ 저녁 잘 챙겨 먹어
나: 자기는 뭐 해?
연인: 나 지금 요가 갔다 와서 씻었어~
연인: 아 맞다, 토요일 전시회 예매했어! 2시 타임
나: 오 잘했어 ㅋㅋ 기대된다
연인: 끝나고 그 앞에 파스타집 가자, 저번에 못 갔던 데
나: 좋지, 거기 웨이팅 길다니까 좀 일찍 가자
연인: ㅇㅋ 1시 반까지 갈게
연인: 야근 힘내구 도착하면 연락해 💕","끝났다!! 지금 출발해 자기야, 30분이면 도착할 듯",v25,,,,couple,couple,-,1:1,casual,kakao
718,v25_couple_0,misdirect_v25,부적절,10,"판매자: 안녕하세요, 자전거 문의 주셨죠?
나: 네! 혹시 구매 시기가 어떻게 되나요?
판매자: 작년 봄에 샀고 실사용은 반년 정도예요
나: 기어 변속은 문제 없나요?
판매자: 네 잘 됩니다. 체인도 한 달 전에 갈았어요
나: 직거래는 어디서 가능하세요?
판매자: 홍대입구역 근처면 다 괜찮아요
나: 그럼 토요일 오후 괜찮으실까요?
판매자: 네, 토요일 3시에 2번 출구 어떠세요?
판매자: 그리고 가격은 문의가 많아서 네고는 어려울 것 같아요","끝났다!! 지금 출발해 자기야, 30분이면 도착할 듯",v25,,,,trade,couple,easy,1:1,formal,plain
719,v25_trade_0,matched_v25,적절,10,"판매자: 안녕하세요, 자전거 문의 주셨죠?
나: 네! 혹시 구매 시기가 어떻게 되나요?
판매자: 작년 봄에 샀고 실사용은 반년 정도예요
나: 기어 변속은 문제 없나요?
판매자: 네 잘 됩니다. 체인도 한 달 전에 갈았어요
나: 직거래는 어디서 가능하세요?
판매자: 홍대입구역 근처면 다 괜찮아요
나: 그럼 토요일 오후 괜찮으실까요?
판매자: 네, 토요일 3시에 2번 출구 어떠세요?
판매자: 그리고 가격은 문의가 많아서 네고는 어려울 것 같아요","네, 토요일 3시 홍대입구역 2번 출구로 가겠습니다. 현금으로 준비할게요",v25,,,,trade,trade,-,1:1,formal,plain
720,v25_trade_0,misdirect_v25,부적절,11,"연인: 자기 오늘 야근이야?
나: 응 ㅠㅠ 한 8시쯤 끝날 듯
연인: 고생이다 진짜 ㅠㅠ 저녁 잘 챙겨 먹어
나: 자기는 뭐 해?
연인: 나 지금 요가 갔다 와서 씻었어~
연인: 아 맞다, 토요일 전시회 예매했어! 2시 타임
나: 오 잘했어 ㅋㅋ 기대된다
연인: 끝나고 그 앞에 파스타집 가자, 저번에 못 갔던 데
나: 좋지, 거기 웨이팅 길다니까 좀 일찍 가자
연인: ㅇㅋ 1시 반까지 갈게
연인: 야근 힘내구 도착하면 연락해 💕","네, 토요일 3시 홍대입구역 2번 출구로 가겠습니다. 현금으로 준비할게요",v25,,,,couple,trade,easy,1:1,casual,kakao
721,v25_couple_1,matched_v25,적절,11,"연인: 자기 오늘 야근이야?
나: 응 ㅠㅠ 한 8시쯤 끝날 듯
연인: 고생이다 진짜 ㅠㅠ 저녁 잘 챙겨 먹어
나: 자기는 뭐 해?
연인: 나 지금 요가 갔다 와서 씻었어~
연인: 아 맞다, 토요일 전시회 예매했어! 2시 타임
나: 오 잘했어 ㅋㅋ 기대된다
연인: 끝나고 그 앞에 파스타집 가자, 저번에 못 갔던 데
나: 좋지, 거기 웨이팅 길다니까 좀 일찍 가자
연인: ㅇㅋ 1시 반까지 갈게
연인: 야근 힘내구 도착하면 연락해 💕","토요일 전시 끝나고 갈 파스타집, 웨이팅 미리 걸어두는 앱 있대. 내가 걸어둘게",v25,,,,couple,couple,-,1:1,casual,kakao
722,v25_couple_1,misdirect_v25,부적절,10,"판매자: 안녕하세요, 자전거 문의 주셨죠?
나: 네! 혹시 구매 시기가 어떻게 되나요?
판매자: 작년 봄에 샀고 실사용은 반년 정도예요
나: 기어 변속은 문제 없나요?
판매자: 네 잘 됩니다. 체인도 한 달 전에 갈았어요
나: 직거래는 어디서 가능하세요?
판매자: 홍대입구역 근처면 다 괜찮아요
나: 그럼 토요일 오후 괜찮으실까요?
판매자: 네, 토요일 3시에 2번 출구 어떠세요?
판매자: 그리고 가격은 문의가 많아서 네고는 어려울 것 같아요","토요일 전시 끝나고 갈 파스타집, 웨이팅 미리 걸어두는 앱 있대. 내가 걸어둘게",v25,,,,trade,couple,easy,1:1,formal,plain
723,v25_trade_1,matched_v25,적절,10,"판매자: 안녕하세요, 자전거 문의 주셨죠?
나: 네! 혹시 구매 시기가 어떻게 되나요?
판매자: 작년 봄에 샀고 실사용은 반년 정도예요
나: 기어 변속은 문제 없나요?
판매자: 네 잘 됩니다. 체인도 한 달 전에 갈았어요
나: 직거래는 어디서 가능하세요?
판매자: 홍대입구역 근처면 다 괜찮아요
나: 그럼 토요일 오후 괜찮으실까요?
판매자: 네, 토요일 3시에 2번 출구 어떠세요?
판매자: 그리고 가격은 문의가 많아서 네고는 어려울 것 같아요",네고 어려운 것 이해했습니다. 대신 자물쇠 같이 주시는 건 가능할까요?,v25,,,,trade,trade,-,1:1,formal,plain
724,v25_trade_1,misdirect_v25,부적절,11,"연인: 자기 오늘 야근이야?
나: 응 ㅠㅠ 한 8시쯤 끝날 듯
연인: 고생이다 진짜 ㅠㅠ 저녁 잘 챙겨 먹어
나: 자기는 뭐 해?
연인: 나 지금 요가 갔다 와서 씻었어~
연인: 아 맞다, 토요일 전시회 예매했어! 2시 타임
나: 오 잘했어 ㅋㅋ 기대된다
연인: 끝나고 그 앞에 파스타집 가자, 저번에 못 갔던 데
나: 좋지, 거기 웨이팅 길다니까 좀 일찍 가자
연인: ㅇㅋ 1시 반까지 갈게
연인: 야근 힘내구 도착하면 연락해 💕",네고 어려운 것 이해했습니다. 대신 자물쇠 같이 주시는 건 가능할까요?,v25,,,,couple,trade,easy,1:1,casual,kakao
725,v25_couple_2,matched_v25,적절,11,"연인: 자기 오늘 야근이야?
나: 응 ㅠㅠ 한 8시쯤 끝날 듯
연인: 고생이다 진짜 ㅠㅠ 저녁 잘 챙겨 먹어
나: 자기는 뭐 해?
연인: 나 지금 요가 갔다 와서 씻었어~
연인: 아 맞다, 토요일 전시회 예매했어! 2시 타임
나: 오 잘했어 ㅋㅋ 기대된다
연인: 끝나고 그 앞에 파스타집 가자, 저번에 못 갔던 데
나: 좋지, 거기 웨이팅 길다니까 좀 일찍 가자
연인: ㅇㅋ 1시 반까지 갈게
연인: 야근 힘내구 도착하면 연락해 💕",자기 내일 요가 끝나는 시간 맞춰서 데리러 갈게,v25,,,,couple,couple,-,1:1,casual,kakao
726,v25_couple_2,misdirect_v25,부적절,10,"판매자: 안녕하세요, 자전거 문의 주셨죠?
나: 네! 혹시 구매 시기가 어떻게 되나요?
판매자: 작년 봄에 샀고 실사용은 반년 정도예요
나: 기어 변속은 문제 없나요?
판매자: 네 잘 됩니다. 체인도 한 달 전에 갈았어요
나: 직거래는 어디서 가능하세요?
판매자: 홍대입구역 근처면 다 괜찮아요
나: 그럼 토요일 오후 괜찮으실까요?
판매자: 네, 토요일 3시에 2번 출구 어떠세요?
판매자: 그리고 가격은 문의가 많아서 네고는 어려울 것 같아요",자기 내일 요가 끝나는 시간 맞춰서 데리러 갈게,v25,,,,trade,couple,easy,1:1,formal,plain
727,v25_trade_2,matched_v25,적절,10,"판매자: 안녕하세요, 자전거 문의 주셨죠?
나: 네! 혹시 구매 시기가 어떻게 되나요?
판매자: 작년 봄에 샀고 실사용은 반년 정도예요
나: 기어 변속은 문제 없나요?
판매자: 네 잘 됩니다. 체인도 한 달 전에 갈았어요
나: 직거래는 어디서 가능하세요?
판매자: 홍대입구역 근처면 다 괜찮아요
나: 그럼 토요일 오후 괜찮으실까요?
판매자: 네, 토요일 3시에 2번 출구 어떠세요?
판매자: 그리고 가격은 문의가 많아서 네고는 어려울 것 같아요",혹시 타이어 공기 주입기도 갖고 계시면 같이 볼 수 있을까요?,v25,,,,trade,trade,-,1:1,formal,plain
728,v25_trade_2,misdirect_v25,부적절,11,"연인: 자기 오늘 야근이야?
나: 응 ㅠㅠ 한 8시쯤 끝날 듯
연인: 고생이다 진짜 ㅠㅠ 저녁 잘 챙겨 먹어
나: 자기는 뭐 해?
연인: 나 지금 요가 갔다 와서 씻었어~
연인: 아 맞다, 토요일 전시회 예매했어! 2시 타임
나: 오 잘했어 ㅋㅋ 기대된다
연인: 끝나고 그 앞에 파스타집 가자, 저번에 못 갔던 데
나: 좋지, 거기 웨이팅 길다니까 좀 일찍 가자
연인: ㅇㅋ 1시 반까지 갈게
연인: 야근 힘내구 도착하면 연락해 💕",혹시 타이어 공기 주입기도 갖고 계시면 같이 볼 수 있을까요?,v25,,,,couple,trade,easy,1:1,casual,kakao
729,v25_couple_3,matched_v25,적절,11,"연인: 자기 오늘 야근이야?
나: 응 ㅠㅠ 한 8시쯤 끝날 듯
연인: 고생이다 진짜 ㅠㅠ 저녁 잘 챙겨 먹어
나: 자기는 뭐 해?
연인: 나 지금 요가 갔다 와서 씻었어~
연인: 아 맞다, 토요일 전시회 예매했어! 2시 타임
나: 오 잘했어 ㅋㅋ 기대된다
연인: 끝나고 그 앞에 파스타집 가자, 저번에 못 갔던 데
나: 좋지, 거기 웨이팅 길다니까 좀 일찍 가자
연인: ㅇㅋ 1시 반까지 갈게
연인: 야근 힘내구 도착하면 연락해 💕",전시회 티켓값 보냈어~ 커피는 자기가 사 ㅋㅋ,v25,,,,couple,couple,-,1:1,casual,kakao
730,v25_couple_3,misdirect_v25,부적절,10,"판매자: 안녕하세요, 자전거 문의 주셨죠?
나: 네! 혹시 구매 시기가 어떻게 되나요?
판매자: 작년 봄에 샀고 실사용은 반년 정도예요
나: 기어 변속은 문제 없나요?
판매자: 네 잘 됩니다. 체인도 한 달 전에 갈았어요
나: 직거래는 어디서 가능하세요?
판매자: 홍대입구역 근처면 다 괜찮아요
나: 그럼 토요일 오후 괜찮으실까요?
판매자: 네, 토요일 3시에 2번 출구 어떠세요?
판매자: 그리고 가격은 문의가 많아서 네고는 어려울 것 같아요",전시회 티켓값 보냈어~ 커피는 자기가 사 ㅋㅋ,v25,,,,trade,couple,easy,1:1,formal,plain
731,v25_trade_3,matched_v25,적절,10,"판매자: 안녕하세요, 자전거 문의 주셨죠?
나: 네! 혹시 구매 시기가 어떻게 되나요?
판매자: 작년 봄에 샀고 실사용은 반년 정도예요
나: 기어 변속은 문제 없나요?
판매자: 네 잘 됩니다. 체인도 한 달 전에 갈았어요
나: 직거래는 어디서 가능하세요?
판매자: 홍대입구역 근처면 다 괜찮아요
나: 그럼 토요일 오후 괜찮으실까요?
판매자: 네, 토요일 3시에 2번 출구 어떠세요?
판매자: 그리고 가격은 문의가 많아서 네고는 어려울 것 같아요",거래 전에 자전거 프레임 번호 사진 한 장만 부탁드려도 될까요?,v25,,,,trade,trade,-,1:1,formal,plain
732,v25_trade_3,misdirect_v25,부적절,11,"연인: 자기 오늘 야근이야?
나: 응 ㅠㅠ 한 8시쯤 끝날 듯
연인: 고생이다 진짜 ㅠㅠ 저녁 잘 챙겨 먹어
나: 자기는 뭐 해?
연인: 나 지금 요가 갔다 와서 씻었어~
연인: 아 맞다, 토요일 전시회 예매했어! 2시 타임
나: 오 잘했어 ㅋㅋ 기대된다
연인: 끝나고 그 앞에 파스타집 가자, 저번에 못 갔던 데
나: 좋지, 거기 웨이팅 길다니까 좀 일찍 가자
연인: ㅇㅋ 1시 반까지 갈게
연인: 야근 힘내구 도착하면 연락해 💕",거래 전에 자전거 프레임 번호 사진 한 장만 부탁드려도 될까요?,v25,,,,couple,trade,easy,1:1,casual,kakao
733,v25_couple_4,matched_v25,적절,11,"연인: 자기 오늘 야근이야?
나: 응 ㅠㅠ 한 8시쯤 끝날 듯
연인: 고생이다 진짜 ㅠㅠ 저녁 잘 챙겨 먹어
나: 자기는 뭐 해?
연인: 나 지금 요가 갔다 와서 씻었어~
연인: 아 맞다, 토요일 전시회 예매했어! 2시 타임
나: 오 잘했어 ㅋㅋ 기대된다
연인: 끝나고 그 앞에 파스타집 가자, 저번에 못 갔던 데
나: 좋지, 거기 웨이팅 길다니까 좀 일찍 가자
연인: ㅇㅋ 1시 반까지 갈게
연인: 야근 힘내구 도착하면 연락해 💕",자기야 오늘은 야근 없대!! 저녁 같이 먹을래?,v25,,,,couple,couple,-,1:1,casual,kakao
734,v25_couple_4,misdirect_v25,부적절,10,"판매자: 안녕하세요, 자전거 문의 주셨죠?
나: 네! 혹시 구매 시기가 어떻게 되나요?
판매자: 작년 봄에 샀고 실사용은 반년 정도예요
나: 기어 변속은 문제 없나요?
판매자: 네 잘 됩니다. 체인도 한 달 전에 갈았어요
나: 직거래는 어디서 가능하세요?
판매자: 홍대입구역 근처면 다 괜찮아요
나: 그럼 토요일 오후 괜찮으실까요?
판매자: 네, 토요일 3시에 2번 출구 어떠세요?
판매자: 그리고 가격은 문의가 많아서 네고는 어려울 것 같아요",자기야 오늘은 야근 없대!! 저녁 같이 먹을래?,v25,,,,trade,couple,easy,1:1,formal,plain
735,v25_trade_4,matched_v25,적절,10,"판매자: 안녕하세요, 자전거 문의 주셨죠?
나: 네! 혹시 구매 시기가 어떻게 되나요?
판매자: 작년 봄에 샀고 실사용은 반년 정도예요
나: 기어 변속은 문제 없나요?
판매자: 네 잘 됩니다. 체인도 한 달 전에 갈았어요
나: 직거래는 어디서 가능하세요?
판매자: 홍대입구역 근처면 다 괜찮아요
나: 그럼 토요일 오후 괜찮으실까요?
판매자: 네, 토요일 3시에 2번 출구 어떠세요?
판매자: 그리고 가격은 문의가 많아서 네고는 어려울 것 같아요","토요일에 비 예보가 있던데, 우천 시 거래를 일요일로 미뤄도 될까요?",v25,,,,trade,trade,-,1:1,formal,plain
736,v25_trade_4,misdirect_v25,부적절,11,"연인: 자기 오늘 야근이야?
나: 응 ㅠㅠ 한 8시쯤 끝날 듯
연인: 고생이다 진짜 ㅠㅠ 저녁 잘 챙겨 먹어
나: 자기는 뭐 해?
연인: 나 지금 요가 갔다 와서 씻었어~
연인: 아 맞다, 토요일 전시회 예매했어! 2시 타임
나: 오 잘했어 ㅋㅋ 기대된다
연인: 끝나고 그 앞에 파스타집 가자, 저번에 못 갔던 데
나: 좋지, 거기 웨이팅 길다니까 좀 일찍 가자
연인: ㅇㅋ 1시 반까지 갈게
연인: 야근 힘내구 도착하면 연락해 💕","토요일에 비 예보가 있던데, 우천 시 거래를 일요일로 미뤄도 될까요?",v25,,,,couple,trade,easy,1:1,casual,kakao
737,v25_couple_5,matched_v25,적절,11,"연인: 자기 오늘 야근이야?
나: 응 ㅠㅠ 한 8시쯤 끝날 듯
연인: 고생이다 진짜 ㅠㅠ 저녁 잘 챙겨 먹어
나: 자기는 뭐 해?
연인: 나 지금 요가 갔다 와서 씻었어~
연인: 아 맞다, 토요일 전시회 예매했어! 2시 타임
나: 오 잘했어 ㅋㅋ 기대된다
연인: 끝나고 그 앞에 파스타집 가자, 저번에 못 갔던 데
나: 좋지, 거기 웨이팅 길다니까 좀 일찍 가자
연인: ㅇㅋ 1시 반까지 갈게
연인: 야근 힘내구 도착하면 연락해 💕","토요일 1시 반 오케이, 나 미술관 앞 카페에서 기다리고 있을게",v25,,,,couple,couple,-,1:1,casual,kakao
738,v25_couple_5,misdirect_v25,부적절,10,"판매자: 안녕하세요, 자전거 문의 주셨죠?
나: 네! 혹시 구매 시기가 어떻게 되나요?
판매자: 작년 봄에 샀고 실사용은 반년 정도예요
나: 기어 변속은 문제 없나요?
판매자: 네 잘 됩니다. 체인도 한 달 전에 갈았어요
나: 직거래는 어디서 가능하세요?
판매자: 홍대입구역 근처면 다 괜찮아요
나: 그럼 토요일 오후 괜찮으실까요?
판매자: 네, 토요일 3시에 2번 출구 어떠세요?
판매자: 그리고 가격은 문의가 많아서 네고는 어려울 것 같아요","토요일 1시 반 오케이, 나 미술관 앞 카페에서 기다리고 있을게",v25,,,,trade,couple,easy,1:1,formal,plain
739,v25_trade_5,matched_v25,적절,10,"판매자: 안녕하세요, 자전거 문의 주셨죠?
나: 네! 혹시 구매 시기가 어떻게 되나요?
판매자: 작년 봄에 샀고 실사용은 반년 정도예요
나: 기어 변속은 문제 없나요?
판매자: 네 잘 됩니다. 체인도 한 달 전에 갈았어요
나: 직거래는 어디서 가능하세요?
판매자: 홍대입구역 근처면 다 괜찮아요
나: 그럼 토요일 오후 괜찮으실까요?
판매자: 네, 토요일 3시에 2번 출구 어떠세요?
판매자: 그리고 가격은 문의가 많아서 네고는 어려울 것 같아요",제가 키가 175인데 프레임 사이즈가 맞을지 안장 높이 좀 알려주세요,v25,,,,trade,trade,-,1:1,formal,plain
740,v25_trade_5,misdirect_v25,부적절,11,"연인: 자기 오늘 야근이야?
나: 응 ㅠㅠ 한 8시쯤 끝날 듯
연인: 고생이다 진짜 ㅠㅠ 저녁 잘 챙겨 먹어
나: 자기는 뭐 해?
연인: 나 지금 요가 갔다 와서 씻었어~
연인: 아 맞다, 토요일 전시회 예매했어! 2시 타임
나: 오 잘했어 ㅋㅋ 기대된다
연인: 끝나고 그 앞에 파스타집 가자, 저번에 못 갔던 데
나: 좋지, 거기 웨이팅 길다니까 좀 일찍 가자
연인: ㅇㅋ 1시 반까지 갈게
연인: 야근 힘내구 도착하면 연락해 💕",제가 키가 175인데 프레임 사이즈가 맞을지 안장 높이 좀 알려주세요,v25,,,,couple,trade,easy,1:1,casual,kakao
741,v25_couple_6,matched_v25,적절,11,"연인: 자기 오늘 야근이야?
나: 응 ㅠㅠ 한 8시쯤 끝날 듯
연인: 고생이다 진짜 ㅠㅠ 저녁 잘 챙겨 먹어
나: 자기는 뭐 해?
연인: 나 지금 요가 갔다 와서 씻었어~
연인: 아 맞다, 토요일 전시회 예매했어! 2시 타임
나: 오 잘했어 ㅋㅋ 기대된다
연인: 끝나고 그 앞에 파스타집 가자, 저번에 못 갔던 데
나: 좋지, 거기 웨이팅 길다니까 좀 일찍 가자
연인: ㅇㅋ 1시 반까지 갈게
연인: 야근 힘내구 도착하면 연락해 💕",파스타집 말고 자기 좋아하는 초밥집은 어때? 전시관에서 더 가깝던데,v25,,,,couple,couple,-,1:1,casual,kakao
742,v25_couple_6,misdirect_v25,부적절,10,"판매자: 안녕하세요, 자전거 문의 주셨죠?
나: 네! 혹시 구매 시기가 어떻게 되나요?
판매자: 작년 봄에 샀고 실사용은 반년 정도예요
나: 기어 변속은 문제 없나요?
판매자: 네 잘 됩니다. 체인도 한 달 전에 갈았어요
나: 직거래는 어디서 가능하세요?
판매자: 홍대입구역 근처면 다 괜찮아요
나: 그럼 토요일 오후 괜찮으실까요?
판매자: 네, 토요일 3시에 2번 출구 어떠세요?
판매자: 그리고 가격은 문의가 많아서 네고는 어려울 것 같아요",파스타집 말고 자기 좋아하는 초밥집은 어때? 전시관에서 더 가깝던데,v25,,,,trade,couple,easy,1:1,formal,plain
743,v25_trade_6,matched_v25,적절,10,"판매자: 안녕하세요, 자전거 문의 주셨죠?
나: 네! 혹시 구매 시기가 어떻게 되나요?
판매자: 작년 봄에 샀고 실사용은 반년 정도예요
나: 기어 변속은 문제 없나요?
판매자: 네 잘 됩니다. 체인도 한 달 전에 갈았어요
나: 직거래는 어디서 가능하세요?
판매자: 홍대입구역 근처면 다 괜찮아요
나: 그럼 토요일 오후 괜찮으실까요?
판매자: 네, 토요일 3시에 2번 출구 어떠세요?
판매자: 그리고 가격은 문의가 많아서 네고는 어려울 것 같아요","계좌이체가 편하시면 이체로 하겠습니다, 계좌 알려주세요",v25,,,,trade,trade,-,1:1,formal,plain
744,v25_trade_6,misdirect_v25,부적절,11,"연인: 자기 오늘 야근이야?
나: 응 ㅠㅠ 한 8시쯤 끝날 듯
연인: 고생이다 진짜 ㅠㅠ 저녁 잘 챙겨 먹어
나: 자기는 뭐 해?
연인: 나 지금 요가 갔다 와서 씻었어~
연인: 아 맞다, 토요일 전시회 예매했어! 2시 타임
나: 오 잘했어 ㅋㅋ 기대된다
연인: 끝나고 그 앞에 파스타집 가자, 저번에 못 갔던 데
나: 좋지, 거기 웨이팅 길다니까 좀 일찍 가자
연인: ㅇㅋ 1시 반까지 갈게
연인: 야근 힘내구 도착하면 연락해 💕","계좌이체가 편하시면 이체로 하겠습니다, 계좌 알려주세요",v25,,,,couple,trade,easy,1:1,casual,kakao
